num_demands,seed,state,demand_id,bandwidth,ip_source,ip_target,optical_source,optical_target,ip_path,optical_mapped_path,ip_link_lightpaths
2,2042,initial,d0,49,2,4,4,6,2 -> 3 -> 1 -> 5 -> 4,4 -> 9 -> 0 -> 5 -> 6,"IP 2->3 maps OPT 4->9: LP#0: 4 -> 8 -> 1 -> 5 -> 9 [slot=0-0, slots=1] | IP 3->1 maps OPT 9->0: LP#1: 9 -> 6 -> 2 -> 4 -> 0 [slot=0-0, slots=1] | IP 1->5 maps OPT 0->5: LP#2: 0 -> 4 -> 2 -> 6 -> 9 -> 5 [slot=0-0, slots=1] | IP 5->4 maps OPT 5->6: LP#3: 5 -> 7 -> 3 -> 6 [slot=0-0, slots=1]"
2,2042,initial,d1,59,4,1,6,0,4 -> 0 -> 5 -> 1,6 -> 1 -> 5 -> 0,"IP 4->0 maps OPT 6->1: LP#4: 6 -> 2 -> 7 -> 5 -> 1 [slot=1-1, slots=1] | IP 0->5 maps OPT 1->5: LP#5: 1 -> 8 -> 7 -> 3 -> 6 -> 9 -> 5 [slot=1-1, slots=1] | IP 5->1 maps OPT 5->0: LP#6: 5 -> 1 -> 8 -> 7 -> 2 -> 4 -> 0 [slot=2-2, slots=1]"
2,2042,best,d0,49,2,4,4,6,2 -> 3 -> 1 -> 5 -> 4,4 -> 9 -> 0 -> 5 -> 6,"IP 2->3 maps OPT 4->9: LP#0: 4 -> 8 -> 1 -> 5 -> 9 [slot=0-0, slots=1] | IP 3->1 maps OPT 9->0: LP#1: 9 -> 6 -> 2 -> 4 -> 0 [slot=0-0, slots=1] | IP 1->5 maps OPT 0->5: LP#2: 0 -> 4 -> 2 -> 6 -> 9 -> 5 [slot=0-0, slots=1] | IP 5->4 maps OPT 5->6: LP#3: 5 -> 7 -> 3 -> 6 [slot=0-0, slots=1]"
2,2042,best,d1,59,4,1,6,0,4 -> 0 -> 5 -> 1,6 -> 1 -> 5 -> 0,"IP 4->0 maps OPT 6->1: LP#4: 6 -> 2 -> 7 -> 5 -> 1 [slot=1-1, slots=1] | IP 0->5 maps OPT 1->5: LP#5: 1 -> 8 -> 7 -> 3 -> 6 -> 9 -> 5 [slot=1-1, slots=1] | IP 5->1 maps OPT 5->0: LP#6: 5 -> 1 -> 8 -> 7 -> 2 -> 4 -> 0 [slot=2-2, slots=1]"
2,2042,lns,d0,49,2,4,4,6,2 -> 3 -> 4,4 -> 9 -> 6,"IP 2->3 maps OPT 4->9: LP#0: 4 -> 8 -> 1 -> 5 -> 9 [slot=0-0, slots=1] | IP 3->4 maps OPT 9->6: LP#8: 9 -> 6 [slot=1-1, slots=1]"
2,2042,lns,d1,59,4,1,6,0,4 -> 3 -> 1,6 -> 9 -> 0,"IP 4->3 maps OPT 6->9: LP#7: 6 -> 9 [slot=2-2, slots=1] | IP 3->1 maps OPT 9->0: LP#1: 9 -> 6 -> 2 -> 4 -> 0 [slot=0-0, slots=1]"
4,4042,initial,d0,84,4,0,6,1,4 -> 5 -> 0,6 -> 5 -> 1,"IP 4->5 maps OPT 6->5: LP#0: 6 -> 2 -> 7 -> 5 [slot=0-0, slots=1]; LP#1: 6 -> 2 -> 7 -> 5 [slot=1-1, slots=1]; LP#2: 6 -> 3 -> 7 -> 5 [slot=2-2, slots=1] | IP 5->0 maps OPT 5->1: LP#3: 5 -> 7 -> 8 -> 1 [slot=0-0, slots=1]; LP#4: 5 -> 7 -> 8 -> 4 -> 2 -> 6 -> 1 [slot=1-1, slots=1]; LP#5: 5 -> 1 [slot=0-0, slots=1]"
4,4042,initial,d1,43,5,4,5,6,5 -> 0 -> 4,5 -> 1 -> 6,"IP 5->0 maps OPT 5->1: LP#3: 5 -> 7 -> 8 -> 1 [slot=0-0, slots=1]; LP#4: 5 -> 7 -> 8 -> 4 -> 2 -> 6 -> 1 [slot=1-1, slots=1]; LP#5: 5 -> 1 [slot=0-0, slots=1] | IP 0->4 maps OPT 1->6: LP#6: 1 -> 8 -> 4 -> 2 -> 7 -> 3 -> 6 [slot=2-2, slots=1]"
4,4042,initial,d2,92,1,0,0,1,1 -> 3 -> 4 -> 5 -> 0,0 -> 9 -> 6 -> 5 -> 1,"IP 1->3 maps OPT 0->9: LP#7: 0 -> 4 -> 2 -> 7 -> 5 -> 9 [slot=3-3, slots=1]; LP#8: 0 -> 4 -> 8 -> 7 -> 5 -> 9 [slot=4-4, slots=1] | IP 3->4 maps OPT 9->6: LP#9: 9 -> 5 -> 1 -> 6 [slot=1-1, slots=1]; LP#10: 9 -> 5 -> 7 -> 2 -> 4 -> 8 -> 1 -> 6 [slot=2-2, slots=1] | IP 4->5 maps OPT 6->5: LP#0: 6 -> 2 -> 7 -> 5 [slot=0-0, slots=1]; LP#1: 6 -> 2 -> 7 -> 5 [slot=1-1, slots=1]; LP#2: 6 -> 3 -> 7 -> 5 [slot=2-2, slots=1] | IP 5->0 maps OPT 5->1: LP#3: 5 -> 7 -> 8 -> 1 [slot=0-0, slots=1]; LP#4: 5 -> 7 -> 8 -> 4 -> 2 -> 6 -> 1 [slot=1-1, slots=1]; LP#5: 5 -> 1 [slot=0-0, slots=1]"
4,4042,initial,d3,45,5,3,5,9,5 -> 4 -> 3,5 -> 6 -> 9,"IP 5->4 maps OPT 5->6: LP#11: 5 -> 1 -> 8 -> 4 -> 2 -> 6 [slot=4-4, slots=1] | IP 4->3 maps OPT 6->9: LP#12: 6 -> 2 -> 7 -> 8 -> 1 -> 5 -> 9 [slot=5-5, slots=1]"
4,4042,best,d0,84,4,0,6,1,4 -> 5 -> 0,6 -> 5 -> 1,"IP 4->5 maps OPT 6->5: LP#0: 6 -> 2 -> 7 -> 5 [slot=0-0, slots=1]; LP#1: 6 -> 2 -> 7 -> 5 [slot=1-1, slots=1]; LP#2: 6 -> 3 -> 7 -> 5 [slot=2-2, slots=1] | IP 5->0 maps OPT 5->1: LP#3: 5 -> 7 -> 8 -> 1 [slot=0-0, slots=1]; LP#4: 5 -> 7 -> 8 -> 4 -> 2 -> 6 -> 1 [slot=1-1, slots=1]; LP#5: 5 -> 1 [slot=0-0, slots=1]"
4,4042,best,d1,43,5,4,5,6,5 -> 0 -> 4,5 -> 1 -> 6,"IP 5->0 maps OPT 5->1: LP#3: 5 -> 7 -> 8 -> 1 [slot=0-0, slots=1]; LP#4: 5 -> 7 -> 8 -> 4 -> 2 -> 6 -> 1 [slot=1-1, slots=1]; LP#5: 5 -> 1 [slot=0-0, slots=1] | IP 0->4 maps OPT 1->6: LP#6: 1 -> 8 -> 4 -> 2 -> 7 -> 3 -> 6 [slot=2-2, slots=1]"
4,4042,best,d2,92,1,0,0,1,1 -> 3 -> 4 -> 5 -> 0,0 -> 9 -> 6 -> 5 -> 1,"IP 1->3 maps OPT 0->9: LP#7: 0 -> 4 -> 2 -> 7 -> 5 -> 9 [slot=3-3, slots=1]; LP#8: 0 -> 4 -> 8 -> 7 -> 5 -> 9 [slot=4-4, slots=1] | IP 3->4 maps OPT 9->6: LP#9: 9 -> 5 -> 1 -> 6 [slot=1-1, slots=1]; LP#10: 9 -> 5 -> 7 -> 2 -> 4 -> 8 -> 1 -> 6 [slot=2-2, slots=1] | IP 4->5 maps OPT 6->5: LP#0: 6 -> 2 -> 7 -> 5 [slot=0-0, slots=1]; LP#1: 6 -> 2 -> 7 -> 5 [slot=1-1, slots=1]; LP#2: 6 -> 3 -> 7 -> 5 [slot=2-2, slots=1] | IP 5->0 maps OPT 5->1: LP#3: 5 -> 7 -> 8 -> 1 [slot=0-0, slots=1]; LP#4: 5 -> 7 -> 8 -> 4 -> 2 -> 6 -> 1 [slot=1-1, slots=1]; LP#5: 5 -> 1 [slot=0-0, slots=1]"
4,4042,best,d3,45,5,3,5,9,5 -> 4 -> 3,5 -> 6 -> 9,"IP 5->4 maps OPT 5->6: LP#11: 5 -> 1 -> 8 -> 4 -> 2 -> 6 [slot=4-4, slots=1] | IP 4->3 maps OPT 6->9: LP#12: 6 -> 2 -> 7 -> 8 -> 1 -> 5 -> 9 [slot=5-5, slots=1]"
4,4042,lns,d0,84,4,0,6,1,4 -> 0,6 -> 1,"IP 4->0 maps OPT 6->1: LP#13: 6 -> 1 [slot=0-0, slots=1]; LP#15: 6 -> 1 [slot=2-2, slots=1]"
4,4042,lns,d1,43,5,4,5,6,5 -> 0 -> 4,5 -> 1 -> 6,"IP 5->0 maps OPT 5->1: LP#3: 5 -> 7 -> 8 -> 1 [slot=0-0, slots=1]; LP#5: 5 -> 1 [slot=0-0, slots=1] | IP 0->4 maps OPT 1->6: LP#6: 1 -> 8 -> 4 -> 2 -> 7 -> 3 -> 6 [slot=2-2, slots=1]"
4,4042,lns,d2,92,1,0,0,1,1 -> 5 -> 0,0 -> 5 -> 1,"IP 1->5 maps OPT 0->5: LP#14: 0 -> 4 -> 8 -> 1 -> 5 [slot=1-1, slots=1]; LP#17: 0 -> 4 -> 8 -> 1 -> 5 [slot=6-6, slots=1] | IP 5->0 maps OPT 5->1: LP#3: 5 -> 7 -> 8 -> 1 [slot=0-0, slots=1]; LP#5: 5 -> 1 [slot=0-0, slots=1]"
4,4042,lns,d3,45,5,3,5,9,5 -> 4 -> 0 -> 3,5 -> 6 -> 1 -> 9,"IP 5->4 maps OPT 5->6: LP#11: 5 -> 1 -> 8 -> 4 -> 2 -> 6 [slot=4-4, slots=1] | IP 4->0 maps OPT 6->1: LP#13: 6 -> 1 [slot=0-0, slots=1]; LP#15: 6 -> 1 [slot=2-2, slots=1] | IP 0->3 maps OPT 1->9: LP#16: 1 -> 5 -> 9 [slot=0-0, slots=1]"
6,6042,initial,d0,20,5,1,5,0,5 -> 4 -> 0 -> 3 -> 1,5 -> 6 -> 1 -> 9 -> 0,"IP 5->4 maps OPT 5->6: LP#0: 5 -> 7 -> 8 -> 4 -> 2 -> 6 [slot=0-0, slots=1]; LP#1: 5 -> 7 -> 8 -> 4 -> 2 -> 6 [slot=1-1, slots=1] | IP 4->0 maps OPT 6->1: LP#2: 6 -> 3 -> 7 -> 8 -> 1 [slot=2-2, slots=1]; LP#3: 6 -> 3 -> 7 -> 8 -> 1 [slot=3-3, slots=1] | IP 0->3 maps OPT 1->9: LP#4: 1 -> 8 -> 7 -> 2 -> 6 -> 9 [slot=2-2, slots=1] | IP 3->1 maps OPT 9->0: LP#5: 9 -> 5 -> 7 -> 8 -> 4 -> 0 [slot=4-4, slots=1]"
6,6042,initial,d1,46,4,3,6,9,4 -> 5 -> 1 -> 3,6 -> 5 -> 0 -> 9,"IP 4->5 maps OPT 6->5: LP#6: 6 -> 1 -> 8 -> 7 -> 5 [slot=0-0, slots=1]; LP#7: 6 -> 2 -> 4 -> 8 -> 7 -> 5 [slot=1-1, slots=1] | IP 5->1 maps OPT 5->0: LP#8: 5 -> 1 -> 8 -> 7 -> 2 -> 4 -> 0 [slot=3-3, slots=1]; LP#9: 5 -> 1 -> 6 -> 2 -> 7 -> 8 -> 4 -> 0 [slot=5-5, slots=1] | IP 1->3 maps OPT 0->9: LP#10: 0 -> 4 -> 2 -> 7 -> 3 -> 6 -> 9 [slot=3-3, slots=1]; LP#11: 0 -> 4 -> 2 -> 6 -> 1 -> 5 -> 9 [slot=4-4, slots=1]"
6,6042,initial,d2,70,0,3,1,9,0 -> 5 -> 4 -> 3,1 -> 5 -> 6 -> 9,"IP 0->5 maps OPT 1->5: LP#12: 1 -> 8 -> 7 -> 5 [slot=4-4, slots=1] | IP 5->4 maps OPT 5->6: LP#0: 5 -> 7 -> 8 -> 4 -> 2 -> 6 [slot=0-0, slots=1]; LP#1: 5 -> 7 -> 8 -> 4 -> 2 -> 6 [slot=1-1, slots=1] | IP 4->3 maps OPT 6->9: LP#13: 6 -> 3 -> 7 -> 8 -> 1 -> 5 -> 9 [slot=6-6, slots=1]"
6,6042,initial,d3,35,4,0,6,1,4 -> 5 -> 1 -> 3 -> 0,6 -> 5 -> 0 -> 9 -> 1,"IP 4->5 maps OPT 6->5: LP#6: 6 -> 1 -> 8 -> 7 -> 5 [slot=0-0, slots=1]; LP#7: 6 -> 2 -> 4 -> 8 -> 7 -> 5 [slot=1-1, slots=1] | IP 5->1 maps OPT 5->0: LP#8: 5 -> 1 -> 8 -> 7 -> 2 -> 4 -> 0 [slot=3-3, slots=1]; LP#9: 5 -> 1 -> 6 -> 2 -> 7 -> 8 -> 4 -> 0 [slot=5-5, slots=1] | IP 1->3 maps OPT 0->9: LP#10: 0 -> 4 -> 2 -> 7 -> 3 -> 6 -> 9 [slot=3-3, slots=1]; LP#11: 0 -> 4 -> 2 -> 6 -> 1 -> 5 -> 9 [slot=4-4, slots=1] | IP 3->0 maps OPT 9->1: LP#14: 9 -> 6 -> 2 -> 4 -> 8 -> 1 [slot=0-0, slots=1]"
6,6042,initial,d4,78,1,0,0,1,1 -> 3 -> 4 -> 5 -> 0,0 -> 9 -> 6 -> 5 -> 1,"IP 1->3 maps OPT 0->9: LP#10: 0 -> 4 -> 2 -> 7 -> 3 -> 6 -> 9 [slot=3-3, slots=1]; LP#11: 0 -> 4 -> 2 -> 6 -> 1 -> 5 -> 9 [slot=4-4, slots=1] | IP 3->4 maps OPT 9->6: LP#15: 9 -> 5 -> 7 -> 8 -> 1 -> 6 [slot=7-7, slots=1] | IP 4->5 maps OPT 6->5: LP#6: 6 -> 1 -> 8 -> 7 -> 5 [slot=0-0, slots=1]; LP#7: 6 -> 2 -> 4 -> 8 -> 7 -> 5 [slot=1-1, slots=1] | IP 5->0 maps OPT 5->1: LP#16: 5 -> 9 -> 6 -> 3 -> 7 -> 8 -> 1 [slot=8-8, slots=1]"
6,6042,initial,d5,66,5,0,5,1,5 -> 4 -> 0,5 -> 6 -> 1,"IP 5->4 maps OPT 5->6: LP#0: 5 -> 7 -> 8 -> 4 -> 2 -> 6 [slot=0-0, slots=1]; LP#1: 5 -> 7 -> 8 -> 4 -> 2 -> 6 [slot=1-1, slots=1] | IP 4->0 maps OPT 6->1: LP#2: 6 -> 3 -> 7 -> 8 -> 1 [slot=2-2, slots=1]; LP#3: 6 -> 3 -> 7 -> 8 -> 1 [slot=3-3, slots=1]"
6,6042,best,d0,20,5,1,5,0,5 -> 1,5 -> 0,"IP 5->1 maps OPT 5->0: LP#580: 5 -> 1 -> 8 -> 4 -> 0 [slot=0-0, slots=1]"
6,6042,best,d1,46,4,3,6,9,4 -> 3,6 -> 9,"IP 4->3 maps OPT 6->9: LP#600: 6 -> 2 -> 4 -> 8 -> 1 -> 5 -> 9 [slot=3-3, slots=1]"
6,6042,best,d2,70,0,3,1,9,0 -> 3,1 -> 9,"IP 0->3 maps OPT 1->9: LP#572: 1 -> 5 -> 9 [slot=1-1, slots=1]"
6,6042,best,d3,35,4,0,6,1,4 -> 0,6 -> 1,"IP 4->0 maps OPT 6->1: LP#598: 6 -> 2 -> 7 -> 5 -> 1 [slot=2-2, slots=1]; LP#601: 6 -> 3 -> 7 -> 5 -> 1 [slot=3-3, slots=1]"
6,6042,best,d4,78,1,0,0,1,1 -> 3 -> 0,0 -> 9 -> 1,"IP 1->3 maps OPT 0->9: LP#596: 0 -> 4 -> 2 -> 6 -> 9 [slot=2-2, slots=1] | IP 3->0 maps OPT 9->1: LP#604: 9 -> 5 -> 7 -> 2 -> 6 -> 1 [slot=1-1, slots=1]"
6,6042,best,d5,66,5,0,5,1,5 -> 4 -> 0,5 -> 6 -> 1,"IP 5->4 maps OPT 5->6: LP#605: 5 -> 7 -> 2 -> 4 -> 8 -> 1 -> 6 [slot=2-2, slots=1] | IP 4->0 maps OPT 6->1: LP#598: 6 -> 2 -> 7 -> 5 -> 1 [slot=2-2, slots=1]; LP#601: 6 -> 3 -> 7 -> 5 -> 1 [slot=3-3, slots=1]"
6,6042,lns,d0,20,5,1,5,0,5 -> 1,5 -> 0,"IP 5->1 maps OPT 5->0: LP#8: 5 -> 1 -> 8 -> 7 -> 2 -> 4 -> 0 [slot=3-3, slots=1]"
6,6042,lns,d1,46,4,3,6,9,4 -> 3,6 -> 9,"IP 4->3 maps OPT 6->9: LP#13: 6 -> 3 -> 7 -> 8 -> 1 -> 5 -> 9 [slot=6-6, slots=1]"
6,6042,lns,d2,70,0,3,1,9,0 -> 3,1 -> 9,"IP 0->3 maps OPT 1->9: LP#4: 1 -> 8 -> 7 -> 2 -> 6 -> 9 [slot=2-2, slots=1]"
6,6042,lns,d3,35,4,0,6,1,4 -> 0,6 -> 1,"IP 4->0 maps OPT 6->1: LP#3: 6 -> 3 -> 7 -> 8 -> 1 [slot=3-3, slots=1]"
6,6042,lns,d4,78,1,0,0,1,1 -> 3 -> 0,0 -> 9 -> 1,"IP 1->3 maps OPT 0->9: LP#11: 0 -> 4 -> 2 -> 6 -> 1 -> 5 -> 9 [slot=4-4, slots=1] | IP 3->0 maps OPT 9->1: LP#14: 9 -> 6 -> 2 -> 4 -> 8 -> 1 [slot=0-0, slots=1]"
6,6042,lns,d5,66,5,0,5,1,5 -> 0,5 -> 1,"IP 5->0 maps OPT 5->1: LP#16: 5 -> 9 -> 6 -> 3 -> 7 -> 8 -> 1 [slot=8-8, slots=1]"
8,8042,initial,d0,48,2,3,4,9,2 -> 3,4 -> 9,"IP 2->3 maps OPT 4->9: LP#0: 4 -> 2 -> 6 -> 9 [slot=0-0, slots=1]; LP#1: 4 -> 8 -> 1 -> 5 -> 9 [slot=0-0, slots=1]; LP#2: 4 -> 8 -> 1 -> 6 -> 9 [slot=1-1, slots=1]; LP#3: 4 -> 2 -> 7 -> 8 -> 1 -> 6 -> 9 [slot=2-2, slots=1]"
8,8042,initial,d1,94,3,5,9,5,3 -> 1 -> 5,9 -> 0 -> 5,"IP 3->1 maps OPT 9->0: LP#4: 9 -> 6 -> 1 -> 8 -> 7 -> 2 -> 4 -> 0 [slot=0-0, slots=1]; LP#5: 9 -> 6 -> 3 -> 7 -> 2 -> 4 -> 0 [slot=1-1, slots=1]; LP#6: 9 -> 6 -> 3 -> 7 -> 2 -> 4 -> 0 [slot=2-2, slots=1] | IP 1->5 maps OPT 0->5: LP#7: 0 -> 4 -> 2 -> 7 -> 3 -> 6 -> 1 -> 5 [slot=1-1, slots=1]; LP#8: 0 -> 4 -> 8 -> 1 -> 5 [slot=3-3, slots=1]"
8,8042,initial,d2,88,2,3,4,9,2 -> 3,4 -> 9,"IP 2->3 maps OPT 4->9: LP#0: 4 -> 2 -> 6 -> 9 [slot=0-0, slots=1]; LP#1: 4 -> 8 -> 1 -> 5 -> 9 [slot=0-0, slots=1]; LP#2: 4 -> 8 -> 1 -> 6 -> 9 [slot=1-1, slots=1]; LP#3: 4 -> 2 -> 7 -> 8 -> 1 -> 6 -> 9 [slot=2-2, slots=1]"
8,8042,initial,d3,47,1,5,0,5,1 -> 3 -> 4 -> 5,0 -> 9 -> 6 -> 5,"IP 1->3 maps OPT 0->9: LP#9: 0 -> 4 -> 8 -> 1 -> 6 -> 9 [slot=4-4, slots=1] | IP 3->4 maps OPT 9->6: LP#10: 9 -> 5 -> 7 -> 8 -> 1 -> 6 [slot=5-5, slots=1]; LP#11: 9 -> 6 [slot=3-3, slots=1] | IP 4->5 maps OPT 6->5: LP#12: 6 -> 3 -> 7 -> 5 [slot=0-0, slots=1]; LP#13: 6 -> 2 -> 7 -> 5 [slot=3-3, slots=1]; LP#14: 6 -> 3 -> 7 -> 5 [slot=4-4, slots=1]"
8,8042,initial,d4,77,2,1,4,0,2 -> 3 -> 1,4 -> 9 -> 0,"IP 2->3 maps OPT 4->9: LP#0: 4 -> 2 -> 6 -> 9 [slot=0-0, slots=1]; LP#1: 4 -> 8 -> 1 -> 5 -> 9 [slot=0-0, slots=1]; LP#2: 4 -> 8 -> 1 -> 6 -> 9 [slot=1-1, slots=1]; LP#3: 4 -> 2 -> 7 -> 8 -> 1 -> 6 -> 9 [slot=2-2, slots=1] | IP 3->1 maps OPT 9->0: LP#4: 9 -> 6 -> 1 -> 8 -> 7 -> 2 -> 4 -> 0 [slot=0-0, slots=1]; LP#5: 9 -> 6 -> 3 -> 7 -> 2 -> 4 -> 0 [slot=1-1, slots=1]; LP#6: 9 -> 6 -> 3 -> 7 -> 2 -> 4 -> 0 [slot=2-2, slots=1]"
8,8042,initial,d5,86,5,3,5,9,5 -> 4 -> 3,5 -> 6 -> 9,"IP 5->4 maps OPT 5->6: LP#15: 5 -> 7 -> 2 -> 6 [slot=3-3, slots=1]; LP#16: 5 -> 7 -> 2 -> 6 [slot=4-4, slots=1] | IP 4->3 maps OPT 6->9: LP#17: 6 -> 1 -> 8 -> 4 -> 2 -> 7 -> 5 -> 9 [slot=5-5, slots=1]; LP#18: 6 -> 2 -> 4 -> 8 -> 1 -> 5 -> 9 [slot=6-6, slots=1]"
8,8042,initial,d6,94,2,5,4,5,2 -> 3 -> 4 -> 5,4 -> 9 -> 6 -> 5,"IP 2->3 maps OPT 4->9: LP#0: 4 -> 2 -> 6 -> 9 [slot=0-0, slots=1]; LP#1: 4 -> 8 -> 1 -> 5 -> 9 [slot=0-0, slots=1]; LP#2: 4 -> 8 -> 1 -> 6 -> 9 [slot=1-1, slots=1]; LP#3: 4 -> 2 -> 7 -> 8 -> 1 -> 6 -> 9 [slot=2-2, slots=1] | IP 3->4 maps OPT 9->6: LP#10: 9 -> 5 -> 7 -> 8 -> 1 -> 6 [slot=5-5, slots=1]; LP#11: 9 -> 6 [slot=3-3, slots=1] | IP 4->5 maps OPT 6->5: LP#12: 6 -> 3 -> 7 -> 5 [slot=0-0, slots=1]; LP#13: 6 -> 2 -> 7 -> 5 [slot=3-3, slots=1]; LP#14: 6 -> 3 -> 7 -> 5 [slot=4-4, slots=1]"
8,8042,initial,d7,35,4,3,6,9,4 -> 5 -> 0 -> 3,6 -> 5 -> 1 -> 9,"IP 4->5 maps OPT 6->5: LP#12: 6 -> 3 -> 7 -> 5 [slot=0-0, slots=1]; LP#13: 6 -> 2 -> 7 -> 5 [slot=3-3, slots=1]; LP#14: 6 -> 3 -> 7 -> 5 [slot=4-4, slots=1] | IP 5->0 maps OPT 5->1: LP#19: 5 -> 9 -> 6 -> 3 -> 7 -> 8 -> 1 [slot=7-7, slots=1] | IP 0->3 maps OPT 1->9: LP#20: 1 -> 8 -> 7 -> 5 -> 9 [slot=1-1, slots=1]"
8,8042,best,d0,48,2,3,4,9,2 -> 3,4 -> 9,"IP 2->3 maps OPT 4->9: LP#2354: 4 -> 8 -> 7 -> 5 -> 9 [slot=1-1, slots=1]; LP#2376: 4 -> 8 -> 1 -> 6 -> 9 [slot=2-2, slots=1]; LP#2399: 4 -> 2 -> 7 -> 8 -> 1 -> 5 -> 9 [slot=9-9, slots=1]; LP#2401: 4 -> 2 -> 6 -> 9 [slot=0-0, slots=1]"
8,8042,best,d1,94,3,5,9,5,3 -> 1 -> 5,9 -> 0 -> 5,"IP 3->1 maps OPT 9->0: LP#2344: 9 -> 6 -> 2 -> 4 -> 0 [slot=2-2, slots=1]; LP#2370: 9 -> 5 -> 1 -> 6 -> 2 -> 4 -> 0 [slot=4-4, slots=1]; LP#2387: 9 -> 6 -> 2 -> 4 -> 0 [slot=3-3, slots=1]; LP#2390: 9 -> 6 -> 3 -> 7 -> 2 -> 4 -> 0 [slot=1-1, slots=1] | IP 1->5 maps OPT 0->5: LP#2348: 0 -> 4 -> 8 -> 1 -> 5 [slot=4-4, slots=1]; LP#2381: 0 -> 4 -> 8 -> 1 -> 5 [slot=3-3, slots=1]; LP#2406: 0 -> 4 -> 8 -> 1 -> 5 [slot=0-0, slots=1]"
8,8042,best,d2,88,2,3,4,9,2 -> 3,4 -> 9,"IP 2->3 maps OPT 4->9: LP#2354: 4 -> 8 -> 7 -> 5 -> 9 [slot=1-1, slots=1]; LP#2376: 4 -> 8 -> 1 -> 6 -> 9 [slot=2-2, slots=1]; LP#2399: 4 -> 2 -> 7 -> 8 -> 1 -> 5 -> 9 [slot=9-9, slots=1]; LP#2401: 4 -> 2 -> 6 -> 9 [slot=0-0, slots=1]"
8,8042,best,d3,47,1,5,0,5,1 -> 5,0 -> 5,"IP 1->5 maps OPT 0->5: LP#2348: 0 -> 4 -> 8 -> 1 -> 5 [slot=4-4, slots=1]; LP#2381: 0 -> 4 -> 8 -> 1 -> 5 [slot=3-3, slots=1]; LP#2406: 0 -> 4 -> 8 -> 1 -> 5 [slot=0-0, slots=1]"
8,8042,best,d4,77,2,1,4,0,2 -> 3 -> 1,4 -> 9 -> 0,"IP 2->3 maps OPT 4->9: LP#2354: 4 -> 8 -> 7 -> 5 -> 9 [slot=1-1, slots=1]; LP#2376: 4 -> 8 -> 1 -> 6 -> 9 [slot=2-2, slots=1]; LP#2399: 4 -> 2 -> 7 -> 8 -> 1 -> 5 -> 9 [slot=9-9, slots=1]; LP#2401: 4 -> 2 -> 6 -> 9 [slot=0-0, slots=1] | IP 3->1 maps OPT 9->0: LP#2344: 9 -> 6 -> 2 -> 4 -> 0 [slot=2-2, slots=1]; LP#2370: 9 -> 5 -> 1 -> 6 -> 2 -> 4 -> 0 [slot=4-4, slots=1]; LP#2387: 9 -> 6 -> 2 -> 4 -> 0 [slot=3-3, slots=1]; LP#2390: 9 -> 6 -> 3 -> 7 -> 2 -> 4 -> 0 [slot=1-1, slots=1]"
8,8042,best,d5,86,5,3,5,9,5 -> 4 -> 3,5 -> 6 -> 9,"IP 5->4 maps OPT 5->6: LP#2402: 5 -> 1 -> 8 -> 7 -> 2 -> 6 [slot=7-7, slots=1]; LP#2405: 5 -> 1 -> 8 -> 4 -> 2 -> 6 [slot=1-1, slots=1] | IP 4->3 maps OPT 6->9: LP#2369: 6 -> 1 -> 8 -> 4 -> 2 -> 7 -> 5 -> 9 [slot=2-2, slots=1]; LP#2400: 6 -> 2 -> 7 -> 5 -> 9 [slot=5-5, slots=1]"
8,8042,best,d6,94,2,5,4,5,2 -> 3 -> 1 -> 5,4 -> 9 -> 0 -> 5,"IP 2->3 maps OPT 4->9: LP#2354: 4 -> 8 -> 7 -> 5 -> 9 [slot=1-1, slots=1]; LP#2376: 4 -> 8 -> 1 -> 6 -> 9 [slot=2-2, slots=1]; LP#2399: 4 -> 2 -> 7 -> 8 -> 1 -> 5 -> 9 [slot=9-9, slots=1]; LP#2401: 4 -> 2 -> 6 -> 9 [slot=0-0, slots=1] | IP 3->1 maps OPT 9->0: LP#2344: 9 -> 6 -> 2 -> 4 -> 0 [slot=2-2, slots=1]; LP#2370: 9 -> 5 -> 1 -> 6 -> 2 -> 4 -> 0 [slot=4-4, slots=1]; LP#2387: 9 -> 6 -> 2 -> 4 -> 0 [slot=3-3, slots=1]; LP#2390: 9 -> 6 -> 3 -> 7 -> 2 -> 4 -> 0 [slot=1-1, slots=1] | IP 1->5 maps OPT 0->5: LP#2348: 0 -> 4 -> 8 -> 1 -> 5 [slot=4-4, slots=1]; LP#2381: 0 -> 4 -> 8 -> 1 -> 5 [slot=3-3, slots=1]; LP#2406: 0 -> 4 -> 8 -> 1 -> 5 [slot=0-0, slots=1]"
8,8042,best,d7,35,4,3,6,9,4 -> 3,6 -> 9,"IP 4->3 maps OPT 6->9: LP#2369: 6 -> 1 -> 8 -> 4 -> 2 -> 7 -> 5 -> 9 [slot=2-2, slots=1]; LP#2400: 6 -> 2 -> 7 -> 5 -> 9 [slot=5-5, slots=1]"
8,8042,lns,d0,48,2,3,4,9,2 -> 3,4 -> 9,"IP 2->3 maps OPT 4->9: LP#0: 4 -> 2 -> 6 -> 9 [slot=0-0, slots=1]; LP#1: 4 -> 8 -> 1 -> 5 -> 9 [slot=0-0, slots=1]; LP#2: 4 -> 8 -> 1 -> 6 -> 9 [slot=1-1, slots=1]; LP#3: 4 -> 2 -> 7 -> 8 -> 1 -> 6 -> 9 [slot=2-2, slots=1]"
8,8042,lns,d1,94,3,5,9,5,3 -> 1 -> 5,9 -> 0 -> 5,"IP 3->1 maps OPT 9->0: LP#4: 9 -> 6 -> 1 -> 8 -> 7 -> 2 -> 4 -> 0 [slot=0-0, slots=1]; LP#5: 9 -> 6 -> 3 -> 7 -> 2 -> 4 -> 0 [slot=1-1, slots=1]; LP#6: 9 -> 6 -> 3 -> 7 -> 2 -> 4 -> 0 [slot=2-2, slots=1]; LP#22: 9 -> 6 -> 2 -> 4 -> 0 [slot=4-4, slots=1] | IP 1->5 maps OPT 0->5: LP#7: 0 -> 4 -> 2 -> 7 -> 3 -> 6 -> 1 -> 5 [slot=1-1, slots=1]; LP#8: 0 -> 4 -> 8 -> 1 -> 5 [slot=3-3, slots=1]; LP#21: 0 -> 4 -> 8 -> 1 -> 5 [slot=8-8, slots=1]"
8,8042,lns,d2,88,2,3,4,9,2 -> 3,4 -> 9,"IP 2->3 maps OPT 4->9: LP#0: 4 -> 2 -> 6 -> 9 [slot=0-0, slots=1]; LP#1: 4 -> 8 -> 1 -> 5 -> 9 [slot=0-0, slots=1]; LP#2: 4 -> 8 -> 1 -> 6 -> 9 [slot=1-1, slots=1]; LP#3: 4 -> 2 -> 7 -> 8 -> 1 -> 6 -> 9 [slot=2-2, slots=1]"
8,8042,lns,d3,47,1,5,0,5,1 -> 5,0 -> 5,"IP 1->5 maps OPT 0->5: LP#7: 0 -> 4 -> 2 -> 7 -> 3 -> 6 -> 1 -> 5 [slot=1-1, slots=1]; LP#8: 0 -> 4 -> 8 -> 1 -> 5 [slot=3-3, slots=1]; LP#21: 0 -> 4 -> 8 -> 1 -> 5 [slot=8-8, slots=1]"
8,8042,lns,d4,77,2,1,4,0,2 -> 3 -> 1,4 -> 9 -> 0,"IP 2->3 maps OPT 4->9: LP#0: 4 -> 2 -> 6 -> 9 [slot=0-0, slots=1]; LP#1: 4 -> 8 -> 1 -> 5 -> 9 [slot=0-0, slots=1]; LP#2: 4 -> 8 -> 1 -> 6 -> 9 [slot=1-1, slots=1]; LP#3: 4 -> 2 -> 7 -> 8 -> 1 -> 6 -> 9 [slot=2-2, slots=1] | IP 3->1 maps OPT 9->0: LP#4: 9 -> 6 -> 1 -> 8 -> 7 -> 2 -> 4 -> 0 [slot=0-0, slots=1]; LP#5: 9 -> 6 -> 3 -> 7 -> 2 -> 4 -> 0 [slot=1-1, slots=1]; LP#6: 9 -> 6 -> 3 -> 7 -> 2 -> 4 -> 0 [slot=2-2, slots=1]; LP#22: 9 -> 6 -> 2 -> 4 -> 0 [slot=4-4, slots=1]"
8,8042,lns,d5,86,5,3,5,9,5 -> 4 -> 3,5 -> 6 -> 9,"IP 5->4 maps OPT 5->6: LP#15: 5 -> 7 -> 2 -> 6 [slot=3-3, slots=1]; LP#16: 5 -> 7 -> 2 -> 6 [slot=4-4, slots=1] | IP 4->3 maps OPT 6->9: LP#17: 6 -> 1 -> 8 -> 4 -> 2 -> 7 -> 5 -> 9 [slot=5-5, slots=1]; LP#18: 6 -> 2 -> 4 -> 8 -> 1 -> 5 -> 9 [slot=6-6, slots=1]"
8,8042,lns,d6,94,2,5,4,5,2 -> 3 -> 1 -> 5,4 -> 9 -> 0 -> 5,"IP 2->3 maps OPT 4->9: LP#0: 4 -> 2 -> 6 -> 9 [slot=0-0, slots=1]; LP#1: 4 -> 8 -> 1 -> 5 -> 9 [slot=0-0, slots=1]; LP#2: 4 -> 8 -> 1 -> 6 -> 9 [slot=1-1, slots=1]; LP#3: 4 -> 2 -> 7 -> 8 -> 1 -> 6 -> 9 [slot=2-2, slots=1] | IP 3->1 maps OPT 9->0: LP#4: 9 -> 6 -> 1 -> 8 -> 7 -> 2 -> 4 -> 0 [slot=0-0, slots=1]; LP#5: 9 -> 6 -> 3 -> 7 -> 2 -> 4 -> 0 [slot=1-1, slots=1]; LP#6: 9 -> 6 -> 3 -> 7 -> 2 -> 4 -> 0 [slot=2-2, slots=1]; LP#22: 9 -> 6 -> 2 -> 4 -> 0 [slot=4-4, slots=1] | IP 1->5 maps OPT 0->5: LP#7: 0 -> 4 -> 2 -> 7 -> 3 -> 6 -> 1 -> 5 [slot=1-1, slots=1]; LP#8: 0 -> 4 -> 8 -> 1 -> 5 [slot=3-3, slots=1]; LP#21: 0 -> 4 -> 8 -> 1 -> 5 [slot=8-8, slots=1]"
8,8042,lns,d7,35,4,3,6,9,4 -> 3,6 -> 9,"IP 4->3 maps OPT 6->9: LP#17: 6 -> 1 -> 8 -> 4 -> 2 -> 7 -> 5 -> 9 [slot=5-5, slots=1]; LP#18: 6 -> 2 -> 4 -> 8 -> 1 -> 5 -> 9 [slot=6-6, slots=1]"
10,10042,initial,d0,51,2,3,4,9,2 -> 3,4 -> 9,"IP 2->3 maps OPT 4->9: LP#0: 4 -> 2 -> 7 -> 3 -> 6 -> 9 [slot=0-0, slots=1]; LP#1: 4 -> 2 -> 7 -> 5 -> 9 [slot=1-1, slots=1]; LP#2: 4 -> 8 -> 7 -> 5 -> 9 [slot=0-0, slots=1]; LP#3: 4 -> 8 -> 1 -> 5 -> 9 [slot=2-2, slots=1]"
10,10042,initial,d1,100,2,3,4,9,2 -> 3,4 -> 9,"IP 2->3 maps OPT 4->9: LP#0: 4 -> 2 -> 7 -> 3 -> 6 -> 9 [slot=0-0, slots=1]; LP#1: 4 -> 2 -> 7 -> 5 -> 9 [slot=1-1, slots=1]; LP#2: 4 -> 8 -> 7 -> 5 -> 9 [slot=0-0, slots=1]; LP#3: 4 -> 8 -> 1 -> 5 -> 9 [slot=2-2, slots=1]"
10,10042,initial,d2,84,2,1,4,0,2 -> 3 -> 4 -> 0 -> 5 -> 1,4 -> 9 -> 6 -> 1 -> 5 -> 0,"IP 2->3 maps OPT 4->9: LP#0: 4 -> 2 -> 7 -> 3 -> 6 -> 9 [slot=0-0, slots=1]; LP#1: 4 -> 2 -> 7 -> 5 -> 9 [slot=1-1, slots=1]; LP#2: 4 -> 8 -> 7 -> 5 -> 9 [slot=0-0, slots=1]; LP#3: 4 -> 8 -> 1 -> 5 -> 9 [slot=2-2, slots=1] | IP 3->4 maps OPT 9->6: LP#4: 9 -> 5 -> 7 -> 3 -> 6 [slot=1-1, slots=1]; LP#5: 9 -> 5 -> 1 -> 8 -> 7 -> 3 -> 6 [slot=2-2, slots=1] | IP 4->0 maps OPT 6->1: LP#6: 6 -> 1 [slot=0-0, slots=1]; LP#7: 6 -> 1 [slot=1-1, slots=1]; LP#8: 6 -> 9 -> 5 -> 1 [slot=3-3, slots=1]; LP#9: 6 -> 2 -> 4 -> 8 -> 7 -> 5 -> 1 [slot=4-4, slots=1] | IP 0->5 maps OPT 1->5: LP#10: 1 -> 8 -> 7 -> 2 -> 6 -> 9 -> 5 [slot=5-5, slots=1]; LP#11: 1 -> 6 -> 3 -> 7 -> 5 [slot=2-2, slots=1]; LP#12: 1 -> 8 -> 7 -> 5 [slot=3-3, slots=1]; LP#13: 1 -> 8 -> 7 -> 2 -> 6 -> 9 -> 5 [slot=6-6, slots=1] | IP 5->1 maps OPT 5->0: LP#14: 5 -> 1 -> 6 -> 3 -> 7 -> 2 -> 4 -> 0 [slot=0-0, slots=1]; LP#15: 5 -> 7 -> 8 -> 4 -> 0 [slot=2-2, slots=1]; LP#16: 5 -> 1 -> 6 -> 3 -> 7 -> 8 -> 4 -> 0 [slot=1-1, slots=1]"
10,10042,initial,d3,42,4,0,6,1,4 -> 0,6 -> 1,"IP 4->0 maps OPT 6->1: LP#6: 6 -> 1 [slot=0-0, slots=1]; LP#7: 6 -> 1 [slot=1-1, slots=1]; LP#8: 6 -> 9 -> 5 -> 1 [slot=3-3, slots=1]; LP#9: 6 -> 2 -> 4 -> 8 -> 7 -> 5 -> 1 [slot=4-4, slots=1]"
10,10042,initial,d4,100,4,1,6,0,4 -> 0 -> 5 -> 1,6 -> 1 -> 5 -> 0,"IP 4->0 maps OPT 6->1: LP#6: 6 -> 1 [slot=0-0, slots=1]; LP#7: 6 -> 1 [slot=1-1, slots=1]; LP#8: 6 -> 9 -> 5 -> 1 [slot=3-3, slots=1]; LP#9: 6 -> 2 -> 4 -> 8 -> 7 -> 5 -> 1 [slot=4-4, slots=1] | IP 0->5 maps OPT 1->5: LP#10: 1 -> 8 -> 7 -> 2 -> 6 -> 9 -> 5 [slot=5-5, slots=1]; LP#11: 1 -> 6 -> 3 -> 7 -> 5 [slot=2-2, slots=1]; LP#12: 1 -> 8 -> 7 -> 5 [slot=3-3, slots=1]; LP#13: 1 -> 8 -> 7 -> 2 -> 6 -> 9 -> 5 [slot=6-6, slots=1] | IP 5->1 maps OPT 5->0: LP#14: 5 -> 1 -> 6 -> 3 -> 7 -> 2 -> 4 -> 0 [slot=0-0, slots=1]; LP#15: 5 -> 7 -> 8 -> 4 -> 0 [slot=2-2, slots=1]; LP#16: 5 -> 1 -> 6 -> 3 -> 7 -> 8 -> 4 -> 0 [slot=1-1, slots=1]"
10,10042,initial,d5,77,0,3,1,9,0 -> 5 -> 4 -> 3,1 -> 5 -> 6 -> 9,"IP 0->5 maps OPT 1->5: LP#10: 1 -> 8 -> 7 -> 2 -> 6 -> 9 -> 5 [slot=5-5, slots=1]; LP#11: 1 -> 6 -> 3 -> 7 -> 5 [slot=2-2, slots=1]; LP#12: 1 -> 8 -> 7 -> 5 [slot=3-3, slots=1]; LP#13: 1 -> 8 -> 7 -> 2 -> 6 -> 9 -> 5 [slot=6-6, slots=1] | IP 5->4 maps OPT 5->6: LP#17: 5 -> 1 -> 6 [slot=5-5, slots=1]; LP#18: 5 -> 7 -> 2 -> 4 -> 8 -> 1 -> 6 [slot=3-3, slots=1]; LP#19: 5 -> 7 -> 3 -> 6 [slot=4-4, slots=1] | IP 4->3 maps OPT 6->9: LP#20: 6 -> 1 -> 8 -> 4 -> 2 -> 7 -> 5 -> 9 [slot=7-7, slots=1]"
10,10042,initial,d6,80,1,4,0,6,1 -> 5 -> 4,0 -> 5 -> 6,"IP 1->5 maps OPT 0->5: LP#21: 0 -> 4 -> 2 -> 7 -> 5 [slot=5-5, slots=1] | IP 5->4 maps OPT 5->6: LP#17: 5 -> 1 -> 6 [slot=5-5, slots=1]; LP#18: 5 -> 7 -> 2 -> 4 -> 8 -> 1 -> 6 [slot=3-3, slots=1]; LP#19: 5 -> 7 -> 3 -> 6 [slot=4-4, slots=1]"
10,10042,initial,d7,83,5,0,5,1,5 -> 4 -> 0,5 -> 6 -> 1,"IP 5->4 maps OPT 5->6: LP#17: 5 -> 1 -> 6 [slot=5-5, slots=1]; LP#18: 5 -> 7 -> 2 -> 4 -> 8 -> 1 -> 6 [slot=3-3, slots=1]; LP#19: 5 -> 7 -> 3 -> 6 [slot=4-4, slots=1] | IP 4->0 maps OPT 6->1: LP#6: 6 -> 1 [slot=0-0, slots=1]; LP#7: 6 -> 1 [slot=1-1, slots=1]; LP#8: 6 -> 9 -> 5 -> 1 [slot=3-3, slots=1]; LP#9: 6 -> 2 -> 4 -> 8 -> 7 -> 5 -> 1 [slot=4-4, slots=1]"
10,10042,initial,d8,55,2,1,4,0,2 -> 3 -> 0 -> 4 -> 5 -> 1,4 -> 9 -> 1 -> 6 -> 5 -> 0,"IP 2->3 maps OPT 4->9: LP#0: 4 -> 2 -> 7 -> 3 -> 6 -> 9 [slot=0-0, slots=1]; LP#1: 4 -> 2 -> 7 -> 5 -> 9 [slot=1-1, slots=1]; LP#2: 4 -> 8 -> 7 -> 5 -> 9 [slot=0-0, slots=1]; LP#3: 4 -> 8 -> 1 -> 5 -> 9 [slot=2-2, slots=1] | IP 3->0 maps OPT 9->1: LP#22: 9 -> 6 -> 3 -> 7 -> 8 -> 1 [slot=4-4, slots=1] | IP 0->4 maps OPT 1->6: LP#23: 1 -> 5 -> 9 -> 6 [slot=3-3, slots=1] | IP 4->5 maps OPT 6->5: LP#24: 6 -> 2 -> 4 -> 8 -> 1 -> 5 [slot=1-1, slots=1] | IP 5->1 maps OPT 5->0: LP#14: 5 -> 1 -> 6 -> 3 -> 7 -> 2 -> 4 -> 0 [slot=0-0, slots=1]; LP#15: 5 -> 7 -> 8 -> 4 -> 0 [slot=2-2, slots=1]; LP#16: 5 -> 1 -> 6 -> 3 -> 7 -> 8 -> 4 -> 0 [slot=1-1, slots=1]"
10,10042,initial,d9,58,5,1,5,0,5 -> 0 -> 3 -> 1,5 -> 1 -> 9 -> 0,"IP 5->0 maps OPT 5->1: LP#25: 5 -> 7 -> 2 -> 4 -> 8 -> 1 [slot=7-7, slots=1] | IP 0->3 maps OPT 1->9: LP#26: 1 -> 8 -> 4 -> 2 -> 6 -> 9 [slot=4-4, slots=1] | IP 3->1 maps OPT 9->0: LP#27: 9 -> 6 -> 1 -> 8 -> 7 -> 2 -> 4 -> 0 [slot=8-8, slots=1]"
10,10042,best,d0,51,2,3,4,9,2 -> 3,4 -> 9,"IP 2->3 maps OPT 4->9: LP#1301: 4 -> 8 -> 7 -> 5 -> 9 [slot=0-0, slots=1]; LP#1307: 4 -> 8 -> 1 -> 5 -> 9 [slot=2-2, slots=1]; LP#1314: 4 -> 8 -> 7 -> 5 -> 9 [slot=4-4, slots=1]; LP#1322: 4 -> 2 -> 7 -> 5 -> 9 [slot=1-1, slots=1]"
10,10042,best,d1,100,2,3,4,9,2 -> 3,4 -> 9,"IP 2->3 maps OPT 4->9: LP#1301: 4 -> 8 -> 7 -> 5 -> 9 [slot=0-0, slots=1]; LP#1307: 4 -> 8 -> 1 -> 5 -> 9 [slot=2-2, slots=1]; LP#1314: 4 -> 8 -> 7 -> 5 -> 9 [slot=4-4, slots=1]; LP#1322: 4 -> 2 -> 7 -> 5 -> 9 [slot=1-1, slots=1]"
10,10042,best,d2,84,2,1,4,0,2 -> 3 -> 1,4 -> 9 -> 0,"IP 2->3 maps OPT 4->9: LP#1301: 4 -> 8 -> 7 -> 5 -> 9 [slot=0-0, slots=1]; LP#1307: 4 -> 8 -> 1 -> 5 -> 9 [slot=2-2, slots=1]; LP#1314: 4 -> 8 -> 7 -> 5 -> 9 [slot=4-4, slots=1]; LP#1322: 4 -> 2 -> 7 -> 5 -> 9 [slot=1-1, slots=1] | IP 3->1 maps OPT 9->0: LP#1309: 9 -> 5 -> 1 -> 8 -> 4 -> 0 [slot=9-9, slots=1]; LP#1312: 9 -> 6 -> 2 -> 4 -> 0 [slot=3-3, slots=1]"
10,10042,best,d3,42,4,0,6,1,4 -> 0,6 -> 1,"IP 4->0 maps OPT 6->1: LP#1298: 6 -> 1 [slot=0-0, slots=1]; LP#1316: 6 -> 3 -> 7 -> 8 -> 1 [slot=1-1, slots=1]; LP#1323: 6 -> 3 -> 7 -> 8 -> 1 [slot=0-0, slots=1]"
10,10042,best,d4,100,4,1,6,0,4 -> 0 -> 5 -> 1,6 -> 1 -> 5 -> 0,"IP 4->0 maps OPT 6->1: LP#1298: 6 -> 1 [slot=0-0, slots=1]; LP#1316: 6 -> 3 -> 7 -> 8 -> 1 [slot=1-1, slots=1]; LP#1323: 6 -> 3 -> 7 -> 8 -> 1 [slot=0-0, slots=1] | IP 0->5 maps OPT 1->5: LP#1281: 1 -> 8 -> 4 -> 2 -> 6 -> 9 -> 5 [slot=3-3, slots=1]; LP#1300: 1 -> 8 -> 4 -> 2 -> 6 -> 9 -> 5 [slot=6-6, slots=1] | IP 5->1 maps OPT 5->0: LP#1285: 5 -> 7 -> 2 -> 4 -> 0 [slot=5-5, slots=1]; LP#1293: 5 -> 1 -> 6 -> 3 -> 7 -> 2 -> 4 -> 0 [slot=6-6, slots=1]"
10,10042,best,d5,77,0,3,1,9,0 -> 3,1 -> 9,"IP 0->3 maps OPT 1->9: LP#1304: 1 -> 5 -> 9 [slot=3-3, slots=1]"
10,10042,best,d6,80,1,4,0,6,1 -> 5 -> 4,0 -> 5 -> 6,"IP 1->5 maps OPT 0->5: LP#1167: 0 -> 4 -> 2 -> 7 -> 5 [slot=5-5, slots=1] | IP 5->4 maps OPT 5->6: LP#1276: 5 -> 1 -> 6 [slot=5-5, slots=1]; LP#1308: 5 -> 7 -> 3 -> 6 [slot=0-0, slots=1]; LP#1318: 5 -> 1 -> 6 [slot=1-1, slots=1]"
10,10042,best,d7,83,5,0,5,1,5 -> 4 -> 0,5 -> 6 -> 1,"IP 5->4 maps OPT 5->6: LP#1276: 5 -> 1 -> 6 [slot=5-5, slots=1]; LP#1308: 5 -> 7 -> 3 -> 6 [slot=0-0, slots=1]; LP#1318: 5 -> 1 -> 6 [slot=1-1, slots=1] | IP 4->0 maps OPT 6->1: LP#1298: 6 -> 1 [slot=0-0, slots=1]; LP#1316: 6 -> 3 -> 7 -> 8 -> 1 [slot=1-1, slots=1]; LP#1323: 6 -> 3 -> 7 -> 8 -> 1 [slot=0-0, slots=1]"
10,10042,best,d8,55,2,1,4,0,2 -> 3 -> 1,4 -> 9 -> 0,"IP 2->3 maps OPT 4->9: LP#1301: 4 -> 8 -> 7 -> 5 -> 9 [slot=0-0, slots=1]; LP#1307: 4 -> 8 -> 1 -> 5 -> 9 [slot=2-2, slots=1]; LP#1314: 4 -> 8 -> 7 -> 5 -> 9 [slot=4-4, slots=1]; LP#1322: 4 -> 2 -> 7 -> 5 -> 9 [slot=1-1, slots=1] | IP 3->1 maps OPT 9->0: LP#1309: 9 -> 5 -> 1 -> 8 -> 4 -> 0 [slot=9-9, slots=1]; LP#1312: 9 -> 6 -> 2 -> 4 -> 0 [slot=3-3, slots=1]"
10,10042,best,d9,58,5,1,5,0,5 -> 1,5 -> 0,"IP 5->1 maps OPT 5->0: LP#1285: 5 -> 7 -> 2 -> 4 -> 0 [slot=5-5, slots=1]; LP#1293: 5 -> 1 -> 6 -> 3 -> 7 -> 2 -> 4 -> 0 [slot=6-6, slots=1]"
10,10042,lns,d0,51,2,3,4,9,2 -> 3,4 -> 9,"IP 2->3 maps OPT 4->9: LP#0: 4 -> 2 -> 7 -> 3 -> 6 -> 9 [slot=0-0, slots=1]; LP#1: 4 -> 2 -> 7 -> 5 -> 9 [slot=1-1, slots=1]; LP#2: 4 -> 8 -> 7 -> 5 -> 9 [slot=0-0, slots=1]; LP#3: 4 -> 8 -> 1 -> 5 -> 9 [slot=2-2, slots=1]"
10,10042,lns,d1,100,2,3,4,9,2 -> 3,4 -> 9,"IP 2->3 maps OPT 4->9: LP#0: 4 -> 2 -> 7 -> 3 -> 6 -> 9 [slot=0-0, slots=1]; LP#1: 4 -> 2 -> 7 -> 5 -> 9 [slot=1-1, slots=1]; LP#2: 4 -> 8 -> 7 -> 5 -> 9 [slot=0-0, slots=1]; LP#3: 4 -> 8 -> 1 -> 5 -> 9 [slot=2-2, slots=1]"
10,10042,lns,d2,84,2,1,4,0,2 -> 3 -> 1,4 -> 9 -> 0,"IP 2->3 maps OPT 4->9: LP#0: 4 -> 2 -> 7 -> 3 -> 6 -> 9 [slot=0-0, slots=1]; LP#1: 4 -> 2 -> 7 -> 5 -> 9 [slot=1-1, slots=1]; LP#2: 4 -> 8 -> 7 -> 5 -> 9 [slot=0-0, slots=1]; LP#3: 4 -> 8 -> 1 -> 5 -> 9 [slot=2-2, slots=1] | IP 3->1 maps OPT 9->0: LP#29: 9 -> 6 -> 2 -> 4 -> 0 [slot=5-5, slots=1]; LP#34: 9 -> 6 -> 2 -> 4 -> 0 [slot=3-3, slots=1]"
10,10042,lns,d3,42,4,0,6,1,4 -> 5 -> 0,6 -> 5 -> 1,"IP 4->5 maps OPT 6->5: LP#38: 6 -> 1 -> 5 [slot=0-0, slots=1]; LP#42: 6 -> 1 -> 5 [slot=1-1, slots=1] | IP 5->0 maps OPT 5->1: LP#32: 5 -> 1 [slot=1-1, slots=1]; LP#37: 5 -> 1 [slot=3-3, slots=1]"
10,10042,lns,d4,100,4,1,6,0,4 -> 5 -> 1,6 -> 5 -> 0,"IP 4->5 maps OPT 6->5: LP#38: 6 -> 1 -> 5 [slot=0-0, slots=1]; LP#42: 6 -> 1 -> 5 [slot=1-1, slots=1] | IP 5->1 maps OPT 5->0: LP#15: 5 -> 7 -> 8 -> 4 -> 0 [slot=2-2, slots=1]; LP#41: 5 -> 1 -> 8 -> 4 -> 0 [slot=0-0, slots=1]"
10,10042,lns,d5,77,0,3,1,9,0 -> 3,1 -> 9,"IP 0->3 maps OPT 1->9: LP#26: 1 -> 8 -> 4 -> 2 -> 6 -> 9 [slot=4-4, slots=1]"
10,10042,lns,d6,80,1,4,0,6,1 -> 3 -> 4,0 -> 9 -> 6,"IP 1->3 maps OPT 0->9: LP#39: 0 -> 4 -> 2 -> 6 -> 9 [slot=2-2, slots=1] | IP 3->4 maps OPT 9->6: LP#40: 9 -> 6 [slot=0-0, slots=1]"
10,10042,lns,d7,83,5,0,5,1,5 -> 0,5 -> 1,"IP 5->0 maps OPT 5->1: LP#32: 5 -> 1 [slot=1-1, slots=1]; LP#37: 5 -> 1 [slot=3-3, slots=1]"
10,10042,lns,d8,55,2,1,4,0,2 -> 3 -> 1,4 -> 9 -> 0,"IP 2->3 maps OPT 4->9: LP#0: 4 -> 2 -> 7 -> 3 -> 6 -> 9 [slot=0-0, slots=1]; LP#1: 4 -> 2 -> 7 -> 5 -> 9 [slot=1-1, slots=1]; LP#2: 4 -> 8 -> 7 -> 5 -> 9 [slot=0-0, slots=1]; LP#3: 4 -> 8 -> 1 -> 5 -> 9 [slot=2-2, slots=1] | IP 3->1 maps OPT 9->0: LP#29: 9 -> 6 -> 2 -> 4 -> 0 [slot=5-5, slots=1]; LP#34: 9 -> 6 -> 2 -> 4 -> 0 [slot=3-3, slots=1]"
10,10042,lns,d9,58,5,1,5,0,5 -> 1,5 -> 0,"IP 5->1 maps OPT 5->0: LP#15: 5 -> 7 -> 8 -> 4 -> 0 [slot=2-2, slots=1]; LP#41: 5 -> 1 -> 8 -> 4 -> 0 [slot=0-0, slots=1]"
12,12042,initial,d0,54,1,2,0,4,1 -> 5 -> 4 -> 3 -> 2,0 -> 5 -> 6 -> 9 -> 4,"IP 1->5 maps OPT 0->5: LP#0: 0 -> 4 -> 2 -> 7 -> 5 [slot=0-0, slots=1]; LP#1: 0 -> 4 -> 8 -> 7 -> 2 -> 6 -> 1 -> 5 [slot=1-1, slots=1]; LP#2: 0 -> 4 -> 2 -> 6 -> 1 -> 5 [slot=2-2, slots=1]; LP#3: 0 -> 4 -> 2 -> 7 -> 5 [slot=3-3, slots=1]; LP#4: 0 -> 4 -> 8 -> 1 -> 6 -> 2 -> 7 -> 5 [slot=4-4, slots=1] | IP 5->4 maps OPT 5->6: LP#5: 5 -> 7 -> 8 -> 1 -> 6 [slot=0-0, slots=1]; LP#6: 5 -> 1 -> 8 -> 7 -> 2 -> 6 [slot=0-0, slots=1]; LP#7: 5 -> 7 -> 3 -> 6 [slot=1-1, slots=1]; LP#8: 5 -> 9 -> 6 [slot=0-0, slots=1] | IP 4->3 maps OPT 6->9: LP#9: 6 -> 2 -> 4 -> 8 -> 7 -> 5 -> 9 [slot=2-2, slots=1]; LP#10: 6 -> 1 -> 8 -> 4 -> 2 -> 7 -> 5 -> 9 [slot=5-5, slots=1]; LP#11: 6 -> 3 -> 7 -> 5 -> 9 [slot=1-1, slots=1]; LP#12: 6 -> 2 -> 7 -> 8 -> 1 -> 5 -> 9 [slot=6-6, slots=1] | IP 3->2 maps OPT 9->4: LP#13: 9 -> 5 -> 1 -> 6 -> 2 -> 4 [slot=1-1, slots=1]; LP#14: 9 -> 6 -> 2 -> 7 -> 8 -> 4 [slot=7-7, slots=1]; LP#15: 9 -> 5 -> 7 -> 8 -> 4 [slot=2-2, slots=1]; LP#16: 9 -> 6 -> 1 -> 8 -> 7 -> 2 -> 4 [slot=3-3, slots=1]; LP#17: 9 -> 5 -> 7 -> 2 -> 4 [slot=4-4, slots=1]"
12,12042,initial,d1,88,4,3,6,9,4 -> 5 -> 1 -> 3,6 -> 5 -> 0 -> 9,"IP 4->5 maps OPT 6->5: LP#18: 6 -> 1 -> 8 -> 7 -> 5 [slot=6-6, slots=1]; LP#19: 6 -> 2 -> 4 -> 8 -> 1 -> 5 [slot=5-5, slots=1] | IP 5->1 maps OPT 5->0: LP#20: 5 -> 1 -> 6 -> 2 -> 7 -> 8 -> 4 -> 0 [slot=8-8, slots=1]; LP#21: 5 -> 9 -> 6 -> 2 -> 4 -> 0 [slot=9-9, slots=1]; LP#22: 5 -> 7 -> 8 -> 4 -> 0 [slot=3-3, slots=1] | IP 1->3 maps OPT 0->9: LP#23: 0 -> 4 -> 2 -> 6 -> 9 [slot=6-6, slots=1]; LP#24: 0 -> 4 -> 2 -> 7 -> 5 -> 9 [slot=10-10, slots=1]; LP#25: 0 -> 4 -> 2 -> 6 -> 1 -> 5 -> 9 [slot=7-7, slots=1]; LP#26: 0 -> 4 -> 8 -> 1 -> 6 -> 9 [slot=9-9, slots=1]"
12,12042,initial,d2,78,3,0,9,1,3 -> 1 -> 5 -> 4 -> 0,9 -> 0 -> 5 -> 6 -> 1,"IP 3->1 maps OPT 9->0: LP#27: 9 -> 6 -> 3 -> 7 -> 2 -> 4 -> 0 [slot=6-6, slots=1]; LP#28: 9 -> 6 -> 1 -> 8 -> 4 -> 0 [slot=4-4, slots=1] | IP 1->5 maps OPT 0->5: LP#0: 0 -> 4 -> 2 -> 7 -> 5 [slot=0-0, slots=1]; LP#1: 0 -> 4 -> 8 -> 7 -> 2 -> 6 -> 1 -> 5 [slot=1-1, slots=1]; LP#2: 0 -> 4 -> 2 -> 6 -> 1 -> 5 [slot=2-2, slots=1]; LP#3: 0 -> 4 -> 2 -> 7 -> 5 [slot=3-3, slots=1]; LP#4: 0 -> 4 -> 8 -> 1 -> 6 -> 2 -> 7 -> 5 [slot=4-4, slots=1] | IP 5->4 maps OPT 5->6: LP#5: 5 -> 7 -> 8 -> 1 -> 6 [slot=0-0, slots=1]; LP#6: 5 -> 1 -> 8 -> 7 -> 2 -> 6 [slot=0-0, slots=1]; LP#7: 5 -> 7 -> 3 -> 6 [slot=1-1, slots=1]; LP#8: 5 -> 9 -> 6 [slot=0-0, slots=1] | IP 4->0 maps OPT 6->1: LP#29: 6 -> 3 -> 7 -> 2 -> 4 -> 8 -> 1 [slot=7-7, slots=1]; LP#30: 6 -> 2 -> 4 -> 8 -> 1 [slot=10-10, slots=1]; LP#31: 6 -> 9 -> 5 -> 1 [slot=3-3, slots=1]; LP#32: 6 -> 3 -> 7 -> 5 -> 1 [slot=9-9, slots=1]; LP#33: 6 -> 9 -> 5 -> 1 [slot=5-5, slots=1]"
12,12042,initial,d3,100,1,2,0,4,1 -> 5 -> 0 -> 3 -> 2,0 -> 5 -> 1 -> 9 -> 4,"IP 1->5 maps OPT 0->5: LP#0: 0 -> 4 -> 2 -> 7 -> 5 [slot=0-0, slots=1]; LP#1: 0 -> 4 -> 8 -> 7 -> 2 -> 6 -> 1 -> 5 [slot=1-1, slots=1]; LP#2: 0 -> 4 -> 2 -> 6 -> 1 -> 5 [slot=2-2, slots=1]; LP#3: 0 -> 4 -> 2 -> 7 -> 5 [slot=3-3, slots=1]; LP#4: 0 -> 4 -> 8 -> 1 -> 6 -> 2 -> 7 -> 5 [slot=4-4, slots=1] | IP 5->0 maps OPT 5->1: LP#34: 5 -> 7 -> 2 -> 6 -> 1 [slot=8-8, slots=1]; LP#35: 5 -> 9 -> 6 -> 3 -> 7 -> 8 -> 1 [slot=11-11, slots=1] | IP 0->3 maps OPT 1->9: LP#36: 1 -> 8 -> 7 -> 5 -> 9 [slot=8-8, slots=1]; LP#37: 1 -> 5 -> 7 -> 2 -> 6 -> 9 [slot=10-10, slots=1]; LP#38: 1 -> 5 -> 7 -> 3 -> 6 -> 9 [slot=11-11, slots=1] | IP 3->2 maps OPT 9->4: LP#13: 9 -> 5 -> 1 -> 6 -> 2 -> 4 [slot=1-1, slots=1]; LP#14: 9 -> 6 -> 2 -> 7 -> 8 -> 4 [slot=7-7, slots=1]; LP#15: 9 -> 5 -> 7 -> 8 -> 4 [slot=2-2, slots=1]; LP#16: 9 -> 6 -> 1 -> 8 -> 7 -> 2 -> 4 [slot=3-3, slots=1]; LP#17: 9 -> 5 -> 7 -> 2 -> 4 [slot=4-4, slots=1]"
12,12042,initial,d4,78,0,1,1,0,0 -> 3 -> 1,1 -> 9 -> 0,"IP 0->3 maps OPT 1->9: LP#36: 1 -> 8 -> 7 -> 5 -> 9 [slot=8-8, slots=1]; LP#37: 1 -> 5 -> 7 -> 2 -> 6 -> 9 [slot=10-10, slots=1]; LP#38: 1 -> 5 -> 7 -> 3 -> 6 -> 9 [slot=11-11, slots=1] | IP 3->1 maps OPT 9->0: LP#27: 9 -> 6 -> 3 -> 7 -> 2 -> 4 -> 0 [slot=6-6, slots=1]; LP#28: 9 -> 6 -> 1 -> 8 -> 4 -> 0 [slot=4-4, slots=1]"
12,12042,initial,d5,85,1,2,0,4,1 -> 5 -> 4 -> 3 -> 2,0 -> 5 -> 6 -> 9 -> 4,"IP 1->5 maps OPT 0->5: LP#0: 0 -> 4 -> 2 -> 7 -> 5 [slot=0-0, slots=1]; LP#1: 0 -> 4 -> 8 -> 7 -> 2 -> 6 -> 1 -> 5 [slot=1-1, slots=1]; LP#2: 0 -> 4 -> 2 -> 6 -> 1 -> 5 [slot=2-2, slots=1]; LP#3: 0 -> 4 -> 2 -> 7 -> 5 [slot=3-3, slots=1]; LP#4: 0 -> 4 -> 8 -> 1 -> 6 -> 2 -> 7 -> 5 [slot=4-4, slots=1] | IP 5->4 maps OPT 5->6: LP#5: 5 -> 7 -> 8 -> 1 -> 6 [slot=0-0, slots=1]; LP#6: 5 -> 1 -> 8 -> 7 -> 2 -> 6 [slot=0-0, slots=1]; LP#7: 5 -> 7 -> 3 -> 6 [slot=1-1, slots=1]; LP#8: 5 -> 9 -> 6 [slot=0-0, slots=1] | IP 4->3 maps OPT 6->9: LP#9: 6 -> 2 -> 4 -> 8 -> 7 -> 5 -> 9 [slot=2-2, slots=1]; LP#10: 6 -> 1 -> 8 -> 4 -> 2 -> 7 -> 5 -> 9 [slot=5-5, slots=1]; LP#11: 6 -> 3 -> 7 -> 5 -> 9 [slot=1-1, slots=1]; LP#12: 6 -> 2 -> 7 -> 8 -> 1 -> 5 -> 9 [slot=6-6, slots=1] | IP 3->2 maps OPT 9->4: LP#13: 9 -> 5 -> 1 -> 6 -> 2 -> 4 [slot=1-1, slots=1]; LP#14: 9 -> 6 -> 2 -> 7 -> 8 -> 4 [slot=7-7, slots=1]; LP#15: 9 -> 5 -> 7 -> 8 -> 4 [slot=2-2, slots=1]; LP#16: 9 -> 6 -> 1 -> 8 -> 7 -> 2 -> 4 [slot=3-3, slots=1]; LP#17: 9 -> 5 -> 7 -> 2 -> 4 [slot=4-4, slots=1]"
12,12042,initial,d6,91,1,0,0,1,1 -> 3 -> 4 -> 0,0 -> 9 -> 6 -> 1,"IP 1->3 maps OPT 0->9: LP#23: 0 -> 4 -> 2 -> 6 -> 9 [slot=6-6, slots=1]; LP#24: 0 -> 4 -> 2 -> 7 -> 5 -> 9 [slot=10-10, slots=1]; LP#25: 0 -> 4 -> 2 -> 6 -> 1 -> 5 -> 9 [slot=7-7, slots=1]; LP#26: 0 -> 4 -> 8 -> 1 -> 6 -> 9 [slot=9-9, slots=1] | IP 3->4 maps OPT 9->6: LP#39: 9 -> 5 -> 7 -> 8 -> 4 -> 2 -> 6 [slot=9-9, slots=1]; LP#40: 9 -> 6 [slot=1-1, slots=1]; LP#41: 9 -> 5 -> 1 -> 6 [slot=6-6, slots=1]; LP#42: 9 -> 5 -> 7 -> 8 -> 4 -> 2 -> 6 [slot=12-12, slots=1] | IP 4->0 maps OPT 6->1: LP#29: 6 -> 3 -> 7 -> 2 -> 4 -> 8 -> 1 [slot=7-7, slots=1]; LP#30: 6 -> 2 -> 4 -> 8 -> 1 [slot=10-10, slots=1]; LP#31: 6 -> 9 -> 5 -> 1 [slot=3-3, slots=1]; LP#32: 6 -> 3 -> 7 -> 5 -> 1 [slot=9-9, slots=1]; LP#33: 6 -> 9 -> 5 -> 1 [slot=5-5, slots=1]"
12,12042,initial,d7,54,0,3,1,9,0 -> 4 -> 5 -> 1 -> 3,1 -> 6 -> 5 -> 0 -> 9,"IP 0->4 maps OPT 1->6: LP#43: 1 -> 5 -> 9 -> 6 [slot=12-12, slots=1] | IP 4->5 maps OPT 6->5: LP#18: 6 -> 1 -> 8 -> 7 -> 5 [slot=6-6, slots=1]; LP#19: 6 -> 2 -> 4 -> 8 -> 1 -> 5 [slot=5-5, slots=1] | IP 5->1 maps OPT 5->0: LP#20: 5 -> 1 -> 6 -> 2 -> 7 -> 8 -> 4 -> 0 [slot=8-8, slots=1]; LP#21: 5 -> 9 -> 6 -> 2 -> 4 -> 0 [slot=9-9, slots=1]; LP#22: 5 -> 7 -> 8 -> 4 -> 0 [slot=3-3, slots=1] | IP 1->3 maps OPT 0->9: LP#23: 0 -> 4 -> 2 -> 6 -> 9 [slot=6-6, slots=1]; LP#24: 0 -> 4 -> 2 -> 7 -> 5 -> 9 [slot=10-10, slots=1]; LP#25: 0 -> 4 -> 2 -> 6 -> 1 -> 5 -> 9 [slot=7-7, slots=1]; LP#26: 0 -> 4 -> 8 -> 1 -> 6 -> 9 [slot=9-9, slots=1]"
12,12042,initial,d8,100,4,2,6,4,4 -> 3 -> 2,6 -> 9 -> 4,"IP 4->3 maps OPT 6->9: LP#9: 6 -> 2 -> 4 -> 8 -> 7 -> 5 -> 9 [slot=2-2, slots=1]; LP#10: 6 -> 1 -> 8 -> 4 -> 2 -> 7 -> 5 -> 9 [slot=5-5, slots=1]; LP#11: 6 -> 3 -> 7 -> 5 -> 9 [slot=1-1, slots=1]; LP#12: 6 -> 2 -> 7 -> 8 -> 1 -> 5 -> 9 [slot=6-6, slots=1] | IP 3->2 maps OPT 9->4: LP#13: 9 -> 5 -> 1 -> 6 -> 2 -> 4 [slot=1-1, slots=1]; LP#14: 9 -> 6 -> 2 -> 7 -> 8 -> 4 [slot=7-7, slots=1]; LP#15: 9 -> 5 -> 7 -> 8 -> 4 [slot=2-2, slots=1]; LP#16: 9 -> 6 -> 1 -> 8 -> 7 -> 2 -> 4 [slot=3-3, slots=1]; LP#17: 9 -> 5 -> 7 -> 2 -> 4 [slot=4-4, slots=1]"
12,12042,initial,d9,24,1,3,0,9,1 -> 5 -> 4 -> 3,0 -> 5 -> 6 -> 9,"IP 1->5 maps OPT 0->5: LP#0: 0 -> 4 -> 2 -> 7 -> 5 [slot=0-0, slots=1]; LP#1: 0 -> 4 -> 8 -> 7 -> 2 -> 6 -> 1 -> 5 [slot=1-1, slots=1]; LP#2: 0 -> 4 -> 2 -> 6 -> 1 -> 5 [slot=2-2, slots=1]; LP#3: 0 -> 4 -> 2 -> 7 -> 5 [slot=3-3, slots=1]; LP#4: 0 -> 4 -> 8 -> 1 -> 6 -> 2 -> 7 -> 5 [slot=4-4, slots=1] | IP 5->4 maps OPT 5->6: LP#5: 5 -> 7 -> 8 -> 1 -> 6 [slot=0-0, slots=1]; LP#6: 5 -> 1 -> 8 -> 7 -> 2 -> 6 [slot=0-0, slots=1]; LP#7: 5 -> 7 -> 3 -> 6 [slot=1-1, slots=1]; LP#8: 5 -> 9 -> 6 [slot=0-0, slots=1] | IP 4->3 maps OPT 6->9: LP#9: 6 -> 2 -> 4 -> 8 -> 7 -> 5 -> 9 [slot=2-2, slots=1]; LP#10: 6 -> 1 -> 8 -> 4 -> 2 -> 7 -> 5 -> 9 [slot=5-5, slots=1]; LP#11: 6 -> 3 -> 7 -> 5 -> 9 [slot=1-1, slots=1]; LP#12: 6 -> 2 -> 7 -> 8 -> 1 -> 5 -> 9 [slot=6-6, slots=1]"
12,12042,initial,d10,72,5,0,5,1,5 -> 1 -> 3 -> 4 -> 0,5 -> 0 -> 9 -> 6 -> 1,"IP 5->1 maps OPT 5->0: LP#20: 5 -> 1 -> 6 -> 2 -> 7 -> 8 -> 4 -> 0 [slot=8-8, slots=1]; LP#21: 5 -> 9 -> 6 -> 2 -> 4 -> 0 [slot=9-9, slots=1]; LP#22: 5 -> 7 -> 8 -> 4 -> 0 [slot=3-3, slots=1] | IP 1->3 maps OPT 0->9: LP#23: 0 -> 4 -> 2 -> 6 -> 9 [slot=6-6, slots=1]; LP#24: 0 -> 4 -> 2 -> 7 -> 5 -> 9 [slot=10-10, slots=1]; LP#25: 0 -> 4 -> 2 -> 6 -> 1 -> 5 -> 9 [slot=7-7, slots=1]; LP#26: 0 -> 4 -> 8 -> 1 -> 6 -> 9 [slot=9-9, slots=1] | IP 3->4 maps OPT 9->6: LP#39: 9 -> 5 -> 7 -> 8 -> 4 -> 2 -> 6 [slot=9-9, slots=1]; LP#40: 9 -> 6 [slot=1-1, slots=1]; LP#41: 9 -> 5 -> 1 -> 6 [slot=6-6, slots=1]; LP#42: 9 -> 5 -> 7 -> 8 -> 4 -> 2 -> 6 [slot=12-12, slots=1] | IP 4->0 maps OPT 6->1: LP#29: 6 -> 3 -> 7 -> 2 -> 4 -> 8 -> 1 [slot=7-7, slots=1]; LP#30: 6 -> 2 -> 4 -> 8 -> 1 [slot=10-10, slots=1]; LP#31: 6 -> 9 -> 5 -> 1 [slot=3-3, slots=1]; LP#32: 6 -> 3 -> 7 -> 5 -> 1 [slot=9-9, slots=1]; LP#33: 6 -> 9 -> 5 -> 1 [slot=5-5, slots=1]"
12,12042,initial,d11,96,3,0,9,1,3 -> 4 -> 0,9 -> 6 -> 1,"IP 3->4 maps OPT 9->6: LP#39: 9 -> 5 -> 7 -> 8 -> 4 -> 2 -> 6 [slot=9-9, slots=1]; LP#40: 9 -> 6 [slot=1-1, slots=1]; LP#41: 9 -> 5 -> 1 -> 6 [slot=6-6, slots=1]; LP#42: 9 -> 5 -> 7 -> 8 -> 4 -> 2 -> 6 [slot=12-12, slots=1] | IP 4->0 maps OPT 6->1: LP#29: 6 -> 3 -> 7 -> 2 -> 4 -> 8 -> 1 [slot=7-7, slots=1]; LP#30: 6 -> 2 -> 4 -> 8 -> 1 [slot=10-10, slots=1]; LP#31: 6 -> 9 -> 5 -> 1 [slot=3-3, slots=1]; LP#32: 6 -> 3 -> 7 -> 5 -> 1 [slot=9-9, slots=1]; LP#33: 6 -> 9 -> 5 -> 1 [slot=5-5, slots=1]"
12,12042,best,d0,54,1,2,0,4,1 -> 3 -> 2,0 -> 9 -> 4,"IP 1->3 maps OPT 0->9: LP#874: 0 -> 4 -> 2 -> 6 -> 1 -> 5 -> 9 [slot=7-7, slots=1]; LP#1633: 0 -> 4 -> 8 -> 1 -> 6 -> 9 [slot=9-9, slots=1]; LP#1678: 0 -> 4 -> 2 -> 6 -> 9 [slot=4-4, slots=1]; LP#1682: 0 -> 4 -> 2 -> 7 -> 5 -> 9 [slot=10-10, slots=1]; LP#1695: 0 -> 4 -> 2 -> 6 -> 9 [slot=6-6, slots=1]; LP#1704: 0 -> 4 -> 8 -> 1 -> 6 -> 9 [slot=5-5, slots=1] | IP 3->2 maps OPT 9->4: LP#747: 9 -> 5 -> 7 -> 8 -> 4 [slot=2-2, slots=1]; LP#1150: 9 -> 6 -> 2 -> 7 -> 8 -> 4 [slot=7-7, slots=1]; LP#1204: 9 -> 6 -> 1 -> 8 -> 7 -> 2 -> 4 [slot=3-3, slots=1]; LP#1699: 9 -> 5 -> 7 -> 8 -> 4 [slot=6-6, slots=1]; LP#1708: 9 -> 5 -> 7 -> 8 -> 4 [slot=4-4, slots=1]"
12,12042,best,d1,88,4,3,6,9,4 -> 5 -> 1 -> 3,6 -> 5 -> 0 -> 9,"IP 4->5 maps OPT 6->5: LP#1050: 6 -> 1 -> 8 -> 7 -> 5 [slot=6-6, slots=1]; LP#1710: 6 -> 1 -> 8 -> 4 -> 2 -> 7 -> 5 [slot=9-9, slots=1] | IP 5->1 maps OPT 5->0: LP#1374: 5 -> 7 -> 8 -> 4 -> 0 [slot=3-3, slots=1]; LP#1697: 5 -> 1 -> 6 -> 2 -> 4 -> 0 [slot=11-11, slots=1] | IP 1->3 maps OPT 0->9: LP#874: 0 -> 4 -> 2 -> 6 -> 1 -> 5 -> 9 [slot=7-7, slots=1]; LP#1633: 0 -> 4 -> 8 -> 1 -> 6 -> 9 [slot=9-9, slots=1]; LP#1678: 0 -> 4 -> 2 -> 6 -> 9 [slot=4-4, slots=1]; LP#1682: 0 -> 4 -> 2 -> 7 -> 5 -> 9 [slot=10-10, slots=1]; LP#1695: 0 -> 4 -> 2 -> 6 -> 9 [slot=6-6, slots=1]; LP#1704: 0 -> 4 -> 8 -> 1 -> 6 -> 9 [slot=5-5, slots=1]"
12,12042,best,d2,78,3,0,9,1,3 -> 1 -> 5 -> 0,9 -> 0 -> 5 -> 1,"IP 3->1 maps OPT 9->0: LP#1653: 9 -> 5 -> 1 -> 8 -> 4 -> 0 [slot=1-1, slots=1]; LP#1673: 9 -> 6 -> 3 -> 7 -> 2 -> 4 -> 0 [slot=6-6, slots=1] | IP 1->5 maps OPT 0->5: LP#1596: 0 -> 4 -> 8 -> 7 -> 2 -> 6 -> 1 -> 5 [slot=1-1, slots=1] | IP 5->0 maps OPT 5->1: LP#1619: 5 -> 7 -> 2 -> 6 -> 1 [slot=8-8, slots=1]"
12,12042,best,d3,100,1,2,0,4,1 -> 3 -> 2,0 -> 9 -> 4,"IP 1->3 maps OPT 0->9: LP#874: 0 -> 4 -> 2 -> 6 -> 1 -> 5 -> 9 [slot=7-7, slots=1]; LP#1633: 0 -> 4 -> 8 -> 1 -> 6 -> 9 [slot=9-9, slots=1]; LP#1678: 0 -> 4 -> 2 -> 6 -> 9 [slot=4-4, slots=1]; LP#1682: 0 -> 4 -> 2 -> 7 -> 5 -> 9 [slot=10-10, slots=1]; LP#1695: 0 -> 4 -> 2 -> 6 -> 9 [slot=6-6, slots=1]; LP#1704: 0 -> 4 -> 8 -> 1 -> 6 -> 9 [slot=5-5, slots=1] | IP 3->2 maps OPT 9->4: LP#747: 9 -> 5 -> 7 -> 8 -> 4 [slot=2-2, slots=1]; LP#1150: 9 -> 6 -> 2 -> 7 -> 8 -> 4 [slot=7-7, slots=1]; LP#1204: 9 -> 6 -> 1 -> 8 -> 7 -> 2 -> 4 [slot=3-3, slots=1]; LP#1699: 9 -> 5 -> 7 -> 8 -> 4 [slot=6-6, slots=1]; LP#1708: 9 -> 5 -> 7 -> 8 -> 4 [slot=4-4, slots=1]"
12,12042,best,d4,78,0,1,1,0,0 -> 3 -> 1,1 -> 9 -> 0,"IP 0->3 maps OPT 1->9: LP#1377: 1 -> 5 -> 7 -> 2 -> 6 -> 9 [slot=10-10, slots=1]; LP#1705: 1 -> 5 -> 7 -> 2 -> 6 -> 9 [slot=11-11, slots=1] | IP 3->1 maps OPT 9->0: LP#1653: 9 -> 5 -> 1 -> 8 -> 4 -> 0 [slot=1-1, slots=1]; LP#1673: 9 -> 6 -> 3 -> 7 -> 2 -> 4 -> 0 [slot=6-6, slots=1]"
12,12042,best,d5,85,1,2,0,4,1 -> 3 -> 2,0 -> 9 -> 4,"IP 1->3 maps OPT 0->9: LP#874: 0 -> 4 -> 2 -> 6 -> 1 -> 5 -> 9 [slot=7-7, slots=1]; LP#1633: 0 -> 4 -> 8 -> 1 -> 6 -> 9 [slot=9-9, slots=1]; LP#1678: 0 -> 4 -> 2 -> 6 -> 9 [slot=4-4, slots=1]; LP#1682: 0 -> 4 -> 2 -> 7 -> 5 -> 9 [slot=10-10, slots=1]; LP#1695: 0 -> 4 -> 2 -> 6 -> 9 [slot=6-6, slots=1]; LP#1704: 0 -> 4 -> 8 -> 1 -> 6 -> 9 [slot=5-5, slots=1] | IP 3->2 maps OPT 9->4: LP#747: 9 -> 5 -> 7 -> 8 -> 4 [slot=2-2, slots=1]; LP#1150: 9 -> 6 -> 2 -> 7 -> 8 -> 4 [slot=7-7, slots=1]; LP#1204: 9 -> 6 -> 1 -> 8 -> 7 -> 2 -> 4 [slot=3-3, slots=1]; LP#1699: 9 -> 5 -> 7 -> 8 -> 4 [slot=6-6, slots=1]; LP#1708: 9 -> 5 -> 7 -> 8 -> 4 [slot=4-4, slots=1]"
12,12042,best,d6,91,1,0,0,1,1 -> 3 -> 4 -> 0,0 -> 9 -> 6 -> 1,"IP 1->3 maps OPT 0->9: LP#874: 0 -> 4 -> 2 -> 6 -> 1 -> 5 -> 9 [slot=7-7, slots=1]; LP#1633: 0 -> 4 -> 8 -> 1 -> 6 -> 9 [slot=9-9, slots=1]; LP#1678: 0 -> 4 -> 2 -> 6 -> 9 [slot=4-4, slots=1]; LP#1682: 0 -> 4 -> 2 -> 7 -> 5 -> 9 [slot=10-10, slots=1]; LP#1695: 0 -> 4 -> 2 -> 6 -> 9 [slot=6-6, slots=1]; LP#1704: 0 -> 4 -> 8 -> 1 -> 6 -> 9 [slot=5-5, slots=1] | IP 3->4 maps OPT 9->6: LP#1571: 9 -> 6 [slot=1-1, slots=1]; LP#1641: 9 -> 5 -> 7 -> 8 -> 4 -> 2 -> 6 [slot=12-12, slots=1]; LP#1711: 9 -> 5 -> 1 -> 8 -> 7 -> 2 -> 6 [slot=14-14, slots=1] | IP 4->0 maps OPT 6->1: LP#1533: 6 -> 3 -> 7 -> 2 -> 4 -> 8 -> 1 [slot=7-7, slots=1]; LP#1586: 6 -> 2 -> 4 -> 8 -> 1 [slot=10-10, slots=1]; LP#1676: 6 -> 1 [slot=0-0, slots=1]; LP#1707: 6 -> 3 -> 7 -> 8 -> 1 [slot=1-1, slots=1]"
12,12042,best,d7,54,0,3,1,9,0 -> 3,1 -> 9,"IP 0->3 maps OPT 1->9: LP#1377: 1 -> 5 -> 7 -> 2 -> 6 -> 9 [slot=10-10, slots=1]; LP#1705: 1 -> 5 -> 7 -> 2 -> 6 -> 9 [slot=11-11, slots=1]"
12,12042,best,d8,100,4,2,6,4,4 -> 3 -> 2,6 -> 9 -> 4,"IP 4->3 maps OPT 6->9: LP#1621: 6 -> 2 -> 4 -> 8 -> 7 -> 5 -> 9 [slot=2-2, slots=1]; LP#1663: 6 -> 1 -> 8 -> 4 -> 2 -> 7 -> 5 -> 9 [slot=5-5, slots=1] | IP 3->2 maps OPT 9->4: LP#747: 9 -> 5 -> 7 -> 8 -> 4 [slot=2-2, slots=1]; LP#1150: 9 -> 6 -> 2 -> 7 -> 8 -> 4 [slot=7-7, slots=1]; LP#1204: 9 -> 6 -> 1 -> 8 -> 7 -> 2 -> 4 [slot=3-3, slots=1]; LP#1699: 9 -> 5 -> 7 -> 8 -> 4 [slot=6-6, slots=1]; LP#1708: 9 -> 5 -> 7 -> 8 -> 4 [slot=4-4, slots=1]"
12,12042,best,d9,24,1,3,0,9,1 -> 3,0 -> 9,"IP 1->3 maps OPT 0->9: LP#874: 0 -> 4 -> 2 -> 6 -> 1 -> 5 -> 9 [slot=7-7, slots=1]; LP#1633: 0 -> 4 -> 8 -> 1 -> 6 -> 9 [slot=9-9, slots=1]; LP#1678: 0 -> 4 -> 2 -> 6 -> 9 [slot=4-4, slots=1]; LP#1682: 0 -> 4 -> 2 -> 7 -> 5 -> 9 [slot=10-10, slots=1]; LP#1695: 0 -> 4 -> 2 -> 6 -> 9 [slot=6-6, slots=1]; LP#1704: 0 -> 4 -> 8 -> 1 -> 6 -> 9 [slot=5-5, slots=1]"
12,12042,best,d10,72,5,0,5,1,5 -> 4 -> 0,5 -> 6 -> 1,"IP 5->4 maps OPT 5->6: LP#1593: 5 -> 7 -> 8 -> 1 -> 6 [slot=0-0, slots=1] | IP 4->0 maps OPT 6->1: LP#1533: 6 -> 3 -> 7 -> 2 -> 4 -> 8 -> 1 [slot=7-7, slots=1]; LP#1586: 6 -> 2 -> 4 -> 8 -> 1 [slot=10-10, slots=1]; LP#1676: 6 -> 1 [slot=0-0, slots=1]; LP#1707: 6 -> 3 -> 7 -> 8 -> 1 [slot=1-1, slots=1]"
12,12042,best,d11,96,3,0,9,1,3 -> 4 -> 0,9 -> 6 -> 1,"IP 3->4 maps OPT 9->6: LP#1571: 9 -> 6 [slot=1-1, slots=1]; LP#1641: 9 -> 5 -> 7 -> 8 -> 4 -> 2 -> 6 [slot=12-12, slots=1]; LP#1711: 9 -> 5 -> 1 -> 8 -> 7 -> 2 -> 6 [slot=14-14, slots=1] | IP 4->0 maps OPT 6->1: LP#1533: 6 -> 3 -> 7 -> 2 -> 4 -> 8 -> 1 [slot=7-7, slots=1]; LP#1586: 6 -> 2 -> 4 -> 8 -> 1 [slot=10-10, slots=1]; LP#1676: 6 -> 1 [slot=0-0, slots=1]; LP#1707: 6 -> 3 -> 7 -> 8 -> 1 [slot=1-1, slots=1]"
12,12042,lns,d0,54,1,2,0,4,1 -> 3 -> 2,0 -> 9 -> 4,"IP 1->3 maps OPT 0->9: LP#23: 0 -> 4 -> 2 -> 6 -> 9 [slot=6-6, slots=1]; LP#25: 0 -> 4 -> 2 -> 6 -> 1 -> 5 -> 9 [slot=7-7, slots=1]; LP#26: 0 -> 4 -> 8 -> 1 -> 6 -> 9 [slot=9-9, slots=1] | IP 3->2 maps OPT 9->4: LP#13: 9 -> 5 -> 1 -> 6 -> 2 -> 4 [slot=1-1, slots=1]; LP#14: 9 -> 6 -> 2 -> 7 -> 8 -> 4 [slot=7-7, slots=1]; LP#15: 9 -> 5 -> 7 -> 8 -> 4 [slot=2-2, slots=1]; LP#16: 9 -> 6 -> 1 -> 8 -> 7 -> 2 -> 4 [slot=3-3, slots=1]; LP#17: 9 -> 5 -> 7 -> 2 -> 4 [slot=4-4, slots=1]"
12,12042,lns,d1,88,4,3,6,9,4 -> 3,6 -> 9,"IP 4->3 maps OPT 6->9: LP#10: 6 -> 1 -> 8 -> 4 -> 2 -> 7 -> 5 -> 9 [slot=5-5, slots=1]; LP#11: 6 -> 3 -> 7 -> 5 -> 9 [slot=1-1, slots=1]; LP#12: 6 -> 2 -> 7 -> 8 -> 1 -> 5 -> 9 [slot=6-6, slots=1]; LP#49: 6 -> 9 [slot=0-0, slots=1]"
12,12042,lns,d2,78,3,0,9,1,3 -> 0,9 -> 1,"IP 3->0 maps OPT 9->1: LP#44: 9 -> 5 -> 1 [slot=7-7, slots=1]; LP#45: 9 -> 5 -> 1 [slot=10-10, slots=1]; LP#47: 9 -> 5 -> 1 [slot=11-11, slots=1]"
12,12042,lns,d3,100,1,2,0,4,1 -> 3 -> 2,0 -> 9 -> 4,"IP 1->3 maps OPT 0->9: LP#23: 0 -> 4 -> 2 -> 6 -> 9 [slot=6-6, slots=1]; LP#25: 0 -> 4 -> 2 -> 6 -> 1 -> 5 -> 9 [slot=7-7, slots=1]; LP#26: 0 -> 4 -> 8 -> 1 -> 6 -> 9 [slot=9-9, slots=1] | IP 3->2 maps OPT 9->4: LP#13: 9 -> 5 -> 1 -> 6 -> 2 -> 4 [slot=1-1, slots=1]; LP#14: 9 -> 6 -> 2 -> 7 -> 8 -> 4 [slot=7-7, slots=1]; LP#15: 9 -> 5 -> 7 -> 8 -> 4 [slot=2-2, slots=1]; LP#16: 9 -> 6 -> 1 -> 8 -> 7 -> 2 -> 4 [slot=3-3, slots=1]; LP#17: 9 -> 5 -> 7 -> 2 -> 4 [slot=4-4, slots=1]"
12,12042,lns,d4,78,0,1,1,0,0 -> 5 -> 1,1 -> 5 -> 0,"IP 0->5 maps OPT 1->5: LP#48: 1 -> 5 [slot=0-0, slots=1] | IP 5->1 maps OPT 5->0: LP#22: 5 -> 7 -> 8 -> 4 -> 0 [slot=3-3, slots=1]"
12,12042,lns,d5,85,1,2,0,4,1 -> 3 -> 2,0 -> 9 -> 4,"IP 1->3 maps OPT 0->9: LP#23: 0 -> 4 -> 2 -> 6 -> 9 [slot=6-6, slots=1]; LP#25: 0 -> 4 -> 2 -> 6 -> 1 -> 5 -> 9 [slot=7-7, slots=1]; LP#26: 0 -> 4 -> 8 -> 1 -> 6 -> 9 [slot=9-9, slots=1] | IP 3->2 maps OPT 9->4: LP#13: 9 -> 5 -> 1 -> 6 -> 2 -> 4 [slot=1-1, slots=1]; LP#14: 9 -> 6 -> 2 -> 7 -> 8 -> 4 [slot=7-7, slots=1]; LP#15: 9 -> 5 -> 7 -> 8 -> 4 [slot=2-2, slots=1]; LP#16: 9 -> 6 -> 1 -> 8 -> 7 -> 2 -> 4 [slot=3-3, slots=1]; LP#17: 9 -> 5 -> 7 -> 2 -> 4 [slot=4-4, slots=1]"
12,12042,lns,d6,91,1,0,0,1,1 -> 5 -> 0,0 -> 5 -> 1,"IP 1->5 maps OPT 0->5: LP#2: 0 -> 4 -> 2 -> 6 -> 1 -> 5 [slot=2-2, slots=1]; LP#3: 0 -> 4 -> 2 -> 7 -> 5 [slot=3-3, slots=1] | IP 5->0 maps OPT 5->1: LP#34: 5 -> 7 -> 2 -> 6 -> 1 [slot=8-8, slots=1]; LP#35: 5 -> 9 -> 6 -> 3 -> 7 -> 8 -> 1 [slot=11-11, slots=1]; LP#46: 5 -> 1 [slot=2-2, slots=1]"
12,12042,lns,d7,54,0,3,1,9,0 -> 4 -> 3,1 -> 6 -> 9,"IP 0->4 maps OPT 1->6: LP#43: 1 -> 5 -> 9 -> 6 [slot=12-12, slots=1] | IP 4->3 maps OPT 6->9: LP#10: 6 -> 1 -> 8 -> 4 -> 2 -> 7 -> 5 -> 9 [slot=5-5, slots=1]; LP#11: 6 -> 3 -> 7 -> 5 -> 9 [slot=1-1, slots=1]; LP#12: 6 -> 2 -> 7 -> 8 -> 1 -> 5 -> 9 [slot=6-6, slots=1]; LP#49: 6 -> 9 [slot=0-0, slots=1]"
12,12042,lns,d8,100,4,2,6,4,4 -> 3 -> 2,6 -> 9 -> 4,"IP 4->3 maps OPT 6->9: LP#10: 6 -> 1 -> 8 -> 4 -> 2 -> 7 -> 5 -> 9 [slot=5-5, slots=1]; LP#11: 6 -> 3 -> 7 -> 5 -> 9 [slot=1-1, slots=1]; LP#12: 6 -> 2 -> 7 -> 8 -> 1 -> 5 -> 9 [slot=6-6, slots=1]; LP#49: 6 -> 9 [slot=0-0, slots=1] | IP 3->2 maps OPT 9->4: LP#13: 9 -> 5 -> 1 -> 6 -> 2 -> 4 [slot=1-1, slots=1]; LP#14: 9 -> 6 -> 2 -> 7 -> 8 -> 4 [slot=7-7, slots=1]; LP#15: 9 -> 5 -> 7 -> 8 -> 4 [slot=2-2, slots=1]; LP#16: 9 -> 6 -> 1 -> 8 -> 7 -> 2 -> 4 [slot=3-3, slots=1]; LP#17: 9 -> 5 -> 7 -> 2 -> 4 [slot=4-4, slots=1]"
12,12042,lns,d9,24,1,3,0,9,1 -> 5 -> 0 -> 4 -> 3,0 -> 5 -> 1 -> 6 -> 9,"IP 1->5 maps OPT 0->5: LP#2: 0 -> 4 -> 2 -> 6 -> 1 -> 5 [slot=2-2, slots=1]; LP#3: 0 -> 4 -> 2 -> 7 -> 5 [slot=3-3, slots=1] | IP 5->0 maps OPT 5->1: LP#34: 5 -> 7 -> 2 -> 6 -> 1 [slot=8-8, slots=1]; LP#35: 5 -> 9 -> 6 -> 3 -> 7 -> 8 -> 1 [slot=11-11, slots=1]; LP#46: 5 -> 1 [slot=2-2, slots=1] | IP 0->4 maps OPT 1->6: LP#43: 1 -> 5 -> 9 -> 6 [slot=12-12, slots=1] | IP 4->3 maps OPT 6->9: LP#10: 6 -> 1 -> 8 -> 4 -> 2 -> 7 -> 5 -> 9 [slot=5-5, slots=1]; LP#11: 6 -> 3 -> 7 -> 5 -> 9 [slot=1-1, slots=1]; LP#12: 6 -> 2 -> 7 -> 8 -> 1 -> 5 -> 9 [slot=6-6, slots=1]; LP#49: 6 -> 9 [slot=0-0, slots=1]"
12,12042,lns,d10,72,5,0,5,1,5 -> 0,5 -> 1,"IP 5->0 maps OPT 5->1: LP#34: 5 -> 7 -> 2 -> 6 -> 1 [slot=8-8, slots=1]; LP#35: 5 -> 9 -> 6 -> 3 -> 7 -> 8 -> 1 [slot=11-11, slots=1]; LP#46: 5 -> 1 [slot=2-2, slots=1]"
12,12042,lns,d11,96,3,0,9,1,3 -> 0,9 -> 1,"IP 3->0 maps OPT 9->1: LP#44: 9 -> 5 -> 1 [slot=7-7, slots=1]; LP#45: 9 -> 5 -> 1 [slot=10-10, slots=1]; LP#47: 9 -> 5 -> 1 [slot=11-11, slots=1]"
15,15042,initial,d0,68,2,0,4,1,2 -> 3 -> 4 -> 5 -> 0,4 -> 9 -> 6 -> 5 -> 1,"IP 2->3 maps OPT 4->9: LP#0: 4 -> 2 -> 7 -> 8 -> 1 -> 6 -> 9 [slot=0-0, slots=1]; LP#1: 4 -> 2 -> 7 -> 8 -> 1 -> 5 -> 9 [slot=1-1, slots=1] | IP 3->4 maps OPT 9->6: LP#2: 9 -> 5 -> 7 -> 2 -> 4 -> 8 -> 1 -> 6 [slot=2-2, slots=1]; LP#3: 9 -> 5 -> 1 -> 8 -> 7 -> 2 -> 6 [slot=0-0, slots=1]; LP#4: 9 -> 5 -> 1 -> 6 [slot=1-1, slots=1] | IP 4->5 maps OPT 6->5: LP#5: 6 -> 2 -> 4 -> 8 -> 7 -> 5 [slot=1-1, slots=1]; LP#6: 6 -> 3 -> 7 -> 8 -> 1 -> 5 [slot=3-3, slots=1] | IP 5->0 maps OPT 5->1: LP#7: 5 -> 7 -> 8 -> 4 -> 2 -> 6 -> 1 [slot=4-4, slots=1]; LP#8: 5 -> 9 -> 6 -> 2 -> 7 -> 8 -> 1 [slot=5-5, slots=1]"
15,15042,initial,d1,71,3,1,9,0,3 -> 0 -> 5 -> 1,9 -> 1 -> 5 -> 0,"IP 3->0 maps OPT 9->1: LP#9: 9 -> 6 -> 3 -> 7 -> 5 -> 1 [slot=2-2, slots=1]; LP#10: 9 -> 5 -> 1 [slot=3-3, slots=1]; LP#11: 9 -> 5 -> 1 [slot=4-4, slots=1] | IP 0->5 maps OPT 1->5: LP#12: 1 -> 8 -> 4 -> 2 -> 7 -> 5 [slot=3-3, slots=1]; LP#13: 1 -> 6 -> 9 -> 5 [slot=5-5, slots=1]; LP#14: 1 -> 8 -> 7 -> 2 -> 6 -> 9 -> 5 [slot=6-6, slots=1] | IP 5->1 maps OPT 5->0: LP#15: 5 -> 1 -> 6 -> 2 -> 7 -> 8 -> 4 -> 0 [slot=6-6, slots=1]"
15,15042,initial,d2,53,4,3,6,9,4 -> 3,6 -> 9,"IP 4->3 maps OPT 6->9: LP#16: 6 -> 9 [slot=1-1, slots=1]; LP#17: 6 -> 1 -> 5 -> 9 [slot=0-0, slots=1]; LP#18: 6 -> 2 -> 4 -> 8 -> 7 -> 5 -> 9 [slot=4-4, slots=1]"
15,15042,initial,d3,37,5,4,5,6,5 -> 0 -> 4,5 -> 1 -> 6,"IP 5->0 maps OPT 5->1: LP#7: 5 -> 7 -> 8 -> 4 -> 2 -> 6 -> 1 [slot=4-4, slots=1]; LP#8: 5 -> 9 -> 6 -> 2 -> 7 -> 8 -> 1 [slot=5-5, slots=1] | IP 0->4 maps OPT 1->6: LP#19: 1 -> 8 -> 4 -> 2 -> 7 -> 3 -> 6 [slot=2-2, slots=1]; LP#20: 1 -> 8 -> 4 -> 2 -> 6 [slot=5-5, slots=1]"
15,15042,initial,d4,53,2,4,4,6,2 -> 3 -> 0 -> 5 -> 4,4 -> 9 -> 1 -> 5 -> 6,"IP 2->3 maps OPT 4->9: LP#0: 4 -> 2 -> 7 -> 8 -> 1 -> 6 -> 9 [slot=0-0, slots=1]; LP#1: 4 -> 2 -> 7 -> 8 -> 1 -> 5 -> 9 [slot=1-1, slots=1] | IP 3->0 maps OPT 9->1: LP#9: 9 -> 6 -> 3 -> 7 -> 5 -> 1 [slot=2-2, slots=1]; LP#10: 9 -> 5 -> 1 [slot=3-3, slots=1]; LP#11: 9 -> 5 -> 1 [slot=4-4, slots=1] | IP 0->5 maps OPT 1->5: LP#12: 1 -> 8 -> 4 -> 2 -> 7 -> 5 [slot=3-3, slots=1]; LP#13: 1 -> 6 -> 9 -> 5 [slot=5-5, slots=1]; LP#14: 1 -> 8 -> 7 -> 2 -> 6 -> 9 -> 5 [slot=6-6, slots=1] | IP 5->4 maps OPT 5->6: LP#21: 5 -> 7 -> 2 -> 4 -> 8 -> 1 -> 6 [slot=7-7, slots=1]; LP#22: 5 -> 1 -> 8 -> 4 -> 2 -> 6 [slot=7-7, slots=1]"
15,15042,initial,d5,61,3,0,9,1,3 -> 4 -> 0,9 -> 6 -> 1,"IP 3->4 maps OPT 9->6: LP#2: 9 -> 5 -> 7 -> 2 -> 4 -> 8 -> 1 -> 6 [slot=2-2, slots=1]; LP#3: 9 -> 5 -> 1 -> 8 -> 7 -> 2 -> 6 [slot=0-0, slots=1]; LP#4: 9 -> 5 -> 1 -> 6 [slot=1-1, slots=1] | IP 4->0 maps OPT 6->1: LP#23: 6 -> 3 -> 7 -> 2 -> 4 -> 8 -> 1 [slot=8-8, slots=1]; LP#24: 6 -> 3 -> 7 -> 2 -> 4 -> 8 -> 1 [slot=9-9, slots=1]"
15,15042,initial,d6,94,0,2,1,4,0 -> 3 -> 2,1 -> 9 -> 4,"IP 0->3 maps OPT 1->9: LP#25: 1 -> 6 -> 3 -> 7 -> 5 -> 9 [slot=10-10, slots=1]; LP#26: 1 -> 5 -> 7 -> 2 -> 6 -> 9 [slot=10-10, slots=1]; LP#27: 1 -> 6 -> 9 [slot=3-3, slots=1] | IP 3->2 maps OPT 9->4: LP#28: 9 -> 5 -> 7 -> 8 -> 4 [slot=8-8, slots=1]; LP#29: 9 -> 5 -> 1 -> 8 -> 4 [slot=9-9, slots=1]; LP#30: 9 -> 5 -> 1 -> 8 -> 7 -> 2 -> 4 [slot=11-11, slots=1]; LP#31: 9 -> 6 -> 2 -> 4 [slot=0-0, slots=1]"
15,15042,initial,d7,58,0,2,1,4,0 -> 4 -> 3 -> 2,1 -> 6 -> 9 -> 4,"IP 0->4 maps OPT 1->6: LP#19: 1 -> 8 -> 4 -> 2 -> 7 -> 3 -> 6 [slot=2-2, slots=1]; LP#20: 1 -> 8 -> 4 -> 2 -> 6 [slot=5-5, slots=1] | IP 4->3 maps OPT 6->9: LP#16: 6 -> 9 [slot=1-1, slots=1]; LP#17: 6 -> 1 -> 5 -> 9 [slot=0-0, slots=1]; LP#18: 6 -> 2 -> 4 -> 8 -> 7 -> 5 -> 9 [slot=4-4, slots=1] | IP 3->2 maps OPT 9->4: LP#28: 9 -> 5 -> 7 -> 8 -> 4 [slot=8-8, slots=1]; LP#29: 9 -> 5 -> 1 -> 8 -> 4 [slot=9-9, slots=1]; LP#30: 9 -> 5 -> 1 -> 8 -> 7 -> 2 -> 4 [slot=11-11, slots=1]; LP#31: 9 -> 6 -> 2 -> 4 [slot=0-0, slots=1]"
15,15042,initial,d8,77,3,4,9,6,3 -> 0 -> 5 -> 4,9 -> 1 -> 5 -> 6,"IP 3->0 maps OPT 9->1: LP#9: 9 -> 6 -> 3 -> 7 -> 5 -> 1 [slot=2-2, slots=1]; LP#10: 9 -> 5 -> 1 [slot=3-3, slots=1]; LP#11: 9 -> 5 -> 1 [slot=4-4, slots=1] | IP 0->5 maps OPT 1->5: LP#12: 1 -> 8 -> 4 -> 2 -> 7 -> 5 [slot=3-3, slots=1]; LP#13: 1 -> 6 -> 9 -> 5 [slot=5-5, slots=1]; LP#14: 1 -> 8 -> 7 -> 2 -> 6 -> 9 -> 5 [slot=6-6, slots=1] | IP 5->4 maps OPT 5->6: LP#21: 5 -> 7 -> 2 -> 4 -> 8 -> 1 -> 6 [slot=7-7, slots=1]; LP#22: 5 -> 1 -> 8 -> 4 -> 2 -> 6 [slot=7-7, slots=1]"
15,15042,initial,d9,68,0,2,1,4,0 -> 3 -> 2,1 -> 9 -> 4,"IP 0->3 maps OPT 1->9: LP#25: 1 -> 6 -> 3 -> 7 -> 5 -> 9 [slot=10-10, slots=1]; LP#26: 1 -> 5 -> 7 -> 2 -> 6 -> 9 [slot=10-10, slots=1]; LP#27: 1 -> 6 -> 9 [slot=3-3, slots=1] | IP 3->2 maps OPT 9->4: LP#28: 9 -> 5 -> 7 -> 8 -> 4 [slot=8-8, slots=1]; LP#29: 9 -> 5 -> 1 -> 8 -> 4 [slot=9-9, slots=1]; LP#30: 9 -> 5 -> 1 -> 8 -> 7 -> 2 -> 4 [slot=11-11, slots=1]; LP#31: 9 -> 6 -> 2 -> 4 [slot=0-0, slots=1]"
15,15042,initial,d10,54,1,0,0,1,1 -> 3 -> 4 -> 5 -> 0,0 -> 9 -> 6 -> 5 -> 1,"IP 1->3 maps OPT 0->9: LP#32: 0 -> 4 -> 2 -> 7 -> 8 -> 1 -> 6 -> 9 [slot=11-11, slots=1] | IP 3->4 maps OPT 9->6: LP#2: 9 -> 5 -> 7 -> 2 -> 4 -> 8 -> 1 -> 6 [slot=2-2, slots=1]; LP#3: 9 -> 5 -> 1 -> 8 -> 7 -> 2 -> 6 [slot=0-0, slots=1]; LP#4: 9 -> 5 -> 1 -> 6 [slot=1-1, slots=1] | IP 4->5 maps OPT 6->5: LP#5: 6 -> 2 -> 4 -> 8 -> 7 -> 5 [slot=1-1, slots=1]; LP#6: 6 -> 3 -> 7 -> 8 -> 1 -> 5 [slot=3-3, slots=1] | IP 5->0 maps OPT 5->1: LP#7: 5 -> 7 -> 8 -> 4 -> 2 -> 6 -> 1 [slot=4-4, slots=1]; LP#8: 5 -> 9 -> 6 -> 2 -> 7 -> 8 -> 1 [slot=5-5, slots=1]"
15,15042,initial,d11,24,1,4,0,6,1 -> 3 -> 0 -> 5 -> 4,0 -> 9 -> 1 -> 5 -> 6,"IP 1->3 maps OPT 0->9: LP#32: 0 -> 4 -> 2 -> 7 -> 8 -> 1 -> 6 -> 9 [slot=11-11, slots=1] | IP 3->0 maps OPT 9->1: LP#9: 9 -> 6 -> 3 -> 7 -> 5 -> 1 [slot=2-2, slots=1]; LP#10: 9 -> 5 -> 1 [slot=3-3, slots=1]; LP#11: 9 -> 5 -> 1 [slot=4-4, slots=1] | IP 0->5 maps OPT 1->5: LP#12: 1 -> 8 -> 4 -> 2 -> 7 -> 5 [slot=3-3, slots=1]; LP#13: 1 -> 6 -> 9 -> 5 [slot=5-5, slots=1]; LP#14: 1 -> 8 -> 7 -> 2 -> 6 -> 9 -> 5 [slot=6-6, slots=1] | IP 5->4 maps OPT 5->6: LP#21: 5 -> 7 -> 2 -> 4 -> 8 -> 1 -> 6 [slot=7-7, slots=1]; LP#22: 5 -> 1 -> 8 -> 4 -> 2 -> 6 [slot=7-7, slots=1]"
15,15042,initial,d12,30,4,1,6,0,4 -> 0 -> 3 -> 1,6 -> 1 -> 9 -> 0,"IP 4->0 maps OPT 6->1: LP#23: 6 -> 3 -> 7 -> 2 -> 4 -> 8 -> 1 [slot=8-8, slots=1]; LP#24: 6 -> 3 -> 7 -> 2 -> 4 -> 8 -> 1 [slot=9-9, slots=1] | IP 0->3 maps OPT 1->9: LP#25: 1 -> 6 -> 3 -> 7 -> 5 -> 9 [slot=10-10, slots=1]; LP#26: 1 -> 5 -> 7 -> 2 -> 6 -> 9 [slot=10-10, slots=1]; LP#27: 1 -> 6 -> 9 [slot=3-3, slots=1] | IP 3->1 maps OPT 9->0: LP#33: 9 -> 5 -> 1 -> 8 -> 7 -> 2 -> 4 -> 0 [slot=12-12, slots=1]"
15,15042,initial,d13,20,4,5,6,5,4 -> 5,6 -> 5,"IP 4->5 maps OPT 6->5: LP#5: 6 -> 2 -> 4 -> 8 -> 7 -> 5 [slot=1-1, slots=1]; LP#6: 6 -> 3 -> 7 -> 8 -> 1 -> 5 [slot=3-3, slots=1]"
15,15042,initial,d14,55,0,2,1,4,0 -> 4 -> 3 -> 2,1 -> 6 -> 9 -> 4,"IP 0->4 maps OPT 1->6: LP#19: 1 -> 8 -> 4 -> 2 -> 7 -> 3 -> 6 [slot=2-2, slots=1]; LP#20: 1 -> 8 -> 4 -> 2 -> 6 [slot=5-5, slots=1] | IP 4->3 maps OPT 6->9: LP#16: 6 -> 9 [slot=1-1, slots=1]; LP#17: 6 -> 1 -> 5 -> 9 [slot=0-0, slots=1]; LP#18: 6 -> 2 -> 4 -> 8 -> 7 -> 5 -> 9 [slot=4-4, slots=1] | IP 3->2 maps OPT 9->4: LP#28: 9 -> 5 -> 7 -> 8 -> 4 [slot=8-8, slots=1]; LP#29: 9 -> 5 -> 1 -> 8 -> 4 [slot=9-9, slots=1]; LP#30: 9 -> 5 -> 1 -> 8 -> 7 -> 2 -> 4 [slot=11-11, slots=1]; LP#31: 9 -> 6 -> 2 -> 4 [slot=0-0, slots=1]"
15,15042,best,d0,68,2,0,4,1,2 -> 3 -> 0,4 -> 9 -> 1,"IP 2->3 maps OPT 4->9: LP#1267: 4 -> 2 -> 7 -> 8 -> 1 -> 6 -> 9 [slot=0-0, slots=1]; LP#1438: 4 -> 2 -> 6 -> 9 [slot=5-5, slots=1] | IP 3->0 maps OPT 9->1: LP#1215: 9 -> 5 -> 1 [slot=4-4, slots=1]; LP#1302: 9 -> 5 -> 1 [slot=3-3, slots=1]"
15,15042,best,d1,71,3,1,9,0,3 -> 4 -> 5 -> 1,9 -> 6 -> 5 -> 0,"IP 3->4 maps OPT 9->6: LP#1328: 9 -> 5 -> 1 -> 6 [slot=1-1, slots=1]; LP#1427: 9 -> 5 -> 7 -> 8 -> 1 -> 6 [slot=8-8, slots=1]; LP#1433: 9 -> 5 -> 7 -> 8 -> 4 -> 2 -> 6 [slot=9-9, slots=1]; LP#1439: 9 -> 6 [slot=2-2, slots=1] | IP 4->5 maps OPT 6->5: LP#788: 6 -> 3 -> 7 -> 8 -> 1 -> 5 [slot=3-3, slots=1]; LP#1205: 6 -> 2 -> 4 -> 8 -> 7 -> 5 [slot=1-1, slots=1] | IP 5->1 maps OPT 5->0: LP#1441: 5 -> 1 -> 8 -> 4 -> 0 [slot=0-0, slots=1]"
15,15042,best,d2,53,4,3,6,9,4 -> 3,6 -> 9,"IP 4->3 maps OPT 6->9: LP#1291: 6 -> 1 -> 5 -> 9 [slot=0-0, slots=1]; LP#1298: 6 -> 9 [slot=1-1, slots=1]"
15,15042,best,d3,37,5,4,5,6,5 -> 4,5 -> 6,"IP 5->4 maps OPT 5->6: LP#1403: 5 -> 7 -> 2 -> 4 -> 8 -> 1 -> 6 [slot=7-7, slots=1]"
15,15042,best,d4,53,2,4,4,6,2 -> 3 -> 4,4 -> 9 -> 6,"IP 2->3 maps OPT 4->9: LP#1267: 4 -> 2 -> 7 -> 8 -> 1 -> 6 -> 9 [slot=0-0, slots=1]; LP#1438: 4 -> 2 -> 6 -> 9 [slot=5-5, slots=1] | IP 3->4 maps OPT 9->6: LP#1328: 9 -> 5 -> 1 -> 6 [slot=1-1, slots=1]; LP#1427: 9 -> 5 -> 7 -> 8 -> 1 -> 6 [slot=8-8, slots=1]; LP#1433: 9 -> 5 -> 7 -> 8 -> 4 -> 2 -> 6 [slot=9-9, slots=1]; LP#1439: 9 -> 6 [slot=2-2, slots=1]"
15,15042,best,d5,61,3,0,9,1,3 -> 0,9 -> 1,"IP 3->0 maps OPT 9->1: LP#1215: 9 -> 5 -> 1 [slot=4-4, slots=1]; LP#1302: 9 -> 5 -> 1 [slot=3-3, slots=1]"
15,15042,best,d6,94,0,2,1,4,0 -> 3 -> 2,1 -> 9 -> 4,"IP 0->3 maps OPT 1->9: LP#1218: 1 -> 6 -> 9 [slot=3-3, slots=1]; LP#1416: 1 -> 6 -> 9 [slot=4-4, slots=1]; LP#1436: 1 -> 6 -> 9 [slot=6-6, slots=1] | IP 3->2 maps OPT 9->4: LP#913: 9 -> 5 -> 1 -> 8 -> 7 -> 2 -> 4 [slot=11-11, slots=1]; LP#1351: 9 -> 6 -> 2 -> 4 [slot=0-0, slots=1]; LP#1417: 9 -> 6 -> 2 -> 7 -> 8 -> 4 [slot=5-5, slots=1]; LP#1431: 9 -> 6 -> 1 -> 8 -> 4 [slot=1-1, slots=1]"
15,15042,best,d7,58,0,2,1,4,0 -> 4 -> 3 -> 2,1 -> 6 -> 9 -> 4,"IP 0->4 maps OPT 1->6: LP#1437: 1 -> 6 [slot=5-5, slots=1] | IP 4->3 maps OPT 6->9: LP#1291: 6 -> 1 -> 5 -> 9 [slot=0-0, slots=1]; LP#1298: 6 -> 9 [slot=1-1, slots=1] | IP 3->2 maps OPT 9->4: LP#913: 9 -> 5 -> 1 -> 8 -> 7 -> 2 -> 4 [slot=11-11, slots=1]; LP#1351: 9 -> 6 -> 2 -> 4 [slot=0-0, slots=1]; LP#1417: 9 -> 6 -> 2 -> 7 -> 8 -> 4 [slot=5-5, slots=1]; LP#1431: 9 -> 6 -> 1 -> 8 -> 4 [slot=1-1, slots=1]"
15,15042,best,d8,77,3,4,9,6,3 -> 4,9 -> 6,"IP 3->4 maps OPT 9->6: LP#1328: 9 -> 5 -> 1 -> 6 [slot=1-1, slots=1]; LP#1427: 9 -> 5 -> 7 -> 8 -> 1 -> 6 [slot=8-8, slots=1]; LP#1433: 9 -> 5 -> 7 -> 8 -> 4 -> 2 -> 6 [slot=9-9, slots=1]; LP#1439: 9 -> 6 [slot=2-2, slots=1]"
15,15042,best,d9,68,0,2,1,4,0 -> 3 -> 2,1 -> 9 -> 4,"IP 0->3 maps OPT 1->9: LP#1218: 1 -> 6 -> 9 [slot=3-3, slots=1]; LP#1416: 1 -> 6 -> 9 [slot=4-4, slots=1]; LP#1436: 1 -> 6 -> 9 [slot=6-6, slots=1] | IP 3->2 maps OPT 9->4: LP#913: 9 -> 5 -> 1 -> 8 -> 7 -> 2 -> 4 [slot=11-11, slots=1]; LP#1351: 9 -> 6 -> 2 -> 4 [slot=0-0, slots=1]; LP#1417: 9 -> 6 -> 2 -> 7 -> 8 -> 4 [slot=5-5, slots=1]; LP#1431: 9 -> 6 -> 1 -> 8 -> 4 [slot=1-1, slots=1]"
15,15042,best,d10,54,1,0,0,1,1 -> 3 -> 4 -> 5 -> 0,0 -> 9 -> 6 -> 5 -> 1,"IP 1->3 maps OPT 0->9: LP#1376: 0 -> 4 -> 2 -> 7 -> 3 -> 6 -> 9 [slot=7-7, slots=1] | IP 3->4 maps OPT 9->6: LP#1328: 9 -> 5 -> 1 -> 6 [slot=1-1, slots=1]; LP#1427: 9 -> 5 -> 7 -> 8 -> 1 -> 6 [slot=8-8, slots=1]; LP#1433: 9 -> 5 -> 7 -> 8 -> 4 -> 2 -> 6 [slot=9-9, slots=1]; LP#1439: 9 -> 6 [slot=2-2, slots=1] | IP 4->5 maps OPT 6->5: LP#788: 6 -> 3 -> 7 -> 8 -> 1 -> 5 [slot=3-3, slots=1]; LP#1205: 6 -> 2 -> 4 -> 8 -> 7 -> 5 [slot=1-1, slots=1] | IP 5->0 maps OPT 5->1: LP#1341: 5 -> 7 -> 8 -> 4 -> 2 -> 6 -> 1 [slot=4-4, slots=1]"
15,15042,best,d11,24,1,4,0,6,1 -> 3 -> 4,0 -> 9 -> 6,"IP 1->3 maps OPT 0->9: LP#1376: 0 -> 4 -> 2 -> 7 -> 3 -> 6 -> 9 [slot=7-7, slots=1] | IP 3->4 maps OPT 9->6: LP#1328: 9 -> 5 -> 1 -> 6 [slot=1-1, slots=1]; LP#1427: 9 -> 5 -> 7 -> 8 -> 1 -> 6 [slot=8-8, slots=1]; LP#1433: 9 -> 5 -> 7 -> 8 -> 4 -> 2 -> 6 [slot=9-9, slots=1]; LP#1439: 9 -> 6 [slot=2-2, slots=1]"
15,15042,best,d12,30,4,1,6,0,4 -> 3 -> 1,6 -> 9 -> 0,"IP 4->3 maps OPT 6->9: LP#1291: 6 -> 1 -> 5 -> 9 [slot=0-0, slots=1]; LP#1298: 6 -> 9 [slot=1-1, slots=1] | IP 3->1 maps OPT 9->0: LP#1428: 9 -> 5 -> 1 -> 8 -> 4 -> 0 [slot=7-7, slots=1]"
15,15042,best,d13,20,4,5,6,5,4 -> 5,6 -> 5,"IP 4->5 maps OPT 6->5: LP#788: 6 -> 3 -> 7 -> 8 -> 1 -> 5 [slot=3-3, slots=1]; LP#1205: 6 -> 2 -> 4 -> 8 -> 7 -> 5 [slot=1-1, slots=1]"
15,15042,best,d14,55,0,2,1,4,0 -> 3 -> 2,1 -> 9 -> 4,"IP 0->3 maps OPT 1->9: LP#1218: 1 -> 6 -> 9 [slot=3-3, slots=1]; LP#1416: 1 -> 6 -> 9 [slot=4-4, slots=1]; LP#1436: 1 -> 6 -> 9 [slot=6-6, slots=1] | IP 3->2 maps OPT 9->4: LP#913: 9 -> 5 -> 1 -> 8 -> 7 -> 2 -> 4 [slot=11-11, slots=1]; LP#1351: 9 -> 6 -> 2 -> 4 [slot=0-0, slots=1]; LP#1417: 9 -> 6 -> 2 -> 7 -> 8 -> 4 [slot=5-5, slots=1]; LP#1431: 9 -> 6 -> 1 -> 8 -> 4 [slot=1-1, slots=1]"
15,15042,lns,d0,68,2,0,4,1,2 -> 3 -> 0,4 -> 9 -> 1,"IP 2->3 maps OPT 4->9: LP#0: 4 -> 2 -> 7 -> 8 -> 1 -> 6 -> 9 [slot=0-0, slots=1]; LP#1: 4 -> 2 -> 7 -> 8 -> 1 -> 5 -> 9 [slot=1-1, slots=1] | IP 3->0 maps OPT 9->1: LP#9: 9 -> 6 -> 3 -> 7 -> 5 -> 1 [slot=2-2, slots=1]; LP#10: 9 -> 5 -> 1 [slot=3-3, slots=1]; LP#11: 9 -> 5 -> 1 [slot=4-4, slots=1]"
15,15042,lns,d1,71,3,1,9,0,3 -> 1,9 -> 0,"IP 3->1 maps OPT 9->0: LP#34: 9 -> 6 -> 2 -> 4 -> 0 [slot=3-3, slots=1]; LP#36: 9 -> 6 -> 2 -> 4 -> 0 [slot=1-1, slots=1]"
15,15042,lns,d2,53,4,3,6,9,4 -> 3,6 -> 9,"IP 4->3 maps OPT 6->9: LP#16: 6 -> 9 [slot=1-1, slots=1]; LP#17: 6 -> 1 -> 5 -> 9 [slot=0-0, slots=1]"
15,15042,lns,d3,37,5,4,5,6,5 -> 4,5 -> 6,"IP 5->4 maps OPT 5->6: LP#22: 5 -> 1 -> 8 -> 4 -> 2 -> 6 [slot=7-7, slots=1]"
15,15042,lns,d4,53,2,4,4,6,2 -> 3 -> 4,4 -> 9 -> 6,"IP 2->3 maps OPT 4->9: LP#0: 4 -> 2 -> 7 -> 8 -> 1 -> 6 -> 9 [slot=0-0, slots=1]; LP#1: 4 -> 2 -> 7 -> 8 -> 1 -> 5 -> 9 [slot=1-1, slots=1] | IP 3->4 maps OPT 9->6: LP#3: 9 -> 5 -> 1 -> 8 -> 7 -> 2 -> 6 [slot=0-0, slots=1]; LP#4: 9 -> 5 -> 1 -> 6 [slot=1-1, slots=1]"
15,15042,lns,d5,61,3,0,9,1,3 -> 0,9 -> 1,"IP 3->0 maps OPT 9->1: LP#9: 9 -> 6 -> 3 -> 7 -> 5 -> 1 [slot=2-2, slots=1]; LP#10: 9 -> 5 -> 1 [slot=3-3, slots=1]; LP#11: 9 -> 5 -> 1 [slot=4-4, slots=1]"
15,15042,lns,d6,94,0,2,1,4,0 -> 3 -> 2,1 -> 9 -> 4,"IP 0->3 maps OPT 1->9: LP#25: 1 -> 6 -> 3 -> 7 -> 5 -> 9 [slot=10-10, slots=1]; LP#26: 1 -> 5 -> 7 -> 2 -> 6 -> 9 [slot=10-10, slots=1]; LP#27: 1 -> 6 -> 9 [slot=3-3, slots=1] | IP 3->2 maps OPT 9->4: LP#28: 9 -> 5 -> 7 -> 8 -> 4 [slot=8-8, slots=1]; LP#29: 9 -> 5 -> 1 -> 8 -> 4 [slot=9-9, slots=1]; LP#30: 9 -> 5 -> 1 -> 8 -> 7 -> 2 -> 4 [slot=11-11, slots=1]; LP#31: 9 -> 6 -> 2 -> 4 [slot=0-0, slots=1]"
15,15042,lns,d7,58,0,2,1,4,0 -> 3 -> 2,1 -> 9 -> 4,"IP 0->3 maps OPT 1->9: LP#25: 1 -> 6 -> 3 -> 7 -> 5 -> 9 [slot=10-10, slots=1]; LP#26: 1 -> 5 -> 7 -> 2 -> 6 -> 9 [slot=10-10, slots=1]; LP#27: 1 -> 6 -> 9 [slot=3-3, slots=1] | IP 3->2 maps OPT 9->4: LP#28: 9 -> 5 -> 7 -> 8 -> 4 [slot=8-8, slots=1]; LP#29: 9 -> 5 -> 1 -> 8 -> 4 [slot=9-9, slots=1]; LP#30: 9 -> 5 -> 1 -> 8 -> 7 -> 2 -> 4 [slot=11-11, slots=1]; LP#31: 9 -> 6 -> 2 -> 4 [slot=0-0, slots=1]"
15,15042,lns,d8,77,3,4,9,6,3 -> 4,9 -> 6,"IP 3->4 maps OPT 9->6: LP#3: 9 -> 5 -> 1 -> 8 -> 7 -> 2 -> 6 [slot=0-0, slots=1]; LP#4: 9 -> 5 -> 1 -> 6 [slot=1-1, slots=1]"
15,15042,lns,d9,68,0,2,1,4,0 -> 3 -> 2,1 -> 9 -> 4,"IP 0->3 maps OPT 1->9: LP#25: 1 -> 6 -> 3 -> 7 -> 5 -> 9 [slot=10-10, slots=1]; LP#26: 1 -> 5 -> 7 -> 2 -> 6 -> 9 [slot=10-10, slots=1]; LP#27: 1 -> 6 -> 9 [slot=3-3, slots=1] | IP 3->2 maps OPT 9->4: LP#28: 9 -> 5 -> 7 -> 8 -> 4 [slot=8-8, slots=1]; LP#29: 9 -> 5 -> 1 -> 8 -> 4 [slot=9-9, slots=1]; LP#30: 9 -> 5 -> 1 -> 8 -> 7 -> 2 -> 4 [slot=11-11, slots=1]; LP#31: 9 -> 6 -> 2 -> 4 [slot=0-0, slots=1]"
15,15042,lns,d10,54,1,0,0,1,1 -> 3 -> 0,0 -> 9 -> 1,"IP 1->3 maps OPT 0->9: LP#32: 0 -> 4 -> 2 -> 7 -> 8 -> 1 -> 6 -> 9 [slot=11-11, slots=1] | IP 3->0 maps OPT 9->1: LP#9: 9 -> 6 -> 3 -> 7 -> 5 -> 1 [slot=2-2, slots=1]; LP#10: 9 -> 5 -> 1 [slot=3-3, slots=1]; LP#11: 9 -> 5 -> 1 [slot=4-4, slots=1]"
15,15042,lns,d11,24,1,4,0,6,1 -> 3 -> 0 -> 5 -> 4,0 -> 9 -> 1 -> 5 -> 6,"IP 1->3 maps OPT 0->9: LP#32: 0 -> 4 -> 2 -> 7 -> 8 -> 1 -> 6 -> 9 [slot=11-11, slots=1] | IP 3->0 maps OPT 9->1: LP#9: 9 -> 6 -> 3 -> 7 -> 5 -> 1 [slot=2-2, slots=1]; LP#10: 9 -> 5 -> 1 [slot=3-3, slots=1]; LP#11: 9 -> 5 -> 1 [slot=4-4, slots=1] | IP 0->5 maps OPT 1->5: LP#13: 1 -> 6 -> 9 -> 5 [slot=5-5, slots=1] | IP 5->4 maps OPT 5->6: LP#22: 5 -> 1 -> 8 -> 4 -> 2 -> 6 [slot=7-7, slots=1]"
15,15042,lns,d12,30,4,1,6,0,4 -> 3 -> 1,6 -> 9 -> 0,"IP 4->3 maps OPT 6->9: LP#16: 6 -> 9 [slot=1-1, slots=1]; LP#17: 6 -> 1 -> 5 -> 9 [slot=0-0, slots=1] | IP 3->1 maps OPT 9->0: LP#34: 9 -> 6 -> 2 -> 4 -> 0 [slot=3-3, slots=1]; LP#36: 9 -> 6 -> 2 -> 4 -> 0 [slot=1-1, slots=1]"
15,15042,lns,d13,20,4,5,6,5,4 -> 3 -> 0 -> 5,6 -> 9 -> 1 -> 5,"IP 4->3 maps OPT 6->9: LP#16: 6 -> 9 [slot=1-1, slots=1]; LP#17: 6 -> 1 -> 5 -> 9 [slot=0-0, slots=1] | IP 3->0 maps OPT 9->1: LP#9: 9 -> 6 -> 3 -> 7 -> 5 -> 1 [slot=2-2, slots=1]; LP#10: 9 -> 5 -> 1 [slot=3-3, slots=1]; LP#11: 9 -> 5 -> 1 [slot=4-4, slots=1] | IP 0->5 maps OPT 1->5: LP#13: 1 -> 6 -> 9 -> 5 [slot=5-5, slots=1]"
15,15042,lns,d14,55,0,2,1,4,0 -> 4 -> 3 -> 2,1 -> 6 -> 9 -> 4,"IP 0->4 maps OPT 1->6: LP#20: 1 -> 8 -> 4 -> 2 -> 6 [slot=5-5, slots=1] | IP 4->3 maps OPT 6->9: LP#16: 6 -> 9 [slot=1-1, slots=1]; LP#17: 6 -> 1 -> 5 -> 9 [slot=0-0, slots=1] | IP 3->2 maps OPT 9->4: LP#28: 9 -> 5 -> 7 -> 8 -> 4 [slot=8-8, slots=1]; LP#29: 9 -> 5 -> 1 -> 8 -> 4 [slot=9-9, slots=1]; LP#30: 9 -> 5 -> 1 -> 8 -> 7 -> 2 -> 4 [slot=11-11, slots=1]; LP#31: 9 -> 6 -> 2 -> 4 [slot=0-0, slots=1]"
18,18042,initial,d0,42,3,1,9,0,3 -> 4 -> 0 -> 5 -> 1,9 -> 6 -> 1 -> 5 -> 0,"IP 3->4 maps OPT 9->6: LP#0: 9 -> 5 -> 1 -> 6 [slot=0-0, slots=1]; LP#1: 9 -> 5 -> 1 -> 6 [slot=1-1, slots=1] | IP 4->0 maps OPT 6->1: LP#2: 6 -> 2 -> 7 -> 5 -> 1 [slot=2-2, slots=1] | IP 0->5 maps OPT 1->5: LP#3: 1 -> 6 -> 3 -> 7 -> 5 [slot=3-3, slots=1]; LP#4: 1 -> 8 -> 7 -> 3 -> 6 -> 9 -> 5 [slot=2-2, slots=1]; LP#5: 1 -> 8 -> 4 -> 2 -> 6 -> 9 -> 5 [slot=3-3, slots=1] | IP 5->1 maps OPT 5->0: LP#6: 5 -> 7 -> 2 -> 6 -> 1 -> 8 -> 4 -> 0 [slot=0-0, slots=1]; LP#7: 5 -> 1 -> 6 -> 2 -> 4 -> 0 [slot=4-4, slots=1]; LP#8: 5 -> 7 -> 8 -> 4 -> 0 [slot=1-1, slots=1]; LP#9: 5 -> 1 -> 8 -> 4 -> 0 [slot=5-5, slots=1]; LP#10: 5 -> 1 -> 6 -> 3 -> 7 -> 2 -> 4 -> 0 [slot=6-6, slots=1]"
18,18042,initial,d1,68,3,0,9,1,3 -> 4 -> 5 -> 0,9 -> 6 -> 5 -> 1,"IP 3->4 maps OPT 9->6: LP#0: 9 -> 5 -> 1 -> 6 [slot=0-0, slots=1]; LP#1: 9 -> 5 -> 1 -> 6 [slot=1-1, slots=1] | IP 4->5 maps OPT 6->5: LP#11: 6 -> 3 -> 7 -> 5 [slot=0-0, slots=1]; LP#12: 6 -> 1 -> 5 [slot=1-1, slots=1]; LP#13: 6 -> 1 -> 8 -> 4 -> 2 -> 7 -> 5 [slot=4-4, slots=1] | IP 5->0 maps OPT 5->1: LP#14: 5 -> 7 -> 2 -> 6 -> 1 [slot=2-2, slots=1]; LP#15: 5 -> 9 -> 6 -> 2 -> 7 -> 8 -> 1 [slot=0-0, slots=1]; LP#16: 5 -> 7 -> 8 -> 1 [slot=3-3, slots=1]; LP#17: 5 -> 7 -> 2 -> 6 -> 1 [slot=5-5, slots=1]"
18,18042,initial,d2,96,5,1,5,0,5 -> 1,5 -> 0,"IP 5->1 maps OPT 5->0: LP#6: 5 -> 7 -> 2 -> 6 -> 1 -> 8 -> 4 -> 0 [slot=0-0, slots=1]; LP#7: 5 -> 1 -> 6 -> 2 -> 4 -> 0 [slot=4-4, slots=1]; LP#8: 5 -> 7 -> 8 -> 4 -> 0 [slot=1-1, slots=1]; LP#9: 5 -> 1 -> 8 -> 4 -> 0 [slot=5-5, slots=1]; LP#10: 5 -> 1 -> 6 -> 3 -> 7 -> 2 -> 4 -> 0 [slot=6-6, slots=1]"
18,18042,initial,d3,64,5,4,5,6,5 -> 0 -> 4,5 -> 1 -> 6,"IP 5->0 maps OPT 5->1: LP#14: 5 -> 7 -> 2 -> 6 -> 1 [slot=2-2, slots=1]; LP#15: 5 -> 9 -> 6 -> 2 -> 7 -> 8 -> 1 [slot=0-0, slots=1]; LP#16: 5 -> 7 -> 8 -> 1 [slot=3-3, slots=1]; LP#17: 5 -> 7 -> 2 -> 6 -> 1 [slot=5-5, slots=1] | IP 0->4 maps OPT 1->6: LP#18: 1 -> 5 -> 7 -> 3 -> 6 [slot=4-4, slots=1]; LP#19: 1 -> 5 -> 7 -> 2 -> 6 [slot=7-7, slots=1]; LP#20: 1 -> 6 [slot=2-2, slots=1]"
18,18042,initial,d4,91,5,1,5,0,5 -> 0 -> 3 -> 1,5 -> 1 -> 9 -> 0,"IP 5->0 maps OPT 5->1: LP#14: 5 -> 7 -> 2 -> 6 -> 1 [slot=2-2, slots=1]; LP#15: 5 -> 9 -> 6 -> 2 -> 7 -> 8 -> 1 [slot=0-0, slots=1]; LP#16: 5 -> 7 -> 8 -> 1 [slot=3-3, slots=1]; LP#17: 5 -> 7 -> 2 -> 6 -> 1 [slot=5-5, slots=1] | IP 0->3 maps OPT 1->9: LP#21: 1 -> 5 -> 9 [slot=2-2, slots=1]; LP#22: 1 -> 8 -> 4 -> 2 -> 6 -> 9 [slot=6-6, slots=1]; LP#23: 1 -> 6 -> 2 -> 7 -> 5 -> 9 [slot=5-5, slots=1] | IP 3->1 maps OPT 9->0: LP#24: 9 -> 5 -> 7 -> 2 -> 4 -> 0 [slot=8-8, slots=1]; LP#25: 9 -> 5 -> 7 -> 8 -> 4 -> 0 [slot=9-9, slots=1]; LP#26: 9 -> 6 -> 3 -> 7 -> 2 -> 4 -> 0 [slot=10-10, slots=1]"
18,18042,initial,d5,70,1,0,0,1,1 -> 3 -> 0,0 -> 9 -> 1,"IP 1->3 maps OPT 0->9: LP#27: 0 -> 4 -> 8 -> 1 -> 6 -> 9 [slot=7-7, slots=1]; LP#28: 0 -> 4 -> 8 -> 7 -> 5 -> 9 [slot=1-1, slots=1]; LP#29: 0 -> 4 -> 2 -> 7 -> 8 -> 1 -> 6 -> 9 [slot=8-8, slots=1]; LP#30: 0 -> 4 -> 8 -> 7 -> 2 -> 6 -> 9 [slot=4-4, slots=1] | IP 3->0 maps OPT 9->1: LP#31: 9 -> 6 -> 2 -> 4 -> 8 -> 1 [slot=9-9, slots=1]; LP#32: 9 -> 5 -> 7 -> 2 -> 6 -> 1 [slot=11-11, slots=1]; LP#33: 9 -> 5 -> 1 [slot=7-7, slots=1]; LP#34: 9 -> 6 -> 2 -> 4 -> 8 -> 1 [slot=11-11, slots=1]; LP#35: 9 -> 6 -> 2 -> 4 -> 8 -> 1 [slot=12-12, slots=1]"
18,18042,initial,d6,93,2,3,4,9,2 -> 3,4 -> 9,"IP 2->3 maps OPT 4->9: LP#36: 4 -> 8 -> 7 -> 2 -> 6 -> 9 [slot=13-13, slots=1]; LP#37: 4 -> 2 -> 7 -> 5 -> 9 [slot=7-7, slots=1]; LP#38: 4 -> 8 -> 1 -> 6 -> 9 [slot=10-10, slots=1]"
18,18042,initial,d7,38,4,5,6,5,4 -> 0 -> 5,6 -> 1 -> 5,"IP 4->0 maps OPT 6->1: LP#2: 6 -> 2 -> 7 -> 5 -> 1 [slot=2-2, slots=1] | IP 0->5 maps OPT 1->5: LP#3: 1 -> 6 -> 3 -> 7 -> 5 [slot=3-3, slots=1]; LP#4: 1 -> 8 -> 7 -> 3 -> 6 -> 9 -> 5 [slot=2-2, slots=1]; LP#5: 1 -> 8 -> 4 -> 2 -> 6 -> 9 -> 5 [slot=3-3, slots=1]"
18,18042,initial,d8,75,5,4,5,6,5 -> 1 -> 3 -> 0 -> 4,5 -> 0 -> 9 -> 1 -> 6,"IP 5->1 maps OPT 5->0: LP#6: 5 -> 7 -> 2 -> 6 -> 1 -> 8 -> 4 -> 0 [slot=0-0, slots=1]; LP#7: 5 -> 1 -> 6 -> 2 -> 4 -> 0 [slot=4-4, slots=1]; LP#8: 5 -> 7 -> 8 -> 4 -> 0 [slot=1-1, slots=1]; LP#9: 5 -> 1 -> 8 -> 4 -> 0 [slot=5-5, slots=1]; LP#10: 5 -> 1 -> 6 -> 3 -> 7 -> 2 -> 4 -> 0 [slot=6-6, slots=1] | IP 1->3 maps OPT 0->9: LP#27: 0 -> 4 -> 8 -> 1 -> 6 -> 9 [slot=7-7, slots=1]; LP#28: 0 -> 4 -> 8 -> 7 -> 5 -> 9 [slot=1-1, slots=1]; LP#29: 0 -> 4 -> 2 -> 7 -> 8 -> 1 -> 6 -> 9 [slot=8-8, slots=1]; LP#30: 0 -> 4 -> 8 -> 7 -> 2 -> 6 -> 9 [slot=4-4, slots=1] | IP 3->0 maps OPT 9->1: LP#31: 9 -> 6 -> 2 -> 4 -> 8 -> 1 [slot=9-9, slots=1]; LP#32: 9 -> 5 -> 7 -> 2 -> 6 -> 1 [slot=11-11, slots=1]; LP#33: 9 -> 5 -> 1 [slot=7-7, slots=1]; LP#34: 9 -> 6 -> 2 -> 4 -> 8 -> 1 [slot=11-11, slots=1]; LP#35: 9 -> 6 -> 2 -> 4 -> 8 -> 1 [slot=12-12, slots=1] | IP 0->4 maps OPT 1->6: LP#18: 1 -> 5 -> 7 -> 3 -> 6 [slot=4-4, slots=1]; LP#19: 1 -> 5 -> 7 -> 2 -> 6 [slot=7-7, slots=1]; LP#20: 1 -> 6 [slot=2-2, slots=1]"
18,18042,initial,d9,45,4,5,6,5,4 -> 3 -> 0 -> 5,6 -> 9 -> 1 -> 5,"IP 4->3 maps OPT 6->9: LP#39: 6 -> 1 -> 5 -> 9 [slot=3-3, slots=1]; LP#40: 6 -> 1 -> 8 -> 7 -> 5 -> 9 [slot=8-8, slots=1] | IP 3->0 maps OPT 9->1: LP#31: 9 -> 6 -> 2 -> 4 -> 8 -> 1 [slot=9-9, slots=1]; LP#32: 9 -> 5 -> 7 -> 2 -> 6 -> 1 [slot=11-11, slots=1]; LP#33: 9 -> 5 -> 1 [slot=7-7, slots=1]; LP#34: 9 -> 6 -> 2 -> 4 -> 8 -> 1 [slot=11-11, slots=1]; LP#35: 9 -> 6 -> 2 -> 4 -> 8 -> 1 [slot=12-12, slots=1] | IP 0->5 maps OPT 1->5: LP#3: 1 -> 6 -> 3 -> 7 -> 5 [slot=3-3, slots=1]; LP#4: 1 -> 8 -> 7 -> 3 -> 6 -> 9 -> 5 [slot=2-2, slots=1]; LP#5: 1 -> 8 -> 4 -> 2 -> 6 -> 9 -> 5 [slot=3-3, slots=1]"
18,18042,initial,d10,69,2,5,4,5,2 -> 3 -> 0 -> 5,4 -> 9 -> 1 -> 5,"IP 2->3 maps OPT 4->9: LP#36: 4 -> 8 -> 7 -> 2 -> 6 -> 9 [slot=13-13, slots=1]; LP#37: 4 -> 2 -> 7 -> 5 -> 9 [slot=7-7, slots=1]; LP#38: 4 -> 8 -> 1 -> 6 -> 9 [slot=10-10, slots=1] | IP 3->0 maps OPT 9->1: LP#31: 9 -> 6 -> 2 -> 4 -> 8 -> 1 [slot=9-9, slots=1]; LP#32: 9 -> 5 -> 7 -> 2 -> 6 -> 1 [slot=11-11, slots=1]; LP#33: 9 -> 5 -> 1 [slot=7-7, slots=1]; LP#34: 9 -> 6 -> 2 -> 4 -> 8 -> 1 [slot=11-11, slots=1]; LP#35: 9 -> 6 -> 2 -> 4 -> 8 -> 1 [slot=12-12, slots=1] | IP 0->5 maps OPT 1->5: LP#3: 1 -> 6 -> 3 -> 7 -> 5 [slot=3-3, slots=1]; LP#4: 1 -> 8 -> 7 -> 3 -> 6 -> 9 -> 5 [slot=2-2, slots=1]; LP#5: 1 -> 8 -> 4 -> 2 -> 6 -> 9 -> 5 [slot=3-3, slots=1]"
18,18042,initial,d11,95,0,5,1,5,0 -> 3 -> 1 -> 5,1 -> 9 -> 0 -> 5,"IP 0->3 maps OPT 1->9: LP#21: 1 -> 5 -> 9 [slot=2-2, slots=1]; LP#22: 1 -> 8 -> 4 -> 2 -> 6 -> 9 [slot=6-6, slots=1]; LP#23: 1 -> 6 -> 2 -> 7 -> 5 -> 9 [slot=5-5, slots=1] | IP 3->1 maps OPT 9->0: LP#24: 9 -> 5 -> 7 -> 2 -> 4 -> 0 [slot=8-8, slots=1]; LP#25: 9 -> 5 -> 7 -> 8 -> 4 -> 0 [slot=9-9, slots=1]; LP#26: 9 -> 6 -> 3 -> 7 -> 2 -> 4 -> 0 [slot=10-10, slots=1] | IP 1->5 maps OPT 0->5: LP#41: 0 -> 4 -> 8 -> 7 -> 2 -> 6 -> 1 -> 5 [slot=14-14, slots=1]; LP#42: 0 -> 4 -> 2 -> 6 -> 1 -> 5 [slot=9-9, slots=1]; LP#43: 0 -> 4 -> 2 -> 7 -> 3 -> 6 -> 1 -> 5 [slot=10-10, slots=1]"
18,18042,initial,d12,43,3,0,9,1,3 -> 1 -> 5 -> 0,9 -> 0 -> 5 -> 1,"IP 3->1 maps OPT 9->0: LP#24: 9 -> 5 -> 7 -> 2 -> 4 -> 0 [slot=8-8, slots=1]; LP#25: 9 -> 5 -> 7 -> 8 -> 4 -> 0 [slot=9-9, slots=1]; LP#26: 9 -> 6 -> 3 -> 7 -> 2 -> 4 -> 0 [slot=10-10, slots=1] | IP 1->5 maps OPT 0->5: LP#41: 0 -> 4 -> 8 -> 7 -> 2 -> 6 -> 1 -> 5 [slot=14-14, slots=1]; LP#42: 0 -> 4 -> 2 -> 6 -> 1 -> 5 [slot=9-9, slots=1]; LP#43: 0 -> 4 -> 2 -> 7 -> 3 -> 6 -> 1 -> 5 [slot=10-10, slots=1] | IP 5->0 maps OPT 5->1: LP#14: 5 -> 7 -> 2 -> 6 -> 1 [slot=2-2, slots=1]; LP#15: 5 -> 9 -> 6 -> 2 -> 7 -> 8 -> 1 [slot=0-0, slots=1]; LP#16: 5 -> 7 -> 8 -> 1 [slot=3-3, slots=1]; LP#17: 5 -> 7 -> 2 -> 6 -> 1 [slot=5-5, slots=1]"
18,18042,initial,d13,32,0,4,1,6,0 -> 5 -> 1 -> 3 -> 4,1 -> 5 -> 0 -> 9 -> 6,"IP 0->5 maps OPT 1->5: LP#3: 1 -> 6 -> 3 -> 7 -> 5 [slot=3-3, slots=1]; LP#4: 1 -> 8 -> 7 -> 3 -> 6 -> 9 -> 5 [slot=2-2, slots=1]; LP#5: 1 -> 8 -> 4 -> 2 -> 6 -> 9 -> 5 [slot=3-3, slots=1] | IP 5->1 maps OPT 5->0: LP#6: 5 -> 7 -> 2 -> 6 -> 1 -> 8 -> 4 -> 0 [slot=0-0, slots=1]; LP#7: 5 -> 1 -> 6 -> 2 -> 4 -> 0 [slot=4-4, slots=1]; LP#8: 5 -> 7 -> 8 -> 4 -> 0 [slot=1-1, slots=1]; LP#9: 5 -> 1 -> 8 -> 4 -> 0 [slot=5-5, slots=1]; LP#10: 5 -> 1 -> 6 -> 3 -> 7 -> 2 -> 4 -> 0 [slot=6-6, slots=1] | IP 1->3 maps OPT 0->9: LP#27: 0 -> 4 -> 8 -> 1 -> 6 -> 9 [slot=7-7, slots=1]; LP#28: 0 -> 4 -> 8 -> 7 -> 5 -> 9 [slot=1-1, slots=1]; LP#29: 0 -> 4 -> 2 -> 7 -> 8 -> 1 -> 6 -> 9 [slot=8-8, slots=1]; LP#30: 0 -> 4 -> 8 -> 7 -> 2 -> 6 -> 9 [slot=4-4, slots=1] | IP 3->4 maps OPT 9->6: LP#0: 9 -> 5 -> 1 -> 6 [slot=0-0, slots=1]; LP#1: 9 -> 5 -> 1 -> 6 [slot=1-1, slots=1]"
18,18042,initial,d14,48,1,2,0,4,1 -> 5 -> 0 -> 3 -> 2,0 -> 5 -> 1 -> 9 -> 4,"IP 1->5 maps OPT 0->5: LP#41: 0 -> 4 -> 8 -> 7 -> 2 -> 6 -> 1 -> 5 [slot=14-14, slots=1]; LP#42: 0 -> 4 -> 2 -> 6 -> 1 -> 5 [slot=9-9, slots=1]; LP#43: 0 -> 4 -> 2 -> 7 -> 3 -> 6 -> 1 -> 5 [slot=10-10, slots=1] | IP 5->0 maps OPT 5->1: LP#14: 5 -> 7 -> 2 -> 6 -> 1 [slot=2-2, slots=1]; LP#15: 5 -> 9 -> 6 -> 2 -> 7 -> 8 -> 1 [slot=0-0, slots=1]; LP#16: 5 -> 7 -> 8 -> 1 [slot=3-3, slots=1]; LP#17: 5 -> 7 -> 2 -> 6 -> 1 [slot=5-5, slots=1] | IP 0->3 maps OPT 1->9: LP#21: 1 -> 5 -> 9 [slot=2-2, slots=1]; LP#22: 1 -> 8 -> 4 -> 2 -> 6 -> 9 [slot=6-6, slots=1]; LP#23: 1 -> 6 -> 2 -> 7 -> 5 -> 9 [slot=5-5, slots=1] | IP 3->2 maps OPT 9->4: LP#44: 9 -> 5 -> 7 -> 2 -> 4 [slot=15-15, slots=1]"
18,18042,initial,d15,39,5,3,5,9,5 -> 4 -> 3,5 -> 6 -> 9,"IP 5->4 maps OPT 5->6: LP#45: 5 -> 7 -> 8 -> 1 -> 6 [slot=13-13, slots=1] | IP 4->3 maps OPT 6->9: LP#39: 6 -> 1 -> 5 -> 9 [slot=3-3, slots=1]; LP#40: 6 -> 1 -> 8 -> 7 -> 5 -> 9 [slot=8-8, slots=1]"
18,18042,initial,d16,80,1,5,0,5,1 -> 3 -> 0 -> 4 -> 5,0 -> 9 -> 1 -> 6 -> 5,"IP 1->3 maps OPT 0->9: LP#27: 0 -> 4 -> 8 -> 1 -> 6 -> 9 [slot=7-7, slots=1]; LP#28: 0 -> 4 -> 8 -> 7 -> 5 -> 9 [slot=1-1, slots=1]; LP#29: 0 -> 4 -> 2 -> 7 -> 8 -> 1 -> 6 -> 9 [slot=8-8, slots=1]; LP#30: 0 -> 4 -> 8 -> 7 -> 2 -> 6 -> 9 [slot=4-4, slots=1] | IP 3->0 maps OPT 9->1: LP#31: 9 -> 6 -> 2 -> 4 -> 8 -> 1 [slot=9-9, slots=1]; LP#32: 9 -> 5 -> 7 -> 2 -> 6 -> 1 [slot=11-11, slots=1]; LP#33: 9 -> 5 -> 1 [slot=7-7, slots=1]; LP#34: 9 -> 6 -> 2 -> 4 -> 8 -> 1 [slot=11-11, slots=1]; LP#35: 9 -> 6 -> 2 -> 4 -> 8 -> 1 [slot=12-12, slots=1] | IP 0->4 maps OPT 1->6: LP#18: 1 -> 5 -> 7 -> 3 -> 6 [slot=4-4, slots=1]; LP#19: 1 -> 5 -> 7 -> 2 -> 6 [slot=7-7, slots=1]; LP#20: 1 -> 6 [slot=2-2, slots=1] | IP 4->5 maps OPT 6->5: LP#11: 6 -> 3 -> 7 -> 5 [slot=0-0, slots=1]; LP#12: 6 -> 1 -> 5 [slot=1-1, slots=1]; LP#13: 6 -> 1 -> 8 -> 4 -> 2 -> 7 -> 5 [slot=4-4, slots=1]"
18,18042,initial,d17,78,4,1,6,0,4 -> 5 -> 1,6 -> 5 -> 0,"IP 4->5 maps OPT 6->5: LP#11: 6 -> 3 -> 7 -> 5 [slot=0-0, slots=1]; LP#12: 6 -> 1 -> 5 [slot=1-1, slots=1]; LP#13: 6 -> 1 -> 8 -> 4 -> 2 -> 7 -> 5 [slot=4-4, slots=1] | IP 5->1 maps OPT 5->0: LP#6: 5 -> 7 -> 2 -> 6 -> 1 -> 8 -> 4 -> 0 [slot=0-0, slots=1]; LP#7: 5 -> 1 -> 6 -> 2 -> 4 -> 0 [slot=4-4, slots=1]; LP#8: 5 -> 7 -> 8 -> 4 -> 0 [slot=1-1, slots=1]; LP#9: 5 -> 1 -> 8 -> 4 -> 0 [slot=5-5, slots=1]; LP#10: 5 -> 1 -> 6 -> 3 -> 7 -> 2 -> 4 -> 0 [slot=6-6, slots=1]"
18,18042,best,d0,42,3,1,9,0,3 -> 1,9 -> 0,"IP 3->1 maps OPT 9->0: LP#835: 9 -> 6 -> 3 -> 7 -> 2 -> 4 -> 0 [slot=10-10, slots=1]"
18,18042,best,d1,68,3,0,9,1,3 -> 0,9 -> 1,"IP 3->0 maps OPT 9->1: LP#35: 9 -> 6 -> 2 -> 4 -> 8 -> 1 [slot=12-12, slots=1]; LP#848: 9 -> 5 -> 7 -> 2 -> 6 -> 1 [slot=11-11, slots=1]; LP#851: 9 -> 5 -> 1 [slot=7-7, slots=1]; LP#990: 9 -> 5 -> 1 [slot=8-8, slots=1]"
18,18042,best,d2,96,5,1,5,0,5 -> 1,5 -> 0,"IP 5->1 maps OPT 5->0: LP#829: 5 -> 1 -> 6 -> 3 -> 7 -> 2 -> 4 -> 0 [slot=6-6, slots=1]; LP#882: 5 -> 1 -> 8 -> 4 -> 0 [slot=5-5, slots=1]; LP#981: 5 -> 1 -> 8 -> 7 -> 2 -> 4 -> 0 [slot=15-15, slots=1]; LP#991: 5 -> 7 -> 8 -> 4 -> 0 [slot=1-1, slots=1]"
18,18042,best,d3,64,5,4,5,6,5 -> 0 -> 4,5 -> 1 -> 6,"IP 5->0 maps OPT 5->1: LP#756: 5 -> 7 -> 2 -> 6 -> 1 [slot=5-5, slots=1]; LP#847: 5 -> 7 -> 2 -> 6 -> 1 [slot=2-2, slots=1]; LP#978: 5 -> 1 [slot=1-1, slots=1] | IP 0->4 maps OPT 1->6: LP#18: 1 -> 5 -> 7 -> 3 -> 6 [slot=4-4, slots=1]; LP#19: 1 -> 5 -> 7 -> 2 -> 6 [slot=7-7, slots=1]; LP#501: 1 -> 6 [slot=2-2, slots=1]"
18,18042,best,d4,91,5,1,5,0,5 -> 1,5 -> 0,"IP 5->1 maps OPT 5->0: LP#829: 5 -> 1 -> 6 -> 3 -> 7 -> 2 -> 4 -> 0 [slot=6-6, slots=1]; LP#882: 5 -> 1 -> 8 -> 4 -> 0 [slot=5-5, slots=1]; LP#981: 5 -> 1 -> 8 -> 7 -> 2 -> 4 -> 0 [slot=15-15, slots=1]; LP#991: 5 -> 7 -> 8 -> 4 -> 0 [slot=1-1, slots=1]"
18,18042,best,d5,70,1,0,0,1,1 -> 3 -> 0,0 -> 9 -> 1,"IP 1->3 maps OPT 0->9: LP#912: 0 -> 4 -> 8 -> 7 -> 2 -> 6 -> 9 [slot=4-4, slots=1] | IP 3->0 maps OPT 9->1: LP#35: 9 -> 6 -> 2 -> 4 -> 8 -> 1 [slot=12-12, slots=1]; LP#848: 9 -> 5 -> 7 -> 2 -> 6 -> 1 [slot=11-11, slots=1]; LP#851: 9 -> 5 -> 1 [slot=7-7, slots=1]; LP#990: 9 -> 5 -> 1 [slot=8-8, slots=1]"
18,18042,best,d6,93,2,3,4,9,2 -> 3,4 -> 9,"IP 2->3 maps OPT 4->9: LP#886: 4 -> 8 -> 7 -> 2 -> 6 -> 9 [slot=13-13, slots=1]; LP#973: 4 -> 8 -> 1 -> 6 -> 9 [slot=1-1, slots=1]; LP#992: 4 -> 2 -> 7 -> 5 -> 9 [slot=1-1, slots=1]"
18,18042,best,d7,38,4,5,6,5,4 -> 3 -> 0 -> 5,6 -> 9 -> 1 -> 5,"IP 4->3 maps OPT 6->9: LP#963: 6 -> 1 -> 5 -> 9 [slot=8-8, slots=1]; LP#989: 6 -> 9 [slot=0-0, slots=1] | IP 3->0 maps OPT 9->1: LP#35: 9 -> 6 -> 2 -> 4 -> 8 -> 1 [slot=12-12, slots=1]; LP#848: 9 -> 5 -> 7 -> 2 -> 6 -> 1 [slot=11-11, slots=1]; LP#851: 9 -> 5 -> 1 [slot=7-7, slots=1]; LP#990: 9 -> 5 -> 1 [slot=8-8, slots=1] | IP 0->5 maps OPT 1->5: LP#625: 1 -> 6 -> 3 -> 7 -> 5 [slot=3-3, slots=1]; LP#662: 1 -> 8 -> 7 -> 3 -> 6 -> 9 -> 5 [slot=2-2, slots=1]; LP#691: 1 -> 8 -> 4 -> 2 -> 6 -> 9 -> 5 [slot=3-3, slots=1]; LP#976: 1 -> 8 -> 7 -> 5 [slot=0-0, slots=1]"
18,18042,best,d8,75,5,4,5,6,5 -> 0 -> 4,5 -> 1 -> 6,"IP 5->0 maps OPT 5->1: LP#756: 5 -> 7 -> 2 -> 6 -> 1 [slot=5-5, slots=1]; LP#847: 5 -> 7 -> 2 -> 6 -> 1 [slot=2-2, slots=1]; LP#978: 5 -> 1 [slot=1-1, slots=1] | IP 0->4 maps OPT 1->6: LP#18: 1 -> 5 -> 7 -> 3 -> 6 [slot=4-4, slots=1]; LP#19: 1 -> 5 -> 7 -> 2 -> 6 [slot=7-7, slots=1]; LP#501: 1 -> 6 [slot=2-2, slots=1]"
18,18042,best,d9,45,4,5,6,5,4 -> 0 -> 5,6 -> 1 -> 5,"IP 4->0 maps OPT 6->1: LP#457: 6 -> 2 -> 7 -> 5 -> 1 [slot=2-2, slots=1] | IP 0->5 maps OPT 1->5: LP#625: 1 -> 6 -> 3 -> 7 -> 5 [slot=3-3, slots=1]; LP#662: 1 -> 8 -> 7 -> 3 -> 6 -> 9 -> 5 [slot=2-2, slots=1]; LP#691: 1 -> 8 -> 4 -> 2 -> 6 -> 9 -> 5 [slot=3-3, slots=1]; LP#976: 1 -> 8 -> 7 -> 5 [slot=0-0, slots=1]"
18,18042,best,d10,69,2,5,4,5,2 -> 3 -> 0 -> 5,4 -> 9 -> 1 -> 5,"IP 2->3 maps OPT 4->9: LP#886: 4 -> 8 -> 7 -> 2 -> 6 -> 9 [slot=13-13, slots=1]; LP#973: 4 -> 8 -> 1 -> 6 -> 9 [slot=1-1, slots=1]; LP#992: 4 -> 2 -> 7 -> 5 -> 9 [slot=1-1, slots=1] | IP 3->0 maps OPT 9->1: LP#35: 9 -> 6 -> 2 -> 4 -> 8 -> 1 [slot=12-12, slots=1]; LP#848: 9 -> 5 -> 7 -> 2 -> 6 -> 1 [slot=11-11, slots=1]; LP#851: 9 -> 5 -> 1 [slot=7-7, slots=1]; LP#990: 9 -> 5 -> 1 [slot=8-8, slots=1] | IP 0->5 maps OPT 1->5: LP#625: 1 -> 6 -> 3 -> 7 -> 5 [slot=3-3, slots=1]; LP#662: 1 -> 8 -> 7 -> 3 -> 6 -> 9 -> 5 [slot=2-2, slots=1]; LP#691: 1 -> 8 -> 4 -> 2 -> 6 -> 9 -> 5 [slot=3-3, slots=1]; LP#976: 1 -> 8 -> 7 -> 5 [slot=0-0, slots=1]"
18,18042,best,d11,95,0,5,1,5,0 -> 5,1 -> 5,"IP 0->5 maps OPT 1->5: LP#625: 1 -> 6 -> 3 -> 7 -> 5 [slot=3-3, slots=1]; LP#662: 1 -> 8 -> 7 -> 3 -> 6 -> 9 -> 5 [slot=2-2, slots=1]; LP#691: 1 -> 8 -> 4 -> 2 -> 6 -> 9 -> 5 [slot=3-3, slots=1]; LP#976: 1 -> 8 -> 7 -> 5 [slot=0-0, slots=1]"
18,18042,best,d12,43,3,0,9,1,3 -> 0,9 -> 1,"IP 3->0 maps OPT 9->1: LP#35: 9 -> 6 -> 2 -> 4 -> 8 -> 1 [slot=12-12, slots=1]; LP#848: 9 -> 5 -> 7 -> 2 -> 6 -> 1 [slot=11-11, slots=1]; LP#851: 9 -> 5 -> 1 [slot=7-7, slots=1]; LP#990: 9 -> 5 -> 1 [slot=8-8, slots=1]"
18,18042,best,d13,32,0,4,1,6,0 -> 4,1 -> 6,"IP 0->4 maps OPT 1->6: LP#18: 1 -> 5 -> 7 -> 3 -> 6 [slot=4-4, slots=1]; LP#19: 1 -> 5 -> 7 -> 2 -> 6 [slot=7-7, slots=1]; LP#501: 1 -> 6 [slot=2-2, slots=1]"
18,18042,best,d14,48,1,2,0,4,1 -> 5 -> 0 -> 4 -> 3 -> 2,0 -> 5 -> 1 -> 6 -> 9 -> 4,"IP 1->5 maps OPT 0->5: LP#962: 0 -> 4 -> 8 -> 1 -> 6 -> 2 -> 7 -> 5 [slot=7-7, slots=1]; LP#969: 0 -> 4 -> 8 -> 7 -> 2 -> 6 -> 1 -> 5 [slot=14-14, slots=1] | IP 5->0 maps OPT 5->1: LP#756: 5 -> 7 -> 2 -> 6 -> 1 [slot=5-5, slots=1]; LP#847: 5 -> 7 -> 2 -> 6 -> 1 [slot=2-2, slots=1]; LP#978: 5 -> 1 [slot=1-1, slots=1] | IP 0->4 maps OPT 1->6: LP#18: 1 -> 5 -> 7 -> 3 -> 6 [slot=4-4, slots=1]; LP#19: 1 -> 5 -> 7 -> 2 -> 6 [slot=7-7, slots=1]; LP#501: 1 -> 6 [slot=2-2, slots=1] | IP 4->3 maps OPT 6->9: LP#963: 6 -> 1 -> 5 -> 9 [slot=8-8, slots=1]; LP#989: 6 -> 9 [slot=0-0, slots=1] | IP 3->2 maps OPT 9->4: LP#988: 9 -> 5 -> 1 -> 8 -> 4 [slot=9-9, slots=1]"
18,18042,best,d15,39,5,3,5,9,5 -> 0 -> 3,5 -> 1 -> 9,"IP 5->0 maps OPT 5->1: LP#756: 5 -> 7 -> 2 -> 6 -> 1 [slot=5-5, slots=1]; LP#847: 5 -> 7 -> 2 -> 6 -> 1 [slot=2-2, slots=1]; LP#978: 5 -> 1 [slot=1-1, slots=1] | IP 0->3 maps OPT 1->9: LP#713: 1 -> 5 -> 9 [slot=2-2, slots=1]"
18,18042,best,d16,80,1,5,0,5,1 -> 5,0 -> 5,"IP 1->5 maps OPT 0->5: LP#962: 0 -> 4 -> 8 -> 1 -> 6 -> 2 -> 7 -> 5 [slot=7-7, slots=1]; LP#969: 0 -> 4 -> 8 -> 7 -> 2 -> 6 -> 1 -> 5 [slot=14-14, slots=1]"
18,18042,best,d17,78,4,1,6,0,4 -> 5 -> 1,6 -> 5 -> 0,"IP 4->5 maps OPT 6->5: LP#846: 6 -> 1 -> 5 [slot=1-1, slots=1] | IP 5->1 maps OPT 5->0: LP#829: 5 -> 1 -> 6 -> 3 -> 7 -> 2 -> 4 -> 0 [slot=6-6, slots=1]; LP#882: 5 -> 1 -> 8 -> 4 -> 0 [slot=5-5, slots=1]; LP#981: 5 -> 1 -> 8 -> 7 -> 2 -> 4 -> 0 [slot=15-15, slots=1]; LP#991: 5 -> 7 -> 8 -> 4 -> 0 [slot=1-1, slots=1]"
18,18042,lns,d0,42,3,1,9,0,3 -> 4 -> 0 -> 5 -> 1,9 -> 6 -> 1 -> 5 -> 0,"IP 3->4 maps OPT 9->6: LP#0: 9 -> 5 -> 1 -> 6 [slot=0-0, slots=1]; LP#1: 9 -> 5 -> 1 -> 6 [slot=1-1, slots=1] | IP 4->0 maps OPT 6->1: LP#46: 6 -> 1 [slot=6-6, slots=1] | IP 0->5 maps OPT 1->5: LP#3: 1 -> 6 -> 3 -> 7 -> 5 [slot=3-3, slots=1]; LP#4: 1 -> 8 -> 7 -> 3 -> 6 -> 9 -> 5 [slot=2-2, slots=1]; LP#5: 1 -> 8 -> 4 -> 2 -> 6 -> 9 -> 5 [slot=3-3, slots=1] | IP 5->1 maps OPT 5->0: LP#7: 5 -> 1 -> 6 -> 2 -> 4 -> 0 [slot=4-4, slots=1]; LP#8: 5 -> 7 -> 8 -> 4 -> 0 [slot=1-1, slots=1]; LP#9: 5 -> 1 -> 8 -> 4 -> 0 [slot=5-5, slots=1]"
18,18042,lns,d1,68,3,0,9,1,3 -> 0,9 -> 1,"IP 3->0 maps OPT 9->1: LP#48: 9 -> 5 -> 1 [slot=7-7, slots=1]; LP#49: 9 -> 5 -> 1 [slot=9-9, slots=1]; LP#51: 9 -> 5 -> 1 [slot=10-10, slots=1]"
18,18042,lns,d2,96,5,1,5,0,5 -> 1,5 -> 0,"IP 5->1 maps OPT 5->0: LP#7: 5 -> 1 -> 6 -> 2 -> 4 -> 0 [slot=4-4, slots=1]; LP#8: 5 -> 7 -> 8 -> 4 -> 0 [slot=1-1, slots=1]; LP#9: 5 -> 1 -> 8 -> 4 -> 0 [slot=5-5, slots=1]"
18,18042,lns,d3,64,5,4,5,6,5 -> 4,5 -> 6,"IP 5->4 maps OPT 5->6: LP#45: 5 -> 7 -> 8 -> 1 -> 6 [slot=13-13, slots=1]; LP#52: 5 -> 1 -> 6 [slot=8-8, slots=1]"
18,18042,lns,d4,91,5,1,5,0,5 -> 1,5 -> 0,"IP 5->1 maps OPT 5->0: LP#7: 5 -> 1 -> 6 -> 2 -> 4 -> 0 [slot=4-4, slots=1]; LP#8: 5 -> 7 -> 8 -> 4 -> 0 [slot=1-1, slots=1]; LP#9: 5 -> 1 -> 8 -> 4 -> 0 [slot=5-5, slots=1]"
18,18042,lns,d5,70,1,0,0,1,1 -> 3 -> 0,0 -> 9 -> 1,"IP 1->3 maps OPT 0->9: LP#27: 0 -> 4 -> 8 -> 1 -> 6 -> 9 [slot=7-7, slots=1]; LP#54: 0 -> 4 -> 2 -> 6 -> 9 [slot=4-4, slots=1] | IP 3->0 maps OPT 9->1: LP#48: 9 -> 5 -> 1 [slot=7-7, slots=1]; LP#49: 9 -> 5 -> 1 [slot=9-9, slots=1]; LP#51: 9 -> 5 -> 1 [slot=10-10, slots=1]"
18,18042,lns,d6,93,2,3,4,9,2 -> 3,4 -> 9,"IP 2->3 maps OPT 4->9: LP#36: 4 -> 8 -> 7 -> 2 -> 6 -> 9 [slot=13-13, slots=1]; LP#37: 4 -> 2 -> 7 -> 5 -> 9 [slot=7-7, slots=1]; LP#38: 4 -> 8 -> 1 -> 6 -> 9 [slot=10-10, slots=1]"
18,18042,lns,d7,38,4,5,6,5,4 -> 0 -> 5,6 -> 1 -> 5,"IP 4->0 maps OPT 6->1: LP#46: 6 -> 1 [slot=6-6, slots=1] | IP 0->5 maps OPT 1->5: LP#3: 1 -> 6 -> 3 -> 7 -> 5 [slot=3-3, slots=1]; LP#4: 1 -> 8 -> 7 -> 3 -> 6 -> 9 -> 5 [slot=2-2, slots=1]; LP#5: 1 -> 8 -> 4 -> 2 -> 6 -> 9 -> 5 [slot=3-3, slots=1]"
18,18042,lns,d8,75,5,4,5,6,5 -> 4,5 -> 6,"IP 5->4 maps OPT 5->6: LP#45: 5 -> 7 -> 8 -> 1 -> 6 [slot=13-13, slots=1]; LP#52: 5 -> 1 -> 6 [slot=8-8, slots=1]"
18,18042,lns,d9,45,4,5,6,5,4 -> 3 -> 0 -> 5,6 -> 9 -> 1 -> 5,"IP 4->3 maps OPT 6->9: LP#50: 6 -> 9 [slot=0-0, slots=1]; LP#53: 6 -> 9 [slot=1-1, slots=1] | IP 3->0 maps OPT 9->1: LP#48: 9 -> 5 -> 1 [slot=7-7, slots=1]; LP#49: 9 -> 5 -> 1 [slot=9-9, slots=1]; LP#51: 9 -> 5 -> 1 [slot=10-10, slots=1] | IP 0->5 maps OPT 1->5: LP#3: 1 -> 6 -> 3 -> 7 -> 5 [slot=3-3, slots=1]; LP#4: 1 -> 8 -> 7 -> 3 -> 6 -> 9 -> 5 [slot=2-2, slots=1]; LP#5: 1 -> 8 -> 4 -> 2 -> 6 -> 9 -> 5 [slot=3-3, slots=1]"
18,18042,lns,d10,69,2,5,4,5,2 -> 3 -> 4 -> 5,4 -> 9 -> 6 -> 5,"IP 2->3 maps OPT 4->9: LP#36: 4 -> 8 -> 7 -> 2 -> 6 -> 9 [slot=13-13, slots=1]; LP#37: 4 -> 2 -> 7 -> 5 -> 9 [slot=7-7, slots=1]; LP#38: 4 -> 8 -> 1 -> 6 -> 9 [slot=10-10, slots=1] | IP 3->4 maps OPT 9->6: LP#0: 9 -> 5 -> 1 -> 6 [slot=0-0, slots=1]; LP#1: 9 -> 5 -> 1 -> 6 [slot=1-1, slots=1] | IP 4->5 maps OPT 6->5: LP#12: 6 -> 1 -> 5 [slot=1-1, slots=1]"
18,18042,lns,d11,95,0,5,1,5,0 -> 5,1 -> 5,"IP 0->5 maps OPT 1->5: LP#3: 1 -> 6 -> 3 -> 7 -> 5 [slot=3-3, slots=1]; LP#4: 1 -> 8 -> 7 -> 3 -> 6 -> 9 -> 5 [slot=2-2, slots=1]; LP#5: 1 -> 8 -> 4 -> 2 -> 6 -> 9 -> 5 [slot=3-3, slots=1]"
18,18042,lns,d12,43,3,0,9,1,3 -> 0,9 -> 1,"IP 3->0 maps OPT 9->1: LP#48: 9 -> 5 -> 1 [slot=7-7, slots=1]; LP#49: 9 -> 5 -> 1 [slot=9-9, slots=1]; LP#51: 9 -> 5 -> 1 [slot=10-10, slots=1]"
18,18042,lns,d13,32,0,4,1,6,0 -> 3 -> 4,1 -> 9 -> 6,"IP 0->3 maps OPT 1->9: LP#21: 1 -> 5 -> 9 [slot=2-2, slots=1] | IP 3->4 maps OPT 9->6: LP#0: 9 -> 5 -> 1 -> 6 [slot=0-0, slots=1]; LP#1: 9 -> 5 -> 1 -> 6 [slot=1-1, slots=1]"
18,18042,lns,d14,48,1,2,0,4,1 -> 3 -> 2,0 -> 9 -> 4,"IP 1->3 maps OPT 0->9: LP#27: 0 -> 4 -> 8 -> 1 -> 6 -> 9 [slot=7-7, slots=1]; LP#54: 0 -> 4 -> 2 -> 6 -> 9 [slot=4-4, slots=1] | IP 3->2 maps OPT 9->4: LP#44: 9 -> 5 -> 7 -> 2 -> 4 [slot=15-15, slots=1]"
18,18042,lns,d15,39,5,3,5,9,5 -> 0 -> 3,5 -> 1 -> 9,"IP 5->0 maps OPT 5->1: LP#16: 5 -> 7 -> 8 -> 1 [slot=3-3, slots=1] | IP 0->3 maps OPT 1->9: LP#21: 1 -> 5 -> 9 [slot=2-2, slots=1]"
18,18042,lns,d16,80,1,5,0,5,1 -> 5,0 -> 5,"IP 1->5 maps OPT 0->5: LP#47: 0 -> 4 -> 8 -> 1 -> 5 [slot=5-5, slots=1]"
18,18042,lns,d17,78,4,1,6,0,4 -> 3 -> 1,6 -> 9 -> 0,"IP 4->3 maps OPT 6->9: LP#50: 6 -> 9 [slot=0-0, slots=1]; LP#53: 6 -> 9 [slot=1-1, slots=1] | IP 3->1 maps OPT 9->0: LP#24: 9 -> 5 -> 7 -> 2 -> 4 -> 0 [slot=8-8, slots=1]"
20,20042,initial,d0,68,0,3,1,9,0 -> 5 -> 1 -> 3,1 -> 5 -> 0 -> 9,"IP 0->5 maps OPT 1->5: LP#0: 1 -> 6 -> 2 -> 4 -> 8 -> 7 -> 5 [slot=0-0, slots=1]; LP#1: 1 -> 8 -> 4 -> 2 -> 6 -> 9 -> 5 [slot=0-0, slots=1]; LP#2: 1 -> 6 -> 2 -> 7 -> 5 [slot=1-1, slots=1] | IP 5->1 maps OPT 5->0: LP#3: 5 -> 1 -> 8 -> 7 -> 2 -> 4 -> 0 [slot=1-1, slots=1]; LP#4: 5 -> 7 -> 2 -> 4 -> 0 [slot=2-2, slots=1]; LP#5: 5 -> 1 -> 8 -> 4 -> 0 [slot=3-3, slots=1]; LP#6: 5 -> 9 -> 6 -> 2 -> 4 -> 0 [slot=4-4, slots=1] | IP 1->3 maps OPT 0->9: LP#7: 0 -> 4 -> 2 -> 6 -> 1 -> 5 -> 9 [slot=1-1, slots=1]; LP#8: 0 -> 4 -> 2 -> 7 -> 5 -> 9 [slot=2-2, slots=1]; LP#9: 0 -> 4 -> 2 -> 6 -> 9 [slot=3-3, slots=1]; LP#10: 0 -> 4 -> 8 -> 7 -> 5 -> 9 [slot=5-5, slots=1]"
20,20042,initial,d1,84,0,3,1,9,0 -> 4 -> 5 -> 1 -> 3,1 -> 6 -> 5 -> 0 -> 9,"IP 0->4 maps OPT 1->6: LP#11: 1 -> 6 [slot=2-2, slots=1]; LP#12: 1 -> 8 -> 7 -> 5 -> 9 -> 6 [slot=6-6, slots=1]; LP#13: 1 -> 8 -> 7 -> 5 -> 9 -> 6 [slot=7-7, slots=1] | IP 4->5 maps OPT 6->5: LP#14: 6 -> 2 -> 7 -> 8 -> 1 -> 5 [slot=3-3, slots=1]; LP#15: 6 -> 2 -> 4 -> 8 -> 1 -> 5 [slot=6-6, slots=1]; LP#16: 6 -> 9 -> 5 [slot=1-1, slots=1]; LP#17: 6 -> 1 -> 5 [slot=0-0, slots=1] | IP 5->1 maps OPT 5->0: LP#3: 5 -> 1 -> 8 -> 7 -> 2 -> 4 -> 0 [slot=1-1, slots=1]; LP#4: 5 -> 7 -> 2 -> 4 -> 0 [slot=2-2, slots=1]; LP#5: 5 -> 1 -> 8 -> 4 -> 0 [slot=3-3, slots=1]; LP#6: 5 -> 9 -> 6 -> 2 -> 4 -> 0 [slot=4-4, slots=1] | IP 1->3 maps OPT 0->9: LP#7: 0 -> 4 -> 2 -> 6 -> 1 -> 5 -> 9 [slot=1-1, slots=1]; LP#8: 0 -> 4 -> 2 -> 7 -> 5 -> 9 [slot=2-2, slots=1]; LP#9: 0 -> 4 -> 2 -> 6 -> 9 [slot=3-3, slots=1]; LP#10: 0 -> 4 -> 8 -> 7 -> 5 -> 9 [slot=5-5, slots=1]"
20,20042,initial,d2,66,0,5,1,5,0 -> 3 -> 4 -> 5,1 -> 9 -> 6 -> 5,"IP 0->3 maps OPT 1->9: LP#18: 1 -> 8 -> 7 -> 3 -> 6 -> 9 [slot=2-2, slots=1]; LP#19: 1 -> 6 -> 3 -> 7 -> 5 -> 9 [slot=3-3, slots=1]; LP#20: 1 -> 5 -> 7 -> 3 -> 6 -> 9 [slot=4-4, slots=1]; LP#21: 1 -> 5 -> 7 -> 3 -> 6 -> 9 [slot=5-5, slots=1]; LP#22: 1 -> 8 -> 7 -> 5 -> 9 [slot=8-8, slots=1] | IP 3->4 maps OPT 9->6: LP#23: 9 -> 6 [slot=0-0, slots=1]; LP#24: 9 -> 5 -> 1 -> 8 -> 4 -> 2 -> 6 [slot=4-4, slots=1]; LP#25: 9 -> 5 -> 7 -> 8 -> 4 -> 2 -> 6 [slot=6-6, slots=1]; LP#26: 9 -> 5 -> 7 -> 8 -> 1 -> 6 [slot=7-7, slots=1]; LP#27: 9 -> 5 -> 1 -> 8 -> 7 -> 2 -> 6 [slot=9-9, slots=1] | IP 4->5 maps OPT 6->5: LP#14: 6 -> 2 -> 7 -> 8 -> 1 -> 5 [slot=3-3, slots=1]; LP#15: 6 -> 2 -> 4 -> 8 -> 1 -> 5 [slot=6-6, slots=1]; LP#16: 6 -> 9 -> 5 [slot=1-1, slots=1]; LP#17: 6 -> 1 -> 5 [slot=0-0, slots=1]"
20,20042,initial,d3,84,5,2,5,4,5 -> 4 -> 0 -> 3 -> 2,5 -> 6 -> 1 -> 9 -> 4,"IP 5->4 maps OPT 5->6: LP#28: 5 -> 1 -> 8 -> 7 -> 2 -> 6 [slot=10-10, slots=1]; LP#29: 5 -> 7 -> 3 -> 6 [slot=0-0, slots=1]; LP#30: 5 -> 1 -> 8 -> 7 -> 3 -> 6 [slot=11-11, slots=1]; LP#31: 5 -> 1 -> 8 -> 7 -> 3 -> 6 [slot=12-12, slots=1]; LP#32: 5 -> 7 -> 2 -> 6 [slot=8-8, slots=1]; LP#33: 5 -> 7 -> 2 -> 4 -> 8 -> 1 -> 6 [slot=11-11, slots=1] | IP 4->0 maps OPT 6->1: LP#34: 6 -> 1 [slot=2-2, slots=1]; LP#35: 6 -> 2 -> 7 -> 8 -> 1 [slot=5-5, slots=1]; LP#36: 6 -> 3 -> 7 -> 2 -> 4 -> 8 -> 1 [slot=12-12, slots=1]; LP#37: 6 -> 9 -> 5 -> 7 -> 8 -> 1 [slot=10-10, slots=1]; LP#38: 6 -> 3 -> 7 -> 5 -> 1 [slot=13-13, slots=1] | IP 0->3 maps OPT 1->9: LP#18: 1 -> 8 -> 7 -> 3 -> 6 -> 9 [slot=2-2, slots=1]; LP#19: 1 -> 6 -> 3 -> 7 -> 5 -> 9 [slot=3-3, slots=1]; LP#20: 1 -> 5 -> 7 -> 3 -> 6 -> 9 [slot=4-4, slots=1]; LP#21: 1 -> 5 -> 7 -> 3 -> 6 -> 9 [slot=5-5, slots=1]; LP#22: 1 -> 8 -> 7 -> 5 -> 9 [slot=8-8, slots=1] | IP 3->2 maps OPT 9->4: LP#39: 9 -> 6 -> 1 -> 8 -> 4 [slot=5-5, slots=1]; LP#40: 9 -> 5 -> 1 -> 6 -> 2 -> 4 [slot=8-8, slots=1]; LP#41: 9 -> 5 -> 1 -> 8 -> 4 [slot=14-14, slots=1]"
20,20042,initial,d4,33,1,3,0,9,1 -> 5 -> 4 -> 3,0 -> 5 -> 6 -> 9,"IP 1->5 maps OPT 0->5: LP#42: 0 -> 4 -> 8 -> 7 -> 3 -> 6 -> 1 -> 5 [slot=13-13, slots=1]; LP#43: 0 -> 4 -> 2 -> 6 -> 1 -> 5 [slot=7-7, slots=1]; LP#44: 0 -> 4 -> 8 -> 7 -> 2 -> 6 -> 1 -> 5 [slot=14-14, slots=1]; LP#45: 0 -> 4 -> 8 -> 1 -> 5 [slot=8-8, slots=1]; LP#46: 0 -> 4 -> 8 -> 7 -> 3 -> 6 -> 1 -> 5 [slot=15-15, slots=1]; LP#47: 0 -> 4 -> 2 -> 7 -> 8 -> 1 -> 5 [slot=9-9, slots=1] | IP 5->4 maps OPT 5->6: LP#28: 5 -> 1 -> 8 -> 7 -> 2 -> 6 [slot=10-10, slots=1]; LP#29: 5 -> 7 -> 3 -> 6 [slot=0-0, slots=1]; LP#30: 5 -> 1 -> 8 -> 7 -> 3 -> 6 [slot=11-11, slots=1]; LP#31: 5 -> 1 -> 8 -> 7 -> 3 -> 6 [slot=12-12, slots=1]; LP#32: 5 -> 7 -> 2 -> 6 [slot=8-8, slots=1]; LP#33: 5 -> 7 -> 2 -> 4 -> 8 -> 1 -> 6 [slot=11-11, slots=1] | IP 4->3 maps OPT 6->9: LP#48: 6 -> 1 -> 8 -> 4 -> 2 -> 7 -> 5 -> 9 [slot=16-16, slots=1]; LP#49: 6 -> 2 -> 7 -> 5 -> 9 [slot=10-10, slots=1]; LP#50: 6 -> 2 -> 4 -> 8 -> 7 -> 5 -> 9 [slot=17-17, slots=1]"
20,20042,initial,d5,88,2,4,4,6,2 -> 3 -> 1 -> 5 -> 0 -> 4,4 -> 9 -> 0 -> 5 -> 1 -> 6,"IP 2->3 maps OPT 4->9: LP#51: 4 -> 2 -> 7 -> 8 -> 1 -> 6 -> 9 [slot=13-13, slots=1]; LP#52: 4 -> 2 -> 7 -> 5 -> 9 [slot=11-11, slots=1]; LP#53: 4 -> 2 -> 6 -> 9 [slot=12-12, slots=1] | IP 3->1 maps OPT 9->0: LP#54: 9 -> 5 -> 1 -> 8 -> 7 -> 2 -> 4 -> 0 [slot=18-18, slots=1]; LP#55: 9 -> 6 -> 2 -> 4 -> 0 [slot=9-9, slots=1]; LP#56: 9 -> 6 -> 1 -> 8 -> 4 -> 0 [slot=17-17, slots=1]; LP#57: 9 -> 6 -> 1 -> 8 -> 4 -> 0 [slot=19-19, slots=1]; LP#58: 9 -> 6 -> 2 -> 4 -> 0 [slot=13-13, slots=1] | IP 1->5 maps OPT 0->5: LP#42: 0 -> 4 -> 8 -> 7 -> 3 -> 6 -> 1 -> 5 [slot=13-13, slots=1]; LP#43: 0 -> 4 -> 2 -> 6 -> 1 -> 5 [slot=7-7, slots=1]; LP#44: 0 -> 4 -> 8 -> 7 -> 2 -> 6 -> 1 -> 5 [slot=14-14, slots=1]; LP#45: 0 -> 4 -> 8 -> 1 -> 5 [slot=8-8, slots=1]; LP#46: 0 -> 4 -> 8 -> 7 -> 3 -> 6 -> 1 -> 5 [slot=15-15, slots=1]; LP#47: 0 -> 4 -> 2 -> 7 -> 8 -> 1 -> 5 [slot=9-9, slots=1] | IP 5->0 maps OPT 5->1: LP#59: 5 -> 7 -> 8 -> 4 -> 2 -> 6 -> 1 [slot=18-18, slots=1]; LP#60: 5 -> 7 -> 2 -> 6 -> 1 [slot=20-20, slots=1]; LP#61: 5 -> 9 -> 6 -> 2 -> 7 -> 8 -> 1 [slot=14-14, slots=1]; LP#62: 5 -> 7 -> 2 -> 4 -> 8 -> 1 [slot=16-16, slots=1] | IP 0->4 maps OPT 1->6: LP#11: 1 -> 6 [slot=2-2, slots=1]; LP#12: 1 -> 8 -> 7 -> 5 -> 9 -> 6 [slot=6-6, slots=1]; LP#13: 1 -> 8 -> 7 -> 5 -> 9 -> 6 [slot=7-7, slots=1]"
20,20042,initial,d6,39,2,1,4,0,2 -> 3 -> 4 -> 0 -> 5 -> 1,4 -> 9 -> 6 -> 1 -> 5 -> 0,"IP 2->3 maps OPT 4->9: LP#51: 4 -> 2 -> 7 -> 8 -> 1 -> 6 -> 9 [slot=13-13, slots=1]; LP#52: 4 -> 2 -> 7 -> 5 -> 9 [slot=11-11, slots=1]; LP#53: 4 -> 2 -> 6 -> 9 [slot=12-12, slots=1] | IP 3->4 maps OPT 9->6: LP#23: 9 -> 6 [slot=0-0, slots=1]; LP#24: 9 -> 5 -> 1 -> 8 -> 4 -> 2 -> 6 [slot=4-4, slots=1]; LP#25: 9 -> 5 -> 7 -> 8 -> 4 -> 2 -> 6 [slot=6-6, slots=1]; LP#26: 9 -> 5 -> 7 -> 8 -> 1 -> 6 [slot=7-7, slots=1]; LP#27: 9 -> 5 -> 1 -> 8 -> 7 -> 2 -> 6 [slot=9-9, slots=1] | IP 4->0 maps OPT 6->1: LP#34: 6 -> 1 [slot=2-2, slots=1]; LP#35: 6 -> 2 -> 7 -> 8 -> 1 [slot=5-5, slots=1]; LP#36: 6 -> 3 -> 7 -> 2 -> 4 -> 8 -> 1 [slot=12-12, slots=1]; LP#37: 6 -> 9 -> 5 -> 7 -> 8 -> 1 [slot=10-10, slots=1]; LP#38: 6 -> 3 -> 7 -> 5 -> 1 [slot=13-13, slots=1] | IP 0->5 maps OPT 1->5: LP#0: 1 -> 6 -> 2 -> 4 -> 8 -> 7 -> 5 [slot=0-0, slots=1]; LP#1: 1 -> 8 -> 4 -> 2 -> 6 -> 9 -> 5 [slot=0-0, slots=1]; LP#2: 1 -> 6 -> 2 -> 7 -> 5 [slot=1-1, slots=1] | IP 5->1 maps OPT 5->0: LP#3: 5 -> 1 -> 8 -> 7 -> 2 -> 4 -> 0 [slot=1-1, slots=1]; LP#4: 5 -> 7 -> 2 -> 4 -> 0 [slot=2-2, slots=1]; LP#5: 5 -> 1 -> 8 -> 4 -> 0 [slot=3-3, slots=1]; LP#6: 5 -> 9 -> 6 -> 2 -> 4 -> 0 [slot=4-4, slots=1]"
20,20042,initial,d7,47,2,0,4,1,2 -> 3 -> 1 -> 5 -> 4 -> 0,4 -> 9 -> 0 -> 5 -> 6 -> 1,"IP 2->3 maps OPT 4->9: LP#51: 4 -> 2 -> 7 -> 8 -> 1 -> 6 -> 9 [slot=13-13, slots=1]; LP#52: 4 -> 2 -> 7 -> 5 -> 9 [slot=11-11, slots=1]; LP#53: 4 -> 2 -> 6 -> 9 [slot=12-12, slots=1] | IP 3->1 maps OPT 9->0: LP#54: 9 -> 5 -> 1 -> 8 -> 7 -> 2 -> 4 -> 0 [slot=18-18, slots=1]; LP#55: 9 -> 6 -> 2 -> 4 -> 0 [slot=9-9, slots=1]; LP#56: 9 -> 6 -> 1 -> 8 -> 4 -> 0 [slot=17-17, slots=1]; LP#57: 9 -> 6 -> 1 -> 8 -> 4 -> 0 [slot=19-19, slots=1]; LP#58: 9 -> 6 -> 2 -> 4 -> 0 [slot=13-13, slots=1] | IP 1->5 maps OPT 0->5: LP#42: 0 -> 4 -> 8 -> 7 -> 3 -> 6 -> 1 -> 5 [slot=13-13, slots=1]; LP#43: 0 -> 4 -> 2 -> 6 -> 1 -> 5 [slot=7-7, slots=1]; LP#44: 0 -> 4 -> 8 -> 7 -> 2 -> 6 -> 1 -> 5 [slot=14-14, slots=1]; LP#45: 0 -> 4 -> 8 -> 1 -> 5 [slot=8-8, slots=1]; LP#46: 0 -> 4 -> 8 -> 7 -> 3 -> 6 -> 1 -> 5 [slot=15-15, slots=1]; LP#47: 0 -> 4 -> 2 -> 7 -> 8 -> 1 -> 5 [slot=9-9, slots=1] | IP 5->4 maps OPT 5->6: LP#28: 5 -> 1 -> 8 -> 7 -> 2 -> 6 [slot=10-10, slots=1]; LP#29: 5 -> 7 -> 3 -> 6 [slot=0-0, slots=1]; LP#30: 5 -> 1 -> 8 -> 7 -> 3 -> 6 [slot=11-11, slots=1]; LP#31: 5 -> 1 -> 8 -> 7 -> 3 -> 6 [slot=12-12, slots=1]; LP#32: 5 -> 7 -> 2 -> 6 [slot=8-8, slots=1]; LP#33: 5 -> 7 -> 2 -> 4 -> 8 -> 1 -> 6 [slot=11-11, slots=1] | IP 4->0 maps OPT 6->1: LP#34: 6 -> 1 [slot=2-2, slots=1]; LP#35: 6 -> 2 -> 7 -> 8 -> 1 [slot=5-5, slots=1]; LP#36: 6 -> 3 -> 7 -> 2 -> 4 -> 8 -> 1 [slot=12-12, slots=1]; LP#37: 6 -> 9 -> 5 -> 7 -> 8 -> 1 [slot=10-10, slots=1]; LP#38: 6 -> 3 -> 7 -> 5 -> 1 [slot=13-13, slots=1]"
20,20042,initial,d8,81,1,4,0,6,1 -> 5 -> 4,0 -> 5 -> 6,"IP 1->5 maps OPT 0->5: LP#42: 0 -> 4 -> 8 -> 7 -> 3 -> 6 -> 1 -> 5 [slot=13-13, slots=1]; LP#43: 0 -> 4 -> 2 -> 6 -> 1 -> 5 [slot=7-7, slots=1]; LP#44: 0 -> 4 -> 8 -> 7 -> 2 -> 6 -> 1 -> 5 [slot=14-14, slots=1]; LP#45: 0 -> 4 -> 8 -> 1 -> 5 [slot=8-8, slots=1]; LP#46: 0 -> 4 -> 8 -> 7 -> 3 -> 6 -> 1 -> 5 [slot=15-15, slots=1]; LP#47: 0 -> 4 -> 2 -> 7 -> 8 -> 1 -> 5 [slot=9-9, slots=1] | IP 5->4 maps OPT 5->6: LP#28: 5 -> 1 -> 8 -> 7 -> 2 -> 6 [slot=10-10, slots=1]; LP#29: 5 -> 7 -> 3 -> 6 [slot=0-0, slots=1]; LP#30: 5 -> 1 -> 8 -> 7 -> 3 -> 6 [slot=11-11, slots=1]; LP#31: 5 -> 1 -> 8 -> 7 -> 3 -> 6 [slot=12-12, slots=1]; LP#32: 5 -> 7 -> 2 -> 6 [slot=8-8, slots=1]; LP#33: 5 -> 7 -> 2 -> 4 -> 8 -> 1 -> 6 [slot=11-11, slots=1]"
20,20042,initial,d9,52,0,2,1,4,0 -> 5 -> 4 -> 3 -> 2,1 -> 5 -> 6 -> 9 -> 4,"IP 0->5 maps OPT 1->5: LP#0: 1 -> 6 -> 2 -> 4 -> 8 -> 7 -> 5 [slot=0-0, slots=1]; LP#1: 1 -> 8 -> 4 -> 2 -> 6 -> 9 -> 5 [slot=0-0, slots=1]; LP#2: 1 -> 6 -> 2 -> 7 -> 5 [slot=1-1, slots=1] | IP 5->4 maps OPT 5->6: LP#28: 5 -> 1 -> 8 -> 7 -> 2 -> 6 [slot=10-10, slots=1]; LP#29: 5 -> 7 -> 3 -> 6 [slot=0-0, slots=1]; LP#30: 5 -> 1 -> 8 -> 7 -> 3 -> 6 [slot=11-11, slots=1]; LP#31: 5 -> 1 -> 8 -> 7 -> 3 -> 6 [slot=12-12, slots=1]; LP#32: 5 -> 7 -> 2 -> 6 [slot=8-8, slots=1]; LP#33: 5 -> 7 -> 2 -> 4 -> 8 -> 1 -> 6 [slot=11-11, slots=1] | IP 4->3 maps OPT 6->9: LP#48: 6 -> 1 -> 8 -> 4 -> 2 -> 7 -> 5 -> 9 [slot=16-16, slots=1]; LP#49: 6 -> 2 -> 7 -> 5 -> 9 [slot=10-10, slots=1]; LP#50: 6 -> 2 -> 4 -> 8 -> 7 -> 5 -> 9 [slot=17-17, slots=1] | IP 3->2 maps OPT 9->4: LP#39: 9 -> 6 -> 1 -> 8 -> 4 [slot=5-5, slots=1]; LP#40: 9 -> 5 -> 1 -> 6 -> 2 -> 4 [slot=8-8, slots=1]; LP#41: 9 -> 5 -> 1 -> 8 -> 4 [slot=14-14, slots=1]"
20,20042,initial,d10,75,1,3,0,9,1 -> 5 -> 4 -> 0 -> 3,0 -> 5 -> 6 -> 1 -> 9,"IP 1->5 maps OPT 0->5: LP#42: 0 -> 4 -> 8 -> 7 -> 3 -> 6 -> 1 -> 5 [slot=13-13, slots=1]; LP#43: 0 -> 4 -> 2 -> 6 -> 1 -> 5 [slot=7-7, slots=1]; LP#44: 0 -> 4 -> 8 -> 7 -> 2 -> 6 -> 1 -> 5 [slot=14-14, slots=1]; LP#45: 0 -> 4 -> 8 -> 1 -> 5 [slot=8-8, slots=1]; LP#46: 0 -> 4 -> 8 -> 7 -> 3 -> 6 -> 1 -> 5 [slot=15-15, slots=1]; LP#47: 0 -> 4 -> 2 -> 7 -> 8 -> 1 -> 5 [slot=9-9, slots=1] | IP 5->4 maps OPT 5->6: LP#28: 5 -> 1 -> 8 -> 7 -> 2 -> 6 [slot=10-10, slots=1]; LP#29: 5 -> 7 -> 3 -> 6 [slot=0-0, slots=1]; LP#30: 5 -> 1 -> 8 -> 7 -> 3 -> 6 [slot=11-11, slots=1]; LP#31: 5 -> 1 -> 8 -> 7 -> 3 -> 6 [slot=12-12, slots=1]; LP#32: 5 -> 7 -> 2 -> 6 [slot=8-8, slots=1]; LP#33: 5 -> 7 -> 2 -> 4 -> 8 -> 1 -> 6 [slot=11-11, slots=1] | IP 4->0 maps OPT 6->1: LP#34: 6 -> 1 [slot=2-2, slots=1]; LP#35: 6 -> 2 -> 7 -> 8 -> 1 [slot=5-5, slots=1]; LP#36: 6 -> 3 -> 7 -> 2 -> 4 -> 8 -> 1 [slot=12-12, slots=1]; LP#37: 6 -> 9 -> 5 -> 7 -> 8 -> 1 [slot=10-10, slots=1]; LP#38: 6 -> 3 -> 7 -> 5 -> 1 [slot=13-13, slots=1] | IP 0->3 maps OPT 1->9: LP#18: 1 -> 8 -> 7 -> 3 -> 6 -> 9 [slot=2-2, slots=1]; LP#19: 1 -> 6 -> 3 -> 7 -> 5 -> 9 [slot=3-3, slots=1]; LP#20: 1 -> 5 -> 7 -> 3 -> 6 -> 9 [slot=4-4, slots=1]; LP#21: 1 -> 5 -> 7 -> 3 -> 6 -> 9 [slot=5-5, slots=1]; LP#22: 1 -> 8 -> 7 -> 5 -> 9 [slot=8-8, slots=1]"
20,20042,initial,d11,50,2,4,4,6,2 -> 3 -> 1 -> 5 -> 4,4 -> 9 -> 0 -> 5 -> 6,"IP 2->3 maps OPT 4->9: LP#51: 4 -> 2 -> 7 -> 8 -> 1 -> 6 -> 9 [slot=13-13, slots=1]; LP#52: 4 -> 2 -> 7 -> 5 -> 9 [slot=11-11, slots=1]; LP#53: 4 -> 2 -> 6 -> 9 [slot=12-12, slots=1] | IP 3->1 maps OPT 9->0: LP#54: 9 -> 5 -> 1 -> 8 -> 7 -> 2 -> 4 -> 0 [slot=18-18, slots=1]; LP#55: 9 -> 6 -> 2 -> 4 -> 0 [slot=9-9, slots=1]; LP#56: 9 -> 6 -> 1 -> 8 -> 4 -> 0 [slot=17-17, slots=1]; LP#57: 9 -> 6 -> 1 -> 8 -> 4 -> 0 [slot=19-19, slots=1]; LP#58: 9 -> 6 -> 2 -> 4 -> 0 [slot=13-13, slots=1] | IP 1->5 maps OPT 0->5: LP#42: 0 -> 4 -> 8 -> 7 -> 3 -> 6 -> 1 -> 5 [slot=13-13, slots=1]; LP#43: 0 -> 4 -> 2 -> 6 -> 1 -> 5 [slot=7-7, slots=1]; LP#44: 0 -> 4 -> 8 -> 7 -> 2 -> 6 -> 1 -> 5 [slot=14-14, slots=1]; LP#45: 0 -> 4 -> 8 -> 1 -> 5 [slot=8-8, slots=1]; LP#46: 0 -> 4 -> 8 -> 7 -> 3 -> 6 -> 1 -> 5 [slot=15-15, slots=1]; LP#47: 0 -> 4 -> 2 -> 7 -> 8 -> 1 -> 5 [slot=9-9, slots=1] | IP 5->4 maps OPT 5->6: LP#28: 5 -> 1 -> 8 -> 7 -> 2 -> 6 [slot=10-10, slots=1]; LP#29: 5 -> 7 -> 3 -> 6 [slot=0-0, slots=1]; LP#30: 5 -> 1 -> 8 -> 7 -> 3 -> 6 [slot=11-11, slots=1]; LP#31: 5 -> 1 -> 8 -> 7 -> 3 -> 6 [slot=12-12, slots=1]; LP#32: 5 -> 7 -> 2 -> 6 [slot=8-8, slots=1]; LP#33: 5 -> 7 -> 2 -> 4 -> 8 -> 1 -> 6 [slot=11-11, slots=1]"
20,20042,initial,d12,20,5,0,5,1,5 -> 1 -> 3 -> 4 -> 0,5 -> 0 -> 9 -> 6 -> 1,"IP 5->1 maps OPT 5->0: LP#3: 5 -> 1 -> 8 -> 7 -> 2 -> 4 -> 0 [slot=1-1, slots=1]; LP#4: 5 -> 7 -> 2 -> 4 -> 0 [slot=2-2, slots=1]; LP#5: 5 -> 1 -> 8 -> 4 -> 0 [slot=3-3, slots=1]; LP#6: 5 -> 9 -> 6 -> 2 -> 4 -> 0 [slot=4-4, slots=1] | IP 1->3 maps OPT 0->9: LP#7: 0 -> 4 -> 2 -> 6 -> 1 -> 5 -> 9 [slot=1-1, slots=1]; LP#8: 0 -> 4 -> 2 -> 7 -> 5 -> 9 [slot=2-2, slots=1]; LP#9: 0 -> 4 -> 2 -> 6 -> 9 [slot=3-3, slots=1]; LP#10: 0 -> 4 -> 8 -> 7 -> 5 -> 9 [slot=5-5, slots=1] | IP 3->4 maps OPT 9->6: LP#23: 9 -> 6 [slot=0-0, slots=1]; LP#24: 9 -> 5 -> 1 -> 8 -> 4 -> 2 -> 6 [slot=4-4, slots=1]; LP#25: 9 -> 5 -> 7 -> 8 -> 4 -> 2 -> 6 [slot=6-6, slots=1]; LP#26: 9 -> 5 -> 7 -> 8 -> 1 -> 6 [slot=7-7, slots=1]; LP#27: 9 -> 5 -> 1 -> 8 -> 7 -> 2 -> 6 [slot=9-9, slots=1] | IP 4->0 maps OPT 6->1: LP#34: 6 -> 1 [slot=2-2, slots=1]; LP#35: 6 -> 2 -> 7 -> 8 -> 1 [slot=5-5, slots=1]; LP#36: 6 -> 3 -> 7 -> 2 -> 4 -> 8 -> 1 [slot=12-12, slots=1]; LP#37: 6 -> 9 -> 5 -> 7 -> 8 -> 1 [slot=10-10, slots=1]; LP#38: 6 -> 3 -> 7 -> 5 -> 1 [slot=13-13, slots=1]"
20,20042,initial,d13,61,3,5,9,5,3 -> 1 -> 5,9 -> 0 -> 5,"IP 3->1 maps OPT 9->0: LP#54: 9 -> 5 -> 1 -> 8 -> 7 -> 2 -> 4 -> 0 [slot=18-18, slots=1]; LP#55: 9 -> 6 -> 2 -> 4 -> 0 [slot=9-9, slots=1]; LP#56: 9 -> 6 -> 1 -> 8 -> 4 -> 0 [slot=17-17, slots=1]; LP#57: 9 -> 6 -> 1 -> 8 -> 4 -> 0 [slot=19-19, slots=1]; LP#58: 9 -> 6 -> 2 -> 4 -> 0 [slot=13-13, slots=1] | IP 1->5 maps OPT 0->5: LP#42: 0 -> 4 -> 8 -> 7 -> 3 -> 6 -> 1 -> 5 [slot=13-13, slots=1]; LP#43: 0 -> 4 -> 2 -> 6 -> 1 -> 5 [slot=7-7, slots=1]; LP#44: 0 -> 4 -> 8 -> 7 -> 2 -> 6 -> 1 -> 5 [slot=14-14, slots=1]; LP#45: 0 -> 4 -> 8 -> 1 -> 5 [slot=8-8, slots=1]; LP#46: 0 -> 4 -> 8 -> 7 -> 3 -> 6 -> 1 -> 5 [slot=15-15, slots=1]; LP#47: 0 -> 4 -> 2 -> 7 -> 8 -> 1 -> 5 [slot=9-9, slots=1]"
20,20042,initial,d14,39,1,3,0,9,1 -> 5 -> 0 -> 4 -> 3,0 -> 5 -> 1 -> 6 -> 9,"IP 1->5 maps OPT 0->5: LP#42: 0 -> 4 -> 8 -> 7 -> 3 -> 6 -> 1 -> 5 [slot=13-13, slots=1]; LP#43: 0 -> 4 -> 2 -> 6 -> 1 -> 5 [slot=7-7, slots=1]; LP#44: 0 -> 4 -> 8 -> 7 -> 2 -> 6 -> 1 -> 5 [slot=14-14, slots=1]; LP#45: 0 -> 4 -> 8 -> 1 -> 5 [slot=8-8, slots=1]; LP#46: 0 -> 4 -> 8 -> 7 -> 3 -> 6 -> 1 -> 5 [slot=15-15, slots=1]; LP#47: 0 -> 4 -> 2 -> 7 -> 8 -> 1 -> 5 [slot=9-9, slots=1] | IP 5->0 maps OPT 5->1: LP#59: 5 -> 7 -> 8 -> 4 -> 2 -> 6 -> 1 [slot=18-18, slots=1]; LP#60: 5 -> 7 -> 2 -> 6 -> 1 [slot=20-20, slots=1]; LP#61: 5 -> 9 -> 6 -> 2 -> 7 -> 8 -> 1 [slot=14-14, slots=1]; LP#62: 5 -> 7 -> 2 -> 4 -> 8 -> 1 [slot=16-16, slots=1] | IP 0->4 maps OPT 1->6: LP#11: 1 -> 6 [slot=2-2, slots=1]; LP#12: 1 -> 8 -> 7 -> 5 -> 9 -> 6 [slot=6-6, slots=1]; LP#13: 1 -> 8 -> 7 -> 5 -> 9 -> 6 [slot=7-7, slots=1] | IP 4->3 maps OPT 6->9: LP#48: 6 -> 1 -> 8 -> 4 -> 2 -> 7 -> 5 -> 9 [slot=16-16, slots=1]; LP#49: 6 -> 2 -> 7 -> 5 -> 9 [slot=10-10, slots=1]; LP#50: 6 -> 2 -> 4 -> 8 -> 7 -> 5 -> 9 [slot=17-17, slots=1]"
20,20042,initial,d15,67,0,1,1,0,0 -> 3 -> 4 -> 5 -> 1,1 -> 9 -> 6 -> 5 -> 0,"IP 0->3 maps OPT 1->9: LP#18: 1 -> 8 -> 7 -> 3 -> 6 -> 9 [slot=2-2, slots=1]; LP#19: 1 -> 6 -> 3 -> 7 -> 5 -> 9 [slot=3-3, slots=1]; LP#20: 1 -> 5 -> 7 -> 3 -> 6 -> 9 [slot=4-4, slots=1]; LP#21: 1 -> 5 -> 7 -> 3 -> 6 -> 9 [slot=5-5, slots=1]; LP#22: 1 -> 8 -> 7 -> 5 -> 9 [slot=8-8, slots=1] | IP 3->4 maps OPT 9->6: LP#23: 9 -> 6 [slot=0-0, slots=1]; LP#24: 9 -> 5 -> 1 -> 8 -> 4 -> 2 -> 6 [slot=4-4, slots=1]; LP#25: 9 -> 5 -> 7 -> 8 -> 4 -> 2 -> 6 [slot=6-6, slots=1]; LP#26: 9 -> 5 -> 7 -> 8 -> 1 -> 6 [slot=7-7, slots=1]; LP#27: 9 -> 5 -> 1 -> 8 -> 7 -> 2 -> 6 [slot=9-9, slots=1] | IP 4->5 maps OPT 6->5: LP#14: 6 -> 2 -> 7 -> 8 -> 1 -> 5 [slot=3-3, slots=1]; LP#15: 6 -> 2 -> 4 -> 8 -> 1 -> 5 [slot=6-6, slots=1]; LP#16: 6 -> 9 -> 5 [slot=1-1, slots=1]; LP#17: 6 -> 1 -> 5 [slot=0-0, slots=1] | IP 5->1 maps OPT 5->0: LP#3: 5 -> 1 -> 8 -> 7 -> 2 -> 4 -> 0 [slot=1-1, slots=1]; LP#4: 5 -> 7 -> 2 -> 4 -> 0 [slot=2-2, slots=1]; LP#5: 5 -> 1 -> 8 -> 4 -> 0 [slot=3-3, slots=1]; LP#6: 5 -> 9 -> 6 -> 2 -> 4 -> 0 [slot=4-4, slots=1]"
20,20042,initial,d16,78,4,2,6,4,4 -> 3 -> 2,6 -> 9 -> 4,"IP 4->3 maps OPT 6->9: LP#48: 6 -> 1 -> 8 -> 4 -> 2 -> 7 -> 5 -> 9 [slot=16-16, slots=1]; LP#49: 6 -> 2 -> 7 -> 5 -> 9 [slot=10-10, slots=1]; LP#50: 6 -> 2 -> 4 -> 8 -> 7 -> 5 -> 9 [slot=17-17, slots=1] | IP 3->2 maps OPT 9->4: LP#39: 9 -> 6 -> 1 -> 8 -> 4 [slot=5-5, slots=1]; LP#40: 9 -> 5 -> 1 -> 6 -> 2 -> 4 [slot=8-8, slots=1]; LP#41: 9 -> 5 -> 1 -> 8 -> 4 [slot=14-14, slots=1]"
20,20042,initial,d17,98,5,1,5,0,5 -> 0 -> 3 -> 1,5 -> 1 -> 9 -> 0,"IP 5->0 maps OPT 5->1: LP#59: 5 -> 7 -> 8 -> 4 -> 2 -> 6 -> 1 [slot=18-18, slots=1]; LP#60: 5 -> 7 -> 2 -> 6 -> 1 [slot=20-20, slots=1]; LP#61: 5 -> 9 -> 6 -> 2 -> 7 -> 8 -> 1 [slot=14-14, slots=1]; LP#62: 5 -> 7 -> 2 -> 4 -> 8 -> 1 [slot=16-16, slots=1] | IP 0->3 maps OPT 1->9: LP#18: 1 -> 8 -> 7 -> 3 -> 6 -> 9 [slot=2-2, slots=1]; LP#19: 1 -> 6 -> 3 -> 7 -> 5 -> 9 [slot=3-3, slots=1]; LP#20: 1 -> 5 -> 7 -> 3 -> 6 -> 9 [slot=4-4, slots=1]; LP#21: 1 -> 5 -> 7 -> 3 -> 6 -> 9 [slot=5-5, slots=1]; LP#22: 1 -> 8 -> 7 -> 5 -> 9 [slot=8-8, slots=1] | IP 3->1 maps OPT 9->0: LP#54: 9 -> 5 -> 1 -> 8 -> 7 -> 2 -> 4 -> 0 [slot=18-18, slots=1]; LP#55: 9 -> 6 -> 2 -> 4 -> 0 [slot=9-9, slots=1]; LP#56: 9 -> 6 -> 1 -> 8 -> 4 -> 0 [slot=17-17, slots=1]; LP#57: 9 -> 6 -> 1 -> 8 -> 4 -> 0 [slot=19-19, slots=1]; LP#58: 9 -> 6 -> 2 -> 4 -> 0 [slot=13-13, slots=1]"
20,20042,initial,d18,72,3,0,9,1,3 -> 4 -> 5 -> 0,9 -> 6 -> 5 -> 1,"IP 3->4 maps OPT 9->6: LP#23: 9 -> 6 [slot=0-0, slots=1]; LP#24: 9 -> 5 -> 1 -> 8 -> 4 -> 2 -> 6 [slot=4-4, slots=1]; LP#25: 9 -> 5 -> 7 -> 8 -> 4 -> 2 -> 6 [slot=6-6, slots=1]; LP#26: 9 -> 5 -> 7 -> 8 -> 1 -> 6 [slot=7-7, slots=1]; LP#27: 9 -> 5 -> 1 -> 8 -> 7 -> 2 -> 6 [slot=9-9, slots=1] | IP 4->5 maps OPT 6->5: LP#14: 6 -> 2 -> 7 -> 8 -> 1 -> 5 [slot=3-3, slots=1]; LP#15: 6 -> 2 -> 4 -> 8 -> 1 -> 5 [slot=6-6, slots=1]; LP#16: 6 -> 9 -> 5 [slot=1-1, slots=1]; LP#17: 6 -> 1 -> 5 [slot=0-0, slots=1] | IP 5->0 maps OPT 5->1: LP#59: 5 -> 7 -> 8 -> 4 -> 2 -> 6 -> 1 [slot=18-18, slots=1]; LP#60: 5 -> 7 -> 2 -> 6 -> 1 [slot=20-20, slots=1]; LP#61: 5 -> 9 -> 6 -> 2 -> 7 -> 8 -> 1 [slot=14-14, slots=1]; LP#62: 5 -> 7 -> 2 -> 4 -> 8 -> 1 [slot=16-16, slots=1]"
20,20042,initial,d19,70,1,5,0,5,1 -> 3 -> 4 -> 0 -> 5,0 -> 9 -> 6 -> 1 -> 5,"IP 1->3 maps OPT 0->9: LP#7: 0 -> 4 -> 2 -> 6 -> 1 -> 5 -> 9 [slot=1-1, slots=1]; LP#8: 0 -> 4 -> 2 -> 7 -> 5 -> 9 [slot=2-2, slots=1]; LP#9: 0 -> 4 -> 2 -> 6 -> 9 [slot=3-3, slots=1]; LP#10: 0 -> 4 -> 8 -> 7 -> 5 -> 9 [slot=5-5, slots=1] | IP 3->4 maps OPT 9->6: LP#23: 9 -> 6 [slot=0-0, slots=1]; LP#24: 9 -> 5 -> 1 -> 8 -> 4 -> 2 -> 6 [slot=4-4, slots=1]; LP#25: 9 -> 5 -> 7 -> 8 -> 4 -> 2 -> 6 [slot=6-6, slots=1]; LP#26: 9 -> 5 -> 7 -> 8 -> 1 -> 6 [slot=7-7, slots=1]; LP#27: 9 -> 5 -> 1 -> 8 -> 7 -> 2 -> 6 [slot=9-9, slots=1] | IP 4->0 maps OPT 6->1: LP#34: 6 -> 1 [slot=2-2, slots=1]; LP#35: 6 -> 2 -> 7 -> 8 -> 1 [slot=5-5, slots=1]; LP#36: 6 -> 3 -> 7 -> 2 -> 4 -> 8 -> 1 [slot=12-12, slots=1]; LP#37: 6 -> 9 -> 5 -> 7 -> 8 -> 1 [slot=10-10, slots=1]; LP#38: 6 -> 3 -> 7 -> 5 -> 1 [slot=13-13, slots=1] | IP 0->5 maps OPT 1->5: LP#0: 1 -> 6 -> 2 -> 4 -> 8 -> 7 -> 5 [slot=0-0, slots=1]; LP#1: 1 -> 8 -> 4 -> 2 -> 6 -> 9 -> 5 [slot=0-0, slots=1]; LP#2: 1 -> 6 -> 2 -> 7 -> 5 [slot=1-1, slots=1]"
20,20042,best,d0,68,0,3,1,9,0 -> 3,1 -> 9,"IP 0->3 maps OPT 1->9: LP#259: 1 -> 5 -> 7 -> 3 -> 6 -> 9 [slot=5-5, slots=1]; LP#1059: 1 -> 6 -> 3 -> 7 -> 5 -> 9 [slot=3-3, slots=1]; LP#1082: 1 -> 5 -> 7 -> 3 -> 6 -> 9 [slot=4-4, slots=1]; LP#1096: 1 -> 8 -> 7 -> 3 -> 6 -> 9 [slot=2-2, slots=1]"
20,20042,best,d1,84,0,3,1,9,0 -> 3,1 -> 9,"IP 0->3 maps OPT 1->9: LP#259: 1 -> 5 -> 7 -> 3 -> 6 -> 9 [slot=5-5, slots=1]; LP#1059: 1 -> 6 -> 3 -> 7 -> 5 -> 9 [slot=3-3, slots=1]; LP#1082: 1 -> 5 -> 7 -> 3 -> 6 -> 9 [slot=4-4, slots=1]; LP#1096: 1 -> 8 -> 7 -> 3 -> 6 -> 9 [slot=2-2, slots=1]"
20,20042,best,d2,66,0,5,1,5,0 -> 4 -> 5,1 -> 6 -> 5,"IP 0->4 maps OPT 1->6: LP#1017: 1 -> 8 -> 7 -> 5 -> 9 -> 6 [slot=7-7, slots=1]; LP#1027: 1 -> 6 [slot=2-2, slots=1] | IP 4->5 maps OPT 6->5: LP#1095: 6 -> 9 -> 5 [slot=1-1, slots=1]; LP#1104: 6 -> 1 -> 5 [slot=0-0, slots=1]"
20,20042,best,d3,84,5,2,5,4,5 -> 4 -> 0 -> 3 -> 2,5 -> 6 -> 1 -> 9 -> 4,"IP 5->4 maps OPT 5->6: LP#936: 5 -> 7 -> 3 -> 6 [slot=0-0, slots=1]; LP#1073: 5 -> 7 -> 2 -> 4 -> 8 -> 1 -> 6 [slot=11-11, slots=1] | IP 4->0 maps OPT 6->1: LP#1008: 6 -> 2 -> 7 -> 8 -> 1 [slot=5-5, slots=1]; LP#1053: 6 -> 9 -> 5 -> 7 -> 8 -> 1 [slot=10-10, slots=1]; LP#1094: 6 -> 1 [slot=2-2, slots=1] | IP 0->3 maps OPT 1->9: LP#259: 1 -> 5 -> 7 -> 3 -> 6 -> 9 [slot=5-5, slots=1]; LP#1059: 1 -> 6 -> 3 -> 7 -> 5 -> 9 [slot=3-3, slots=1]; LP#1082: 1 -> 5 -> 7 -> 3 -> 6 -> 9 [slot=4-4, slots=1]; LP#1096: 1 -> 8 -> 7 -> 3 -> 6 -> 9 [slot=2-2, slots=1] | IP 3->2 maps OPT 9->4: LP#721: 9 -> 5 -> 1 -> 6 -> 2 -> 4 [slot=8-8, slots=1]; LP#755: 9 -> 6 -> 1 -> 8 -> 4 [slot=5-5, slots=1]; LP#1108: 9 -> 5 -> 7 -> 8 -> 4 [slot=12-12, slots=1]"
20,20042,best,d4,33,1,3,0,9,1 -> 3,0 -> 9,"IP 1->3 maps OPT 0->9: LP#1098: 0 -> 4 -> 2 -> 6 -> 9 [slot=3-3, slots=1]; LP#1102: 0 -> 4 -> 2 -> 6 -> 1 -> 5 -> 9 [slot=1-1, slots=1]; LP#1110: 0 -> 4 -> 2 -> 7 -> 3 -> 6 -> 9 [slot=9-9, slots=1]"
20,20042,best,d5,88,2,4,4,6,2 -> 3 -> 4,4 -> 9 -> 6,"IP 2->3 maps OPT 4->9: LP#678: 4 -> 2 -> 7 -> 8 -> 1 -> 6 -> 9 [slot=13-13, slots=1]; LP#714: 4 -> 2 -> 6 -> 9 [slot=12-12, slots=1]; LP#1106: 4 -> 8 -> 7 -> 2 -> 6 -> 9 [slot=0-0, slots=1] | IP 3->4 maps OPT 9->6: LP#985: 9 -> 5 -> 7 -> 8 -> 1 -> 6 [slot=7-7, slots=1]; LP#986: 9 -> 5 -> 1 -> 8 -> 7 -> 2 -> 6 [slot=9-9, slots=1]; LP#988: 9 -> 5 -> 7 -> 8 -> 4 -> 2 -> 6 [slot=6-6, slots=1]; LP#992: 9 -> 5 -> 1 -> 8 -> 4 -> 2 -> 6 [slot=4-4, slots=1]; LP#1029: 9 -> 6 [slot=0-0, slots=1]"
20,20042,best,d6,39,2,1,4,0,2 -> 3 -> 1,4 -> 9 -> 0,"IP 2->3 maps OPT 4->9: LP#678: 4 -> 2 -> 7 -> 8 -> 1 -> 6 -> 9 [slot=13-13, slots=1]; LP#714: 4 -> 2 -> 6 -> 9 [slot=12-12, slots=1]; LP#1106: 4 -> 8 -> 7 -> 2 -> 6 -> 9 [slot=0-0, slots=1] | IP 3->1 maps OPT 9->0: LP#55: 9 -> 6 -> 2 -> 4 -> 0 [slot=9-9, slots=1]; LP#606: 9 -> 6 -> 2 -> 4 -> 0 [slot=13-13, slots=1]"
20,20042,best,d7,47,2,0,4,1,2 -> 3 -> 4 -> 0,4 -> 9 -> 6 -> 1,"IP 2->3 maps OPT 4->9: LP#678: 4 -> 2 -> 7 -> 8 -> 1 -> 6 -> 9 [slot=13-13, slots=1]; LP#714: 4 -> 2 -> 6 -> 9 [slot=12-12, slots=1]; LP#1106: 4 -> 8 -> 7 -> 2 -> 6 -> 9 [slot=0-0, slots=1] | IP 3->4 maps OPT 9->6: LP#985: 9 -> 5 -> 7 -> 8 -> 1 -> 6 [slot=7-7, slots=1]; LP#986: 9 -> 5 -> 1 -> 8 -> 7 -> 2 -> 6 [slot=9-9, slots=1]; LP#988: 9 -> 5 -> 7 -> 8 -> 4 -> 2 -> 6 [slot=6-6, slots=1]; LP#992: 9 -> 5 -> 1 -> 8 -> 4 -> 2 -> 6 [slot=4-4, slots=1]; LP#1029: 9 -> 6 [slot=0-0, slots=1] | IP 4->0 maps OPT 6->1: LP#1008: 6 -> 2 -> 7 -> 8 -> 1 [slot=5-5, slots=1]; LP#1053: 6 -> 9 -> 5 -> 7 -> 8 -> 1 [slot=10-10, slots=1]; LP#1094: 6 -> 1 [slot=2-2, slots=1]"
20,20042,best,d8,81,1,4,0,6,1 -> 3 -> 4,0 -> 9 -> 6,"IP 1->3 maps OPT 0->9: LP#1098: 0 -> 4 -> 2 -> 6 -> 9 [slot=3-3, slots=1]; LP#1102: 0 -> 4 -> 2 -> 6 -> 1 -> 5 -> 9 [slot=1-1, slots=1]; LP#1110: 0 -> 4 -> 2 -> 7 -> 3 -> 6 -> 9 [slot=9-9, slots=1] | IP 3->4 maps OPT 9->6: LP#985: 9 -> 5 -> 7 -> 8 -> 1 -> 6 [slot=7-7, slots=1]; LP#986: 9 -> 5 -> 1 -> 8 -> 7 -> 2 -> 6 [slot=9-9, slots=1]; LP#988: 9 -> 5 -> 7 -> 8 -> 4 -> 2 -> 6 [slot=6-6, slots=1]; LP#992: 9 -> 5 -> 1 -> 8 -> 4 -> 2 -> 6 [slot=4-4, slots=1]; LP#1029: 9 -> 6 [slot=0-0, slots=1]"
20,20042,best,d9,52,0,2,1,4,0 -> 3 -> 2,1 -> 9 -> 4,"IP 0->3 maps OPT 1->9: LP#259: 1 -> 5 -> 7 -> 3 -> 6 -> 9 [slot=5-5, slots=1]; LP#1059: 1 -> 6 -> 3 -> 7 -> 5 -> 9 [slot=3-3, slots=1]; LP#1082: 1 -> 5 -> 7 -> 3 -> 6 -> 9 [slot=4-4, slots=1]; LP#1096: 1 -> 8 -> 7 -> 3 -> 6 -> 9 [slot=2-2, slots=1] | IP 3->2 maps OPT 9->4: LP#721: 9 -> 5 -> 1 -> 6 -> 2 -> 4 [slot=8-8, slots=1]; LP#755: 9 -> 6 -> 1 -> 8 -> 4 [slot=5-5, slots=1]; LP#1108: 9 -> 5 -> 7 -> 8 -> 4 [slot=12-12, slots=1]"
20,20042,best,d10,75,1,3,0,9,1 -> 3,0 -> 9,"IP 1->3 maps OPT 0->9: LP#1098: 0 -> 4 -> 2 -> 6 -> 9 [slot=3-3, slots=1]; LP#1102: 0 -> 4 -> 2 -> 6 -> 1 -> 5 -> 9 [slot=1-1, slots=1]; LP#1110: 0 -> 4 -> 2 -> 7 -> 3 -> 6 -> 9 [slot=9-9, slots=1]"
20,20042,best,d11,50,2,4,4,6,2 -> 3 -> 4,4 -> 9 -> 6,"IP 2->3 maps OPT 4->9: LP#678: 4 -> 2 -> 7 -> 8 -> 1 -> 6 -> 9 [slot=13-13, slots=1]; LP#714: 4 -> 2 -> 6 -> 9 [slot=12-12, slots=1]; LP#1106: 4 -> 8 -> 7 -> 2 -> 6 -> 9 [slot=0-0, slots=1] | IP 3->4 maps OPT 9->6: LP#985: 9 -> 5 -> 7 -> 8 -> 1 -> 6 [slot=7-7, slots=1]; LP#986: 9 -> 5 -> 1 -> 8 -> 7 -> 2 -> 6 [slot=9-9, slots=1]; LP#988: 9 -> 5 -> 7 -> 8 -> 4 -> 2 -> 6 [slot=6-6, slots=1]; LP#992: 9 -> 5 -> 1 -> 8 -> 4 -> 2 -> 6 [slot=4-4, slots=1]; LP#1029: 9 -> 6 [slot=0-0, slots=1]"
20,20042,best,d12,20,5,0,5,1,5 -> 4 -> 0,5 -> 6 -> 1,"IP 5->4 maps OPT 5->6: LP#936: 5 -> 7 -> 3 -> 6 [slot=0-0, slots=1]; LP#1073: 5 -> 7 -> 2 -> 4 -> 8 -> 1 -> 6 [slot=11-11, slots=1] | IP 4->0 maps OPT 6->1: LP#1008: 6 -> 2 -> 7 -> 8 -> 1 [slot=5-5, slots=1]; LP#1053: 6 -> 9 -> 5 -> 7 -> 8 -> 1 [slot=10-10, slots=1]; LP#1094: 6 -> 1 [slot=2-2, slots=1]"
20,20042,best,d13,61,3,5,9,5,3 -> 1 -> 5,9 -> 0 -> 5,"IP 3->1 maps OPT 9->0: LP#55: 9 -> 6 -> 2 -> 4 -> 0 [slot=9-9, slots=1]; LP#606: 9 -> 6 -> 2 -> 4 -> 0 [slot=13-13, slots=1] | IP 1->5 maps OPT 0->5: LP#706: 0 -> 4 -> 2 -> 6 -> 1 -> 5 [slot=7-7, slots=1]; LP#816: 0 -> 4 -> 8 -> 1 -> 5 [slot=8-8, slots=1]"
20,20042,best,d14,39,1,3,0,9,1 -> 3,0 -> 9,"IP 1->3 maps OPT 0->9: LP#1098: 0 -> 4 -> 2 -> 6 -> 9 [slot=3-3, slots=1]; LP#1102: 0 -> 4 -> 2 -> 6 -> 1 -> 5 -> 9 [slot=1-1, slots=1]; LP#1110: 0 -> 4 -> 2 -> 7 -> 3 -> 6 -> 9 [slot=9-9, slots=1]"
20,20042,best,d15,67,0,1,1,0,0 -> 4 -> 5 -> 1,1 -> 6 -> 5 -> 0,"IP 0->4 maps OPT 1->6: LP#1017: 1 -> 8 -> 7 -> 5 -> 9 -> 6 [slot=7-7, slots=1]; LP#1027: 1 -> 6 [slot=2-2, slots=1] | IP 4->5 maps OPT 6->5: LP#1095: 6 -> 9 -> 5 [slot=1-1, slots=1]; LP#1104: 6 -> 1 -> 5 [slot=0-0, slots=1] | IP 5->1 maps OPT 5->0: LP#770: 5 -> 7 -> 2 -> 4 -> 0 [slot=2-2, slots=1]; LP#997: 5 -> 9 -> 6 -> 2 -> 4 -> 0 [slot=4-4, slots=1]; LP#1111: 5 -> 1 -> 8 -> 7 -> 2 -> 4 -> 0 [slot=1-1, slots=1]"
20,20042,best,d16,78,4,2,6,4,4 -> 3 -> 2,6 -> 9 -> 4,"IP 4->3 maps OPT 6->9: LP#772: 6 -> 1 -> 8 -> 4 -> 2 -> 7 -> 5 -> 9 [slot=16-16, slots=1] | IP 3->2 maps OPT 9->4: LP#721: 9 -> 5 -> 1 -> 6 -> 2 -> 4 [slot=8-8, slots=1]; LP#755: 9 -> 6 -> 1 -> 8 -> 4 [slot=5-5, slots=1]; LP#1108: 9 -> 5 -> 7 -> 8 -> 4 [slot=12-12, slots=1]"
20,20042,best,d17,98,5,1,5,0,5 -> 1,5 -> 0,"IP 5->1 maps OPT 5->0: LP#770: 5 -> 7 -> 2 -> 4 -> 0 [slot=2-2, slots=1]; LP#997: 5 -> 9 -> 6 -> 2 -> 4 -> 0 [slot=4-4, slots=1]; LP#1111: 5 -> 1 -> 8 -> 7 -> 2 -> 4 -> 0 [slot=1-1, slots=1]"
20,20042,best,d18,72,3,0,9,1,3 -> 4 -> 0,9 -> 6 -> 1,"IP 3->4 maps OPT 9->6: LP#985: 9 -> 5 -> 7 -> 8 -> 1 -> 6 [slot=7-7, slots=1]; LP#986: 9 -> 5 -> 1 -> 8 -> 7 -> 2 -> 6 [slot=9-9, slots=1]; LP#988: 9 -> 5 -> 7 -> 8 -> 4 -> 2 -> 6 [slot=6-6, slots=1]; LP#992: 9 -> 5 -> 1 -> 8 -> 4 -> 2 -> 6 [slot=4-4, slots=1]; LP#1029: 9 -> 6 [slot=0-0, slots=1] | IP 4->0 maps OPT 6->1: LP#1008: 6 -> 2 -> 7 -> 8 -> 1 [slot=5-5, slots=1]; LP#1053: 6 -> 9 -> 5 -> 7 -> 8 -> 1 [slot=10-10, slots=1]; LP#1094: 6 -> 1 [slot=2-2, slots=1]"
20,20042,best,d19,70,1,5,0,5,1 -> 5,0 -> 5,"IP 1->5 maps OPT 0->5: LP#706: 0 -> 4 -> 2 -> 6 -> 1 -> 5 [slot=7-7, slots=1]; LP#816: 0 -> 4 -> 8 -> 1 -> 5 [slot=8-8, slots=1]"
20,20042,lns,d0,68,0,3,1,9,0 -> 3,1 -> 9,"IP 0->3 maps OPT 1->9: LP#18: 1 -> 8 -> 7 -> 3 -> 6 -> 9 [slot=2-2, slots=1]; LP#20: 1 -> 5 -> 7 -> 3 -> 6 -> 9 [slot=4-4, slots=1]; LP#21: 1 -> 5 -> 7 -> 3 -> 6 -> 9 [slot=5-5, slots=1]; LP#22: 1 -> 8 -> 7 -> 5 -> 9 [slot=8-8, slots=1]"
20,20042,lns,d1,84,0,3,1,9,0 -> 3,1 -> 9,"IP 0->3 maps OPT 1->9: LP#18: 1 -> 8 -> 7 -> 3 -> 6 -> 9 [slot=2-2, slots=1]; LP#20: 1 -> 5 -> 7 -> 3 -> 6 -> 9 [slot=4-4, slots=1]; LP#21: 1 -> 5 -> 7 -> 3 -> 6 -> 9 [slot=5-5, slots=1]; LP#22: 1 -> 8 -> 7 -> 5 -> 9 [slot=8-8, slots=1]"
20,20042,lns,d2,66,0,5,1,5,0 -> 3 -> 4 -> 5,1 -> 9 -> 6 -> 5,"IP 0->3 maps OPT 1->9: LP#18: 1 -> 8 -> 7 -> 3 -> 6 -> 9 [slot=2-2, slots=1]; LP#20: 1 -> 5 -> 7 -> 3 -> 6 -> 9 [slot=4-4, slots=1]; LP#21: 1 -> 5 -> 7 -> 3 -> 6 -> 9 [slot=5-5, slots=1]; LP#22: 1 -> 8 -> 7 -> 5 -> 9 [slot=8-8, slots=1] | IP 3->4 maps OPT 9->6: LP#23: 9 -> 6 [slot=0-0, slots=1]; LP#27: 9 -> 5 -> 1 -> 8 -> 7 -> 2 -> 6 [slot=9-9, slots=1]; LP#65: 9 -> 6 [slot=1-1, slots=1] | IP 4->5 maps OPT 6->5: LP#17: 6 -> 1 -> 5 [slot=0-0, slots=1]"
20,20042,lns,d3,84,5,2,5,4,5 -> 4 -> 3 -> 2,5 -> 6 -> 9 -> 4,"IP 5->4 maps OPT 5->6: LP#28: 5 -> 1 -> 8 -> 7 -> 2 -> 6 [slot=10-10, slots=1]; LP#32: 5 -> 7 -> 2 -> 6 [slot=8-8, slots=1] | IP 4->3 maps OPT 6->9: LP#48: 6 -> 1 -> 8 -> 4 -> 2 -> 7 -> 5 -> 9 [slot=16-16, slots=1]; LP#49: 6 -> 2 -> 7 -> 5 -> 9 [slot=10-10, slots=1]; LP#50: 6 -> 2 -> 4 -> 8 -> 7 -> 5 -> 9 [slot=17-17, slots=1] | IP 3->2 maps OPT 9->4: LP#39: 9 -> 6 -> 1 -> 8 -> 4 [slot=5-5, slots=1]; LP#40: 9 -> 5 -> 1 -> 6 -> 2 -> 4 [slot=8-8, slots=1]; LP#41: 9 -> 5 -> 1 -> 8 -> 4 [slot=14-14, slots=1]"
20,20042,lns,d4,33,1,3,0,9,1 -> 3,0 -> 9,"IP 1->3 maps OPT 0->9: LP#7: 0 -> 4 -> 2 -> 6 -> 1 -> 5 -> 9 [slot=1-1, slots=1]; LP#8: 0 -> 4 -> 2 -> 7 -> 5 -> 9 [slot=2-2, slots=1]; LP#9: 0 -> 4 -> 2 -> 6 -> 9 [slot=3-3, slots=1]"
20,20042,lns,d5,88,2,4,4,6,2 -> 3 -> 4,4 -> 9 -> 6,"IP 2->3 maps OPT 4->9: LP#51: 4 -> 2 -> 7 -> 8 -> 1 -> 6 -> 9 [slot=13-13, slots=1]; LP#52: 4 -> 2 -> 7 -> 5 -> 9 [slot=11-11, slots=1]; LP#53: 4 -> 2 -> 6 -> 9 [slot=12-12, slots=1] | IP 3->4 maps OPT 9->6: LP#23: 9 -> 6 [slot=0-0, slots=1]; LP#27: 9 -> 5 -> 1 -> 8 -> 7 -> 2 -> 6 [slot=9-9, slots=1]; LP#65: 9 -> 6 [slot=1-1, slots=1]"
20,20042,lns,d6,39,2,1,4,0,2 -> 3 -> 1,4 -> 9 -> 0,"IP 2->3 maps OPT 4->9: LP#51: 4 -> 2 -> 7 -> 8 -> 1 -> 6 -> 9 [slot=13-13, slots=1]; LP#52: 4 -> 2 -> 7 -> 5 -> 9 [slot=11-11, slots=1]; LP#53: 4 -> 2 -> 6 -> 9 [slot=12-12, slots=1] | IP 3->1 maps OPT 9->0: LP#55: 9 -> 6 -> 2 -> 4 -> 0 [slot=9-9, slots=1]; LP#57: 9 -> 6 -> 1 -> 8 -> 4 -> 0 [slot=19-19, slots=1]; LP#58: 9 -> 6 -> 2 -> 4 -> 0 [slot=13-13, slots=1]"
20,20042,lns,d7,47,2,0,4,1,2 -> 3 -> 0,4 -> 9 -> 1,"IP 2->3 maps OPT 4->9: LP#51: 4 -> 2 -> 7 -> 8 -> 1 -> 6 -> 9 [slot=13-13, slots=1]; LP#52: 4 -> 2 -> 7 -> 5 -> 9 [slot=11-11, slots=1]; LP#53: 4 -> 2 -> 6 -> 9 [slot=12-12, slots=1] | IP 3->0 maps OPT 9->1: LP#63: 9 -> 5 -> 1 [slot=2-2, slots=1]; LP#64: 9 -> 5 -> 1 [slot=5-5, slots=1]"
20,20042,lns,d8,81,1,4,0,6,1 -> 3 -> 4,0 -> 9 -> 6,"IP 1->3 maps OPT 0->9: LP#7: 0 -> 4 -> 2 -> 6 -> 1 -> 5 -> 9 [slot=1-1, slots=1]; LP#8: 0 -> 4 -> 2 -> 7 -> 5 -> 9 [slot=2-2, slots=1]; LP#9: 0 -> 4 -> 2 -> 6 -> 9 [slot=3-3, slots=1] | IP 3->4 maps OPT 9->6: LP#23: 9 -> 6 [slot=0-0, slots=1]; LP#27: 9 -> 5 -> 1 -> 8 -> 7 -> 2 -> 6 [slot=9-9, slots=1]; LP#65: 9 -> 6 [slot=1-1, slots=1]"
20,20042,lns,d9,52,0,2,1,4,0 -> 4 -> 3 -> 2,1 -> 6 -> 9 -> 4,"IP 0->4 maps OPT 1->6: LP#11: 1 -> 6 [slot=2-2, slots=1] | IP 4->3 maps OPT 6->9: LP#48: 6 -> 1 -> 8 -> 4 -> 2 -> 7 -> 5 -> 9 [slot=16-16, slots=1]; LP#49: 6 -> 2 -> 7 -> 5 -> 9 [slot=10-10, slots=1]; LP#50: 6 -> 2 -> 4 -> 8 -> 7 -> 5 -> 9 [slot=17-17, slots=1] | IP 3->2 maps OPT 9->4: LP#39: 9 -> 6 -> 1 -> 8 -> 4 [slot=5-5, slots=1]; LP#40: 9 -> 5 -> 1 -> 6 -> 2 -> 4 [slot=8-8, slots=1]; LP#41: 9 -> 5 -> 1 -> 8 -> 4 [slot=14-14, slots=1]"
20,20042,lns,d10,75,1,3,0,9,1 -> 3,0 -> 9,"IP 1->3 maps OPT 0->9: LP#7: 0 -> 4 -> 2 -> 6 -> 1 -> 5 -> 9 [slot=1-1, slots=1]; LP#8: 0 -> 4 -> 2 -> 7 -> 5 -> 9 [slot=2-2, slots=1]; LP#9: 0 -> 4 -> 2 -> 6 -> 9 [slot=3-3, slots=1]"
20,20042,lns,d11,50,2,4,4,6,2 -> 3 -> 1 -> 5 -> 4,4 -> 9 -> 0 -> 5 -> 6,"IP 2->3 maps OPT 4->9: LP#51: 4 -> 2 -> 7 -> 8 -> 1 -> 6 -> 9 [slot=13-13, slots=1]; LP#52: 4 -> 2 -> 7 -> 5 -> 9 [slot=11-11, slots=1]; LP#53: 4 -> 2 -> 6 -> 9 [slot=12-12, slots=1] | IP 3->1 maps OPT 9->0: LP#55: 9 -> 6 -> 2 -> 4 -> 0 [slot=9-9, slots=1]; LP#57: 9 -> 6 -> 1 -> 8 -> 4 -> 0 [slot=19-19, slots=1]; LP#58: 9 -> 6 -> 2 -> 4 -> 0 [slot=13-13, slots=1] | IP 1->5 maps OPT 0->5: LP#43: 0 -> 4 -> 2 -> 6 -> 1 -> 5 [slot=7-7, slots=1]; LP#45: 0 -> 4 -> 8 -> 1 -> 5 [slot=8-8, slots=1]; LP#47: 0 -> 4 -> 2 -> 7 -> 8 -> 1 -> 5 [slot=9-9, slots=1] | IP 5->4 maps OPT 5->6: LP#28: 5 -> 1 -> 8 -> 7 -> 2 -> 6 [slot=10-10, slots=1]; LP#32: 5 -> 7 -> 2 -> 6 [slot=8-8, slots=1]"
20,20042,lns,d12,20,5,0,5,1,5 -> 4 -> 3 -> 0,5 -> 6 -> 9 -> 1,"IP 5->4 maps OPT 5->6: LP#28: 5 -> 1 -> 8 -> 7 -> 2 -> 6 [slot=10-10, slots=1]; LP#32: 5 -> 7 -> 2 -> 6 [slot=8-8, slots=1] | IP 4->3 maps OPT 6->9: LP#48: 6 -> 1 -> 8 -> 4 -> 2 -> 7 -> 5 -> 9 [slot=16-16, slots=1]; LP#49: 6 -> 2 -> 7 -> 5 -> 9 [slot=10-10, slots=1]; LP#50: 6 -> 2 -> 4 -> 8 -> 7 -> 5 -> 9 [slot=17-17, slots=1] | IP 3->0 maps OPT 9->1: LP#63: 9 -> 5 -> 1 [slot=2-2, slots=1]; LP#64: 9 -> 5 -> 1 [slot=5-5, slots=1]"
20,20042,lns,d13,61,3,5,9,5,3 -> 1 -> 5,9 -> 0 -> 5,"IP 3->1 maps OPT 9->0: LP#55: 9 -> 6 -> 2 -> 4 -> 0 [slot=9-9, slots=1]; LP#57: 9 -> 6 -> 1 -> 8 -> 4 -> 0 [slot=19-19, slots=1]; LP#58: 9 -> 6 -> 2 -> 4 -> 0 [slot=13-13, slots=1] | IP 1->5 maps OPT 0->5: LP#43: 0 -> 4 -> 2 -> 6 -> 1 -> 5 [slot=7-7, slots=1]; LP#45: 0 -> 4 -> 8 -> 1 -> 5 [slot=8-8, slots=1]; LP#47: 0 -> 4 -> 2 -> 7 -> 8 -> 1 -> 5 [slot=9-9, slots=1]"
20,20042,lns,d14,39,1,3,0,9,1 -> 3,0 -> 9,"IP 1->3 maps OPT 0->9: LP#7: 0 -> 4 -> 2 -> 6 -> 1 -> 5 -> 9 [slot=1-1, slots=1]; LP#8: 0 -> 4 -> 2 -> 7 -> 5 -> 9 [slot=2-2, slots=1]; LP#9: 0 -> 4 -> 2 -> 6 -> 9 [slot=3-3, slots=1]"
20,20042,lns,d15,67,0,1,1,0,0 -> 3 -> 1,1 -> 9 -> 0,"IP 0->3 maps OPT 1->9: LP#18: 1 -> 8 -> 7 -> 3 -> 6 -> 9 [slot=2-2, slots=1]; LP#20: 1 -> 5 -> 7 -> 3 -> 6 -> 9 [slot=4-4, slots=1]; LP#21: 1 -> 5 -> 7 -> 3 -> 6 -> 9 [slot=5-5, slots=1]; LP#22: 1 -> 8 -> 7 -> 5 -> 9 [slot=8-8, slots=1] | IP 3->1 maps OPT 9->0: LP#55: 9 -> 6 -> 2 -> 4 -> 0 [slot=9-9, slots=1]; LP#57: 9 -> 6 -> 1 -> 8 -> 4 -> 0 [slot=19-19, slots=1]; LP#58: 9 -> 6 -> 2 -> 4 -> 0 [slot=13-13, slots=1]"
20,20042,lns,d16,78,4,2,6,4,4 -> 3 -> 2,6 -> 9 -> 4,"IP 4->3 maps OPT 6->9: LP#48: 6 -> 1 -> 8 -> 4 -> 2 -> 7 -> 5 -> 9 [slot=16-16, slots=1]; LP#49: 6 -> 2 -> 7 -> 5 -> 9 [slot=10-10, slots=1]; LP#50: 6 -> 2 -> 4 -> 8 -> 7 -> 5 -> 9 [slot=17-17, slots=1] | IP 3->2 maps OPT 9->4: LP#39: 9 -> 6 -> 1 -> 8 -> 4 [slot=5-5, slots=1]; LP#40: 9 -> 5 -> 1 -> 6 -> 2 -> 4 [slot=8-8, slots=1]; LP#41: 9 -> 5 -> 1 -> 8 -> 4 [slot=14-14, slots=1]"
20,20042,lns,d17,98,5,1,5,0,5 -> 1,5 -> 0,"IP 5->1 maps OPT 5->0: LP#4: 5 -> 7 -> 2 -> 4 -> 0 [slot=2-2, slots=1]; LP#5: 5 -> 1 -> 8 -> 4 -> 0 [slot=3-3, slots=1]"
20,20042,lns,d18,72,3,0,9,1,3 -> 0,9 -> 1,"IP 3->0 maps OPT 9->1: LP#63: 9 -> 5 -> 1 [slot=2-2, slots=1]; LP#64: 9 -> 5 -> 1 [slot=5-5, slots=1]"
20,20042,lns,d19,70,1,5,0,5,1 -> 5,0 -> 5,"IP 1->5 maps OPT 0->5: LP#43: 0 -> 4 -> 2 -> 6 -> 1 -> 5 [slot=7-7, slots=1]; LP#45: 0 -> 4 -> 8 -> 1 -> 5 [slot=8-8, slots=1]; LP#47: 0 -> 4 -> 2 -> 7 -> 8 -> 1 -> 5 [slot=9-9, slots=1]"
25,25042,initial,d0,45,5,4,5,6,5 -> 0 -> 4,5 -> 1 -> 6,"IP 5->0 maps OPT 5->1: LP#0: 5 -> 9 -> 6 -> 2 -> 4 -> 8 -> 1 [slot=0-0, slots=1]; LP#1: 5 -> 7 -> 8 -> 4 -> 2 -> 6 -> 1 [slot=0-0, slots=1]; LP#2: 5 -> 7 -> 2 -> 6 -> 1 [slot=1-1, slots=1]; LP#3: 5 -> 9 -> 6 -> 2 -> 7 -> 8 -> 1 [slot=1-1, slots=1]; LP#4: 5 -> 7 -> 3 -> 6 -> 1 [slot=2-2, slots=1] | IP 0->4 maps OPT 1->6: LP#5: 1 -> 5 -> 7 -> 8 -> 4 -> 2 -> 6 [slot=3-3, slots=1]; LP#6: 1 -> 8 -> 7 -> 3 -> 6 [slot=0-0, slots=1]; LP#7: 1 -> 8 -> 7 -> 5 -> 9 -> 6 [slot=2-2, slots=1]"
25,25042,initial,d1,77,3,5,9,5,3 -> 4 -> 0 -> 5,9 -> 6 -> 1 -> 5,"IP 3->4 maps OPT 9->6: LP#8: 9 -> 5 -> 7 -> 8 -> 1 -> 6 [slot=4-4, slots=1]; LP#9: 9 -> 5 -> 7 -> 3 -> 6 [slot=5-5, slots=1] | IP 4->0 maps OPT 6->1: LP#10: 6 -> 2 -> 4 -> 8 -> 7 -> 5 -> 1 [slot=3-3, slots=1]; LP#11: 6 -> 9 -> 5 -> 7 -> 8 -> 1 [slot=6-6, slots=1]; LP#12: 6 -> 1 [slot=3-3, slots=1]; LP#13: 6 -> 2 -> 7 -> 8 -> 1 [slot=2-2, slots=1]; LP#14: 6 -> 3 -> 7 -> 5 -> 1 [slot=0-0, slots=1]; LP#15: 6 -> 9 -> 5 -> 7 -> 8 -> 1 [slot=7-7, slots=1] | IP 0->5 maps OPT 1->5: LP#16: 1 -> 6 -> 9 -> 5 [slot=0-0, slots=1]; LP#17: 1 -> 6 -> 3 -> 7 -> 5 [slot=1-1, slots=1]; LP#18: 1 -> 5 [slot=0-0, slots=1]; LP#19: 1 -> 5 [slot=1-1, slots=1]; LP#20: 1 -> 6 -> 9 -> 5 [slot=2-2, slots=1]; LP#21: 1 -> 6 -> 2 -> 4 -> 8 -> 7 -> 5 [slot=5-5, slots=1]"
25,25042,initial,d2,71,1,3,0,9,1 -> 5 -> 0 -> 3,0 -> 5 -> 1 -> 9,"IP 1->5 maps OPT 0->5: LP#22: 0 -> 4 -> 8 -> 7 -> 5 [slot=4-4, slots=1]; LP#23: 0 -> 4 -> 2 -> 7 -> 8 -> 1 -> 5 [slot=5-5, slots=1]; LP#24: 0 -> 4 -> 2 -> 6 -> 9 -> 5 [slot=8-8, slots=1]; LP#25: 0 -> 4 -> 2 -> 7 -> 5 [slot=6-6, slots=1]; LP#26: 0 -> 4 -> 2 -> 6 -> 1 -> 5 [slot=7-7, slots=1]; LP#27: 0 -> 4 -> 2 -> 6 -> 1 -> 5 [slot=9-9, slots=1]; LP#28: 0 -> 4 -> 8 -> 7 -> 2 -> 6 -> 1 -> 5 [slot=10-10, slots=1] | IP 5->0 maps OPT 5->1: LP#0: 5 -> 9 -> 6 -> 2 -> 4 -> 8 -> 1 [slot=0-0, slots=1]; LP#1: 5 -> 7 -> 8 -> 4 -> 2 -> 6 -> 1 [slot=0-0, slots=1]; LP#2: 5 -> 7 -> 2 -> 6 -> 1 [slot=1-1, slots=1]; LP#3: 5 -> 9 -> 6 -> 2 -> 7 -> 8 -> 1 [slot=1-1, slots=1]; LP#4: 5 -> 7 -> 3 -> 6 -> 1 [slot=2-2, slots=1] | IP 0->3 maps OPT 1->9: LP#29: 1 -> 6 -> 3 -> 7 -> 5 -> 9 [slot=7-7, slots=1]; LP#30: 1 -> 8 -> 7 -> 5 -> 9 [slot=8-8, slots=1]; LP#31: 1 -> 5 -> 9 [slot=4-4, slots=1]; LP#32: 1 -> 8 -> 7 -> 3 -> 6 -> 9 [slot=1-1, slots=1]; LP#33: 1 -> 8 -> 7 -> 5 -> 9 [slot=9-9, slots=1]; LP#34: 1 -> 8 -> 4 -> 2 -> 6 -> 9 [slot=4-4, slots=1]; LP#35: 1 -> 8 -> 7 -> 2 -> 6 -> 9 [slot=11-11, slots=1]"
25,25042,initial,d3,99,0,2,1,4,0 -> 5 -> 1 -> 3 -> 2,1 -> 5 -> 0 -> 9 -> 4,"IP 0->5 maps OPT 1->5: LP#16: 1 -> 6 -> 9 -> 5 [slot=0-0, slots=1]; LP#17: 1 -> 6 -> 3 -> 7 -> 5 [slot=1-1, slots=1]; LP#18: 1 -> 5 [slot=0-0, slots=1]; LP#19: 1 -> 5 [slot=1-1, slots=1]; LP#20: 1 -> 6 -> 9 -> 5 [slot=2-2, slots=1]; LP#21: 1 -> 6 -> 2 -> 4 -> 8 -> 7 -> 5 [slot=5-5, slots=1] | IP 5->1 maps OPT 5->0: LP#36: 5 -> 1 -> 6 -> 2 -> 4 -> 0 [slot=6-6, slots=1]; LP#37: 5 -> 1 -> 6 -> 2 -> 4 -> 0 [slot=8-8, slots=1]; LP#38: 5 -> 1 -> 8 -> 7 -> 2 -> 4 -> 0 [slot=7-7, slots=1]; LP#39: 5 -> 9 -> 6 -> 2 -> 4 -> 0 [slot=10-10, slots=1]; LP#40: 5 -> 1 -> 6 -> 3 -> 7 -> 8 -> 4 -> 0 [slot=9-9, slots=1]; LP#41: 5 -> 1 -> 6 -> 3 -> 7 -> 8 -> 4 -> 0 [slot=11-11, slots=1] | IP 1->3 maps OPT 0->9: LP#42: 0 -> 4 -> 2 -> 7 -> 8 -> 1 -> 5 -> 9 [slot=12-12, slots=1]; LP#43: 0 -> 4 -> 8 -> 7 -> 2 -> 6 -> 9 [slot=13-13, slots=1]; LP#44: 0 -> 4 -> 2 -> 7 -> 5 -> 9 [slot=11-11, slots=1]; LP#45: 0 -> 4 -> 2 -> 7 -> 8 -> 1 -> 5 -> 9 [slot=14-14, slots=1]; LP#46: 0 -> 4 -> 2 -> 7 -> 3 -> 6 -> 9 [slot=15-15, slots=1]; LP#47: 0 -> 4 -> 2 -> 7 -> 8 -> 1 -> 5 -> 9 [slot=16-16, slots=1]; LP#48: 0 -> 4 -> 2 -> 7 -> 3 -> 6 -> 9 [slot=17-17, slots=1] | IP 3->2 maps OPT 9->4: LP#49: 9 -> 5 -> 1 -> 6 -> 2 -> 4 [slot=12-12, slots=1]; LP#50: 9 -> 6 -> 1 -> 8 -> 4 [slot=5-5, slots=1]; LP#51: 9 -> 6 -> 1 -> 8 -> 4 [slot=6-6, slots=1]; LP#52: 9 -> 5 -> 1 -> 8 -> 7 -> 2 -> 4 [slot=14-14, slots=1]; LP#53: 9 -> 6 -> 1 -> 8 -> 7 -> 2 -> 4 [slot=15-15, slots=1]; LP#54: 9 -> 6 -> 1 -> 8 -> 7 -> 2 -> 4 [slot=16-16, slots=1]; LP#55: 9 -> 5 -> 1 -> 8 -> 4 [slot=10-10, slots=1]; LP#56: 9 -> 6 -> 1 -> 8 -> 7 -> 2 -> 4 [slot=17-17, slots=1]; LP#57: 9 -> 5 -> 7 -> 2 -> 4 [slot=9-9, slots=1]"
25,25042,initial,d4,29,5,4,5,6,5 -> 1 -> 3 -> 0 -> 4,5 -> 0 -> 9 -> 1 -> 6,"IP 5->1 maps OPT 5->0: LP#36: 5 -> 1 -> 6 -> 2 -> 4 -> 0 [slot=6-6, slots=1]; LP#37: 5 -> 1 -> 6 -> 2 -> 4 -> 0 [slot=8-8, slots=1]; LP#38: 5 -> 1 -> 8 -> 7 -> 2 -> 4 -> 0 [slot=7-7, slots=1]; LP#39: 5 -> 9 -> 6 -> 2 -> 4 -> 0 [slot=10-10, slots=1]; LP#40: 5 -> 1 -> 6 -> 3 -> 7 -> 8 -> 4 -> 0 [slot=9-9, slots=1]; LP#41: 5 -> 1 -> 6 -> 3 -> 7 -> 8 -> 4 -> 0 [slot=11-11, slots=1] | IP 1->3 maps OPT 0->9: LP#42: 0 -> 4 -> 2 -> 7 -> 8 -> 1 -> 5 -> 9 [slot=12-12, slots=1]; LP#43: 0 -> 4 -> 8 -> 7 -> 2 -> 6 -> 9 [slot=13-13, slots=1]; LP#44: 0 -> 4 -> 2 -> 7 -> 5 -> 9 [slot=11-11, slots=1]; LP#45: 0 -> 4 -> 2 -> 7 -> 8 -> 1 -> 5 -> 9 [slot=14-14, slots=1]; LP#46: 0 -> 4 -> 2 -> 7 -> 3 -> 6 -> 9 [slot=15-15, slots=1]; LP#47: 0 -> 4 -> 2 -> 7 -> 8 -> 1 -> 5 -> 9 [slot=16-16, slots=1]; LP#48: 0 -> 4 -> 2 -> 7 -> 3 -> 6 -> 9 [slot=17-17, slots=1] | IP 3->0 maps OPT 9->1: LP#58: 9 -> 5 -> 1 [slot=1-1, slots=1]; LP#59: 9 -> 5 -> 7 -> 8 -> 1 [slot=13-13, slots=1]; LP#60: 9 -> 6 -> 2 -> 4 -> 8 -> 1 [slot=11-11, slots=1] | IP 0->4 maps OPT 1->6: LP#5: 1 -> 5 -> 7 -> 8 -> 4 -> 2 -> 6 [slot=3-3, slots=1]; LP#6: 1 -> 8 -> 7 -> 3 -> 6 [slot=0-0, slots=1]; LP#7: 1 -> 8 -> 7 -> 5 -> 9 -> 6 [slot=2-2, slots=1]"
25,25042,initial,d5,53,1,0,0,1,1 -> 5 -> 4 -> 3 -> 0,0 -> 5 -> 6 -> 9 -> 1,"IP 1->5 maps OPT 0->5: LP#22: 0 -> 4 -> 8 -> 7 -> 5 [slot=4-4, slots=1]; LP#23: 0 -> 4 -> 2 -> 7 -> 8 -> 1 -> 5 [slot=5-5, slots=1]; LP#24: 0 -> 4 -> 2 -> 6 -> 9 -> 5 [slot=8-8, slots=1]; LP#25: 0 -> 4 -> 2 -> 7 -> 5 [slot=6-6, slots=1]; LP#26: 0 -> 4 -> 2 -> 6 -> 1 -> 5 [slot=7-7, slots=1]; LP#27: 0 -> 4 -> 2 -> 6 -> 1 -> 5 [slot=9-9, slots=1]; LP#28: 0 -> 4 -> 8 -> 7 -> 2 -> 6 -> 1 -> 5 [slot=10-10, slots=1] | IP 5->4 maps OPT 5->6: LP#61: 5 -> 9 -> 6 [slot=3-3, slots=1]; LP#62: 5 -> 1 -> 6 [slot=13-13, slots=1]; LP#63: 5 -> 1 -> 8 -> 4 -> 2 -> 6 [slot=18-18, slots=1]; LP#64: 5 -> 1 -> 8 -> 4 -> 2 -> 6 [slot=19-19, slots=1] | IP 4->3 maps OPT 6->9: LP#65: 6 -> 2 -> 4 -> 8 -> 1 -> 5 -> 9 [slot=18-18, slots=1]; LP#66: 6 -> 2 -> 4 -> 8 -> 7 -> 5 -> 9 [slot=19-19, slots=1]; LP#67: 6 -> 3 -> 7 -> 5 -> 9 [slot=13-13, slots=1]; LP#68: 6 -> 2 -> 7 -> 8 -> 1 -> 5 -> 9 [slot=20-20, slots=1]; LP#69: 6 -> 1 -> 8 -> 4 -> 2 -> 7 -> 5 -> 9 [slot=21-21, slots=1] | IP 3->0 maps OPT 9->1: LP#58: 9 -> 5 -> 1 [slot=1-1, slots=1]; LP#59: 9 -> 5 -> 7 -> 8 -> 1 [slot=13-13, slots=1]; LP#60: 9 -> 6 -> 2 -> 4 -> 8 -> 1 [slot=11-11, slots=1]"
25,25042,initial,d6,75,1,3,0,9,1 -> 5 -> 0 -> 4 -> 3,0 -> 5 -> 1 -> 6 -> 9,"IP 1->5 maps OPT 0->5: LP#22: 0 -> 4 -> 8 -> 7 -> 5 [slot=4-4, slots=1]; LP#23: 0 -> 4 -> 2 -> 7 -> 8 -> 1 -> 5 [slot=5-5, slots=1]; LP#24: 0 -> 4 -> 2 -> 6 -> 9 -> 5 [slot=8-8, slots=1]; LP#25: 0 -> 4 -> 2 -> 7 -> 5 [slot=6-6, slots=1]; LP#26: 0 -> 4 -> 2 -> 6 -> 1 -> 5 [slot=7-7, slots=1]; LP#27: 0 -> 4 -> 2 -> 6 -> 1 -> 5 [slot=9-9, slots=1]; LP#28: 0 -> 4 -> 8 -> 7 -> 2 -> 6 -> 1 -> 5 [slot=10-10, slots=1] | IP 5->0 maps OPT 5->1: LP#0: 5 -> 9 -> 6 -> 2 -> 4 -> 8 -> 1 [slot=0-0, slots=1]; LP#1: 5 -> 7 -> 8 -> 4 -> 2 -> 6 -> 1 [slot=0-0, slots=1]; LP#2: 5 -> 7 -> 2 -> 6 -> 1 [slot=1-1, slots=1]; LP#3: 5 -> 9 -> 6 -> 2 -> 7 -> 8 -> 1 [slot=1-1, slots=1]; LP#4: 5 -> 7 -> 3 -> 6 -> 1 [slot=2-2, slots=1] | IP 0->4 maps OPT 1->6: LP#5: 1 -> 5 -> 7 -> 8 -> 4 -> 2 -> 6 [slot=3-3, slots=1]; LP#6: 1 -> 8 -> 7 -> 3 -> 6 [slot=0-0, slots=1]; LP#7: 1 -> 8 -> 7 -> 5 -> 9 -> 6 [slot=2-2, slots=1] | IP 4->3 maps OPT 6->9: LP#65: 6 -> 2 -> 4 -> 8 -> 1 -> 5 -> 9 [slot=18-18, slots=1]; LP#66: 6 -> 2 -> 4 -> 8 -> 7 -> 5 -> 9 [slot=19-19, slots=1]; LP#67: 6 -> 3 -> 7 -> 5 -> 9 [slot=13-13, slots=1]; LP#68: 6 -> 2 -> 7 -> 8 -> 1 -> 5 -> 9 [slot=20-20, slots=1]; LP#69: 6 -> 1 -> 8 -> 4 -> 2 -> 7 -> 5 -> 9 [slot=21-21, slots=1]"
25,25042,initial,d7,65,5,0,5,1,5 -> 1 -> 3 -> 0,5 -> 0 -> 9 -> 1,"IP 5->1 maps OPT 5->0: LP#36: 5 -> 1 -> 6 -> 2 -> 4 -> 0 [slot=6-6, slots=1]; LP#37: 5 -> 1 -> 6 -> 2 -> 4 -> 0 [slot=8-8, slots=1]; LP#38: 5 -> 1 -> 8 -> 7 -> 2 -> 4 -> 0 [slot=7-7, slots=1]; LP#39: 5 -> 9 -> 6 -> 2 -> 4 -> 0 [slot=10-10, slots=1]; LP#40: 5 -> 1 -> 6 -> 3 -> 7 -> 8 -> 4 -> 0 [slot=9-9, slots=1]; LP#41: 5 -> 1 -> 6 -> 3 -> 7 -> 8 -> 4 -> 0 [slot=11-11, slots=1] | IP 1->3 maps OPT 0->9: LP#42: 0 -> 4 -> 2 -> 7 -> 8 -> 1 -> 5 -> 9 [slot=12-12, slots=1]; LP#43: 0 -> 4 -> 8 -> 7 -> 2 -> 6 -> 9 [slot=13-13, slots=1]; LP#44: 0 -> 4 -> 2 -> 7 -> 5 -> 9 [slot=11-11, slots=1]; LP#45: 0 -> 4 -> 2 -> 7 -> 8 -> 1 -> 5 -> 9 [slot=14-14, slots=1]; LP#46: 0 -> 4 -> 2 -> 7 -> 3 -> 6 -> 9 [slot=15-15, slots=1]; LP#47: 0 -> 4 -> 2 -> 7 -> 8 -> 1 -> 5 -> 9 [slot=16-16, slots=1]; LP#48: 0 -> 4 -> 2 -> 7 -> 3 -> 6 -> 9 [slot=17-17, slots=1] | IP 3->0 maps OPT 9->1: LP#58: 9 -> 5 -> 1 [slot=1-1, slots=1]; LP#59: 9 -> 5 -> 7 -> 8 -> 1 [slot=13-13, slots=1]; LP#60: 9 -> 6 -> 2 -> 4 -> 8 -> 1 [slot=11-11, slots=1]"
25,25042,initial,d8,44,1,0,0,1,1 -> 5 -> 4 -> 0,0 -> 5 -> 6 -> 1,"IP 1->5 maps OPT 0->5: LP#22: 0 -> 4 -> 8 -> 7 -> 5 [slot=4-4, slots=1]; LP#23: 0 -> 4 -> 2 -> 7 -> 8 -> 1 -> 5 [slot=5-5, slots=1]; LP#24: 0 -> 4 -> 2 -> 6 -> 9 -> 5 [slot=8-8, slots=1]; LP#25: 0 -> 4 -> 2 -> 7 -> 5 [slot=6-6, slots=1]; LP#26: 0 -> 4 -> 2 -> 6 -> 1 -> 5 [slot=7-7, slots=1]; LP#27: 0 -> 4 -> 2 -> 6 -> 1 -> 5 [slot=9-9, slots=1]; LP#28: 0 -> 4 -> 8 -> 7 -> 2 -> 6 -> 1 -> 5 [slot=10-10, slots=1] | IP 5->4 maps OPT 5->6: LP#61: 5 -> 9 -> 6 [slot=3-3, slots=1]; LP#62: 5 -> 1 -> 6 [slot=13-13, slots=1]; LP#63: 5 -> 1 -> 8 -> 4 -> 2 -> 6 [slot=18-18, slots=1]; LP#64: 5 -> 1 -> 8 -> 4 -> 2 -> 6 [slot=19-19, slots=1] | IP 4->0 maps OPT 6->1: LP#10: 6 -> 2 -> 4 -> 8 -> 7 -> 5 -> 1 [slot=3-3, slots=1]; LP#11: 6 -> 9 -> 5 -> 7 -> 8 -> 1 [slot=6-6, slots=1]; LP#12: 6 -> 1 [slot=3-3, slots=1]; LP#13: 6 -> 2 -> 7 -> 8 -> 1 [slot=2-2, slots=1]; LP#14: 6 -> 3 -> 7 -> 5 -> 1 [slot=0-0, slots=1]; LP#15: 6 -> 9 -> 5 -> 7 -> 8 -> 1 [slot=7-7, slots=1]"
25,25042,initial,d9,32,4,2,6,4,4 -> 0 -> 3 -> 2,6 -> 1 -> 9 -> 4,"IP 4->0 maps OPT 6->1: LP#10: 6 -> 2 -> 4 -> 8 -> 7 -> 5 -> 1 [slot=3-3, slots=1]; LP#11: 6 -> 9 -> 5 -> 7 -> 8 -> 1 [slot=6-6, slots=1]; LP#12: 6 -> 1 [slot=3-3, slots=1]; LP#13: 6 -> 2 -> 7 -> 8 -> 1 [slot=2-2, slots=1]; LP#14: 6 -> 3 -> 7 -> 5 -> 1 [slot=0-0, slots=1]; LP#15: 6 -> 9 -> 5 -> 7 -> 8 -> 1 [slot=7-7, slots=1] | IP 0->3 maps OPT 1->9: LP#29: 1 -> 6 -> 3 -> 7 -> 5 -> 9 [slot=7-7, slots=1]; LP#30: 1 -> 8 -> 7 -> 5 -> 9 [slot=8-8, slots=1]; LP#31: 1 -> 5 -> 9 [slot=4-4, slots=1]; LP#32: 1 -> 8 -> 7 -> 3 -> 6 -> 9 [slot=1-1, slots=1]; LP#33: 1 -> 8 -> 7 -> 5 -> 9 [slot=9-9, slots=1]; LP#34: 1 -> 8 -> 4 -> 2 -> 6 -> 9 [slot=4-4, slots=1]; LP#35: 1 -> 8 -> 7 -> 2 -> 6 -> 9 [slot=11-11, slots=1] | IP 3->2 maps OPT 9->4: LP#49: 9 -> 5 -> 1 -> 6 -> 2 -> 4 [slot=12-12, slots=1]; LP#50: 9 -> 6 -> 1 -> 8 -> 4 [slot=5-5, slots=1]; LP#51: 9 -> 6 -> 1 -> 8 -> 4 [slot=6-6, slots=1]; LP#52: 9 -> 5 -> 1 -> 8 -> 7 -> 2 -> 4 [slot=14-14, slots=1]; LP#53: 9 -> 6 -> 1 -> 8 -> 7 -> 2 -> 4 [slot=15-15, slots=1]; LP#54: 9 -> 6 -> 1 -> 8 -> 7 -> 2 -> 4 [slot=16-16, slots=1]; LP#55: 9 -> 5 -> 1 -> 8 -> 4 [slot=10-10, slots=1]; LP#56: 9 -> 6 -> 1 -> 8 -> 7 -> 2 -> 4 [slot=17-17, slots=1]; LP#57: 9 -> 5 -> 7 -> 2 -> 4 [slot=9-9, slots=1]"
25,25042,initial,d10,77,0,5,1,5,0 -> 3 -> 1 -> 5,1 -> 9 -> 0 -> 5,"IP 0->3 maps OPT 1->9: LP#29: 1 -> 6 -> 3 -> 7 -> 5 -> 9 [slot=7-7, slots=1]; LP#30: 1 -> 8 -> 7 -> 5 -> 9 [slot=8-8, slots=1]; LP#31: 1 -> 5 -> 9 [slot=4-4, slots=1]; LP#32: 1 -> 8 -> 7 -> 3 -> 6 -> 9 [slot=1-1, slots=1]; LP#33: 1 -> 8 -> 7 -> 5 -> 9 [slot=9-9, slots=1]; LP#34: 1 -> 8 -> 4 -> 2 -> 6 -> 9 [slot=4-4, slots=1]; LP#35: 1 -> 8 -> 7 -> 2 -> 6 -> 9 [slot=11-11, slots=1] | IP 3->1 maps OPT 9->0: LP#70: 9 -> 5 -> 7 -> 2 -> 4 -> 0 [slot=20-20, slots=1]; LP#71: 9 -> 5 -> 7 -> 2 -> 4 -> 0 [slot=21-21, slots=1]; LP#72: 9 -> 6 -> 2 -> 7 -> 8 -> 4 -> 0 [slot=22-22, slots=1]; LP#73: 9 -> 5 -> 7 -> 2 -> 4 -> 0 [slot=23-23, slots=1] | IP 1->5 maps OPT 0->5: LP#22: 0 -> 4 -> 8 -> 7 -> 5 [slot=4-4, slots=1]; LP#23: 0 -> 4 -> 2 -> 7 -> 8 -> 1 -> 5 [slot=5-5, slots=1]; LP#24: 0 -> 4 -> 2 -> 6 -> 9 -> 5 [slot=8-8, slots=1]; LP#25: 0 -> 4 -> 2 -> 7 -> 5 [slot=6-6, slots=1]; LP#26: 0 -> 4 -> 2 -> 6 -> 1 -> 5 [slot=7-7, slots=1]; LP#27: 0 -> 4 -> 2 -> 6 -> 1 -> 5 [slot=9-9, slots=1]; LP#28: 0 -> 4 -> 8 -> 7 -> 2 -> 6 -> 1 -> 5 [slot=10-10, slots=1]"
25,25042,initial,d11,69,4,2,6,4,4 -> 5 -> 0 -> 3 -> 2,6 -> 5 -> 1 -> 9 -> 4,"IP 4->5 maps OPT 6->5: LP#74: 6 -> 3 -> 7 -> 8 -> 1 -> 5 [slot=8-8, slots=1]; LP#75: 6 -> 3 -> 7 -> 5 [slot=10-10, slots=1] | IP 5->0 maps OPT 5->1: LP#0: 5 -> 9 -> 6 -> 2 -> 4 -> 8 -> 1 [slot=0-0, slots=1]; LP#1: 5 -> 7 -> 8 -> 4 -> 2 -> 6 -> 1 [slot=0-0, slots=1]; LP#2: 5 -> 7 -> 2 -> 6 -> 1 [slot=1-1, slots=1]; LP#3: 5 -> 9 -> 6 -> 2 -> 7 -> 8 -> 1 [slot=1-1, slots=1]; LP#4: 5 -> 7 -> 3 -> 6 -> 1 [slot=2-2, slots=1] | IP 0->3 maps OPT 1->9: LP#29: 1 -> 6 -> 3 -> 7 -> 5 -> 9 [slot=7-7, slots=1]; LP#30: 1 -> 8 -> 7 -> 5 -> 9 [slot=8-8, slots=1]; LP#31: 1 -> 5 -> 9 [slot=4-4, slots=1]; LP#32: 1 -> 8 -> 7 -> 3 -> 6 -> 9 [slot=1-1, slots=1]; LP#33: 1 -> 8 -> 7 -> 5 -> 9 [slot=9-9, slots=1]; LP#34: 1 -> 8 -> 4 -> 2 -> 6 -> 9 [slot=4-4, slots=1]; LP#35: 1 -> 8 -> 7 -> 2 -> 6 -> 9 [slot=11-11, slots=1] | IP 3->2 maps OPT 9->4: LP#49: 9 -> 5 -> 1 -> 6 -> 2 -> 4 [slot=12-12, slots=1]; LP#50: 9 -> 6 -> 1 -> 8 -> 4 [slot=5-5, slots=1]; LP#51: 9 -> 6 -> 1 -> 8 -> 4 [slot=6-6, slots=1]; LP#52: 9 -> 5 -> 1 -> 8 -> 7 -> 2 -> 4 [slot=14-14, slots=1]; LP#53: 9 -> 6 -> 1 -> 8 -> 7 -> 2 -> 4 [slot=15-15, slots=1]; LP#54: 9 -> 6 -> 1 -> 8 -> 7 -> 2 -> 4 [slot=16-16, slots=1]; LP#55: 9 -> 5 -> 1 -> 8 -> 4 [slot=10-10, slots=1]; LP#56: 9 -> 6 -> 1 -> 8 -> 7 -> 2 -> 4 [slot=17-17, slots=1]; LP#57: 9 -> 5 -> 7 -> 2 -> 4 [slot=9-9, slots=1]"
25,25042,initial,d12,60,1,5,0,5,1 -> 3 -> 4 -> 0 -> 5,0 -> 9 -> 6 -> 1 -> 5,"IP 1->3 maps OPT 0->9: LP#42: 0 -> 4 -> 2 -> 7 -> 8 -> 1 -> 5 -> 9 [slot=12-12, slots=1]; LP#43: 0 -> 4 -> 8 -> 7 -> 2 -> 6 -> 9 [slot=13-13, slots=1]; LP#44: 0 -> 4 -> 2 -> 7 -> 5 -> 9 [slot=11-11, slots=1]; LP#45: 0 -> 4 -> 2 -> 7 -> 8 -> 1 -> 5 -> 9 [slot=14-14, slots=1]; LP#46: 0 -> 4 -> 2 -> 7 -> 3 -> 6 -> 9 [slot=15-15, slots=1]; LP#47: 0 -> 4 -> 2 -> 7 -> 8 -> 1 -> 5 -> 9 [slot=16-16, slots=1]; LP#48: 0 -> 4 -> 2 -> 7 -> 3 -> 6 -> 9 [slot=17-17, slots=1] | IP 3->4 maps OPT 9->6: LP#8: 9 -> 5 -> 7 -> 8 -> 1 -> 6 [slot=4-4, slots=1]; LP#9: 9 -> 5 -> 7 -> 3 -> 6 [slot=5-5, slots=1] | IP 4->0 maps OPT 6->1: LP#10: 6 -> 2 -> 4 -> 8 -> 7 -> 5 -> 1 [slot=3-3, slots=1]; LP#11: 6 -> 9 -> 5 -> 7 -> 8 -> 1 [slot=6-6, slots=1]; LP#12: 6 -> 1 [slot=3-3, slots=1]; LP#13: 6 -> 2 -> 7 -> 8 -> 1 [slot=2-2, slots=1]; LP#14: 6 -> 3 -> 7 -> 5 -> 1 [slot=0-0, slots=1]; LP#15: 6 -> 9 -> 5 -> 7 -> 8 -> 1 [slot=7-7, slots=1] | IP 0->5 maps OPT 1->5: LP#16: 1 -> 6 -> 9 -> 5 [slot=0-0, slots=1]; LP#17: 1 -> 6 -> 3 -> 7 -> 5 [slot=1-1, slots=1]; LP#18: 1 -> 5 [slot=0-0, slots=1]; LP#19: 1 -> 5 [slot=1-1, slots=1]; LP#20: 1 -> 6 -> 9 -> 5 [slot=2-2, slots=1]; LP#21: 1 -> 6 -> 2 -> 4 -> 8 -> 7 -> 5 [slot=5-5, slots=1]"
25,25042,initial,d13,75,0,2,1,4,0 -> 4 -> 5 -> 1 -> 3 -> 2,1 -> 6 -> 5 -> 0 -> 9 -> 4,"IP 0->4 maps OPT 1->6: LP#5: 1 -> 5 -> 7 -> 8 -> 4 -> 2 -> 6 [slot=3-3, slots=1]; LP#6: 1 -> 8 -> 7 -> 3 -> 6 [slot=0-0, slots=1]; LP#7: 1 -> 8 -> 7 -> 5 -> 9 -> 6 [slot=2-2, slots=1] | IP 4->5 maps OPT 6->5: LP#74: 6 -> 3 -> 7 -> 8 -> 1 -> 5 [slot=8-8, slots=1]; LP#75: 6 -> 3 -> 7 -> 5 [slot=10-10, slots=1] | IP 5->1 maps OPT 5->0: LP#36: 5 -> 1 -> 6 -> 2 -> 4 -> 0 [slot=6-6, slots=1]; LP#37: 5 -> 1 -> 6 -> 2 -> 4 -> 0 [slot=8-8, slots=1]; LP#38: 5 -> 1 -> 8 -> 7 -> 2 -> 4 -> 0 [slot=7-7, slots=1]; LP#39: 5 -> 9 -> 6 -> 2 -> 4 -> 0 [slot=10-10, slots=1]; LP#40: 5 -> 1 -> 6 -> 3 -> 7 -> 8 -> 4 -> 0 [slot=9-9, slots=1]; LP#41: 5 -> 1 -> 6 -> 3 -> 7 -> 8 -> 4 -> 0 [slot=11-11, slots=1] | IP 1->3 maps OPT 0->9: LP#42: 0 -> 4 -> 2 -> 7 -> 8 -> 1 -> 5 -> 9 [slot=12-12, slots=1]; LP#43: 0 -> 4 -> 8 -> 7 -> 2 -> 6 -> 9 [slot=13-13, slots=1]; LP#44: 0 -> 4 -> 2 -> 7 -> 5 -> 9 [slot=11-11, slots=1]; LP#45: 0 -> 4 -> 2 -> 7 -> 8 -> 1 -> 5 -> 9 [slot=14-14, slots=1]; LP#46: 0 -> 4 -> 2 -> 7 -> 3 -> 6 -> 9 [slot=15-15, slots=1]; LP#47: 0 -> 4 -> 2 -> 7 -> 8 -> 1 -> 5 -> 9 [slot=16-16, slots=1]; LP#48: 0 -> 4 -> 2 -> 7 -> 3 -> 6 -> 9 [slot=17-17, slots=1] | IP 3->2 maps OPT 9->4: LP#49: 9 -> 5 -> 1 -> 6 -> 2 -> 4 [slot=12-12, slots=1]; LP#50: 9 -> 6 -> 1 -> 8 -> 4 [slot=5-5, slots=1]; LP#51: 9 -> 6 -> 1 -> 8 -> 4 [slot=6-6, slots=1]; LP#52: 9 -> 5 -> 1 -> 8 -> 7 -> 2 -> 4 [slot=14-14, slots=1]; LP#53: 9 -> 6 -> 1 -> 8 -> 7 -> 2 -> 4 [slot=15-15, slots=1]; LP#54: 9 -> 6 -> 1 -> 8 -> 7 -> 2 -> 4 [slot=16-16, slots=1]; LP#55: 9 -> 5 -> 1 -> 8 -> 4 [slot=10-10, slots=1]; LP#56: 9 -> 6 -> 1 -> 8 -> 7 -> 2 -> 4 [slot=17-17, slots=1]; LP#57: 9 -> 5 -> 7 -> 2 -> 4 [slot=9-9, slots=1]"
25,25042,initial,d14,29,4,5,6,5,4 -> 0 -> 3 -> 1 -> 5,6 -> 1 -> 9 -> 0 -> 5,"IP 4->0 maps OPT 6->1: LP#10: 6 -> 2 -> 4 -> 8 -> 7 -> 5 -> 1 [slot=3-3, slots=1]; LP#11: 6 -> 9 -> 5 -> 7 -> 8 -> 1 [slot=6-6, slots=1]; LP#12: 6 -> 1 [slot=3-3, slots=1]; LP#13: 6 -> 2 -> 7 -> 8 -> 1 [slot=2-2, slots=1]; LP#14: 6 -> 3 -> 7 -> 5 -> 1 [slot=0-0, slots=1]; LP#15: 6 -> 9 -> 5 -> 7 -> 8 -> 1 [slot=7-7, slots=1] | IP 0->3 maps OPT 1->9: LP#29: 1 -> 6 -> 3 -> 7 -> 5 -> 9 [slot=7-7, slots=1]; LP#30: 1 -> 8 -> 7 -> 5 -> 9 [slot=8-8, slots=1]; LP#31: 1 -> 5 -> 9 [slot=4-4, slots=1]; LP#32: 1 -> 8 -> 7 -> 3 -> 6 -> 9 [slot=1-1, slots=1]; LP#33: 1 -> 8 -> 7 -> 5 -> 9 [slot=9-9, slots=1]; LP#34: 1 -> 8 -> 4 -> 2 -> 6 -> 9 [slot=4-4, slots=1]; LP#35: 1 -> 8 -> 7 -> 2 -> 6 -> 9 [slot=11-11, slots=1] | IP 3->1 maps OPT 9->0: LP#70: 9 -> 5 -> 7 -> 2 -> 4 -> 0 [slot=20-20, slots=1]; LP#71: 9 -> 5 -> 7 -> 2 -> 4 -> 0 [slot=21-21, slots=1]; LP#72: 9 -> 6 -> 2 -> 7 -> 8 -> 4 -> 0 [slot=22-22, slots=1]; LP#73: 9 -> 5 -> 7 -> 2 -> 4 -> 0 [slot=23-23, slots=1] | IP 1->5 maps OPT 0->5: LP#22: 0 -> 4 -> 8 -> 7 -> 5 [slot=4-4, slots=1]; LP#23: 0 -> 4 -> 2 -> 7 -> 8 -> 1 -> 5 [slot=5-5, slots=1]; LP#24: 0 -> 4 -> 2 -> 6 -> 9 -> 5 [slot=8-8, slots=1]; LP#25: 0 -> 4 -> 2 -> 7 -> 5 [slot=6-6, slots=1]; LP#26: 0 -> 4 -> 2 -> 6 -> 1 -> 5 [slot=7-7, slots=1]; LP#27: 0 -> 4 -> 2 -> 6 -> 1 -> 5 [slot=9-9, slots=1]; LP#28: 0 -> 4 -> 8 -> 7 -> 2 -> 6 -> 1 -> 5 [slot=10-10, slots=1]"
25,25042,initial,d15,98,0,3,1,9,0 -> 5 -> 1 -> 3,1 -> 5 -> 0 -> 9,"IP 0->5 maps OPT 1->5: LP#16: 1 -> 6 -> 9 -> 5 [slot=0-0, slots=1]; LP#17: 1 -> 6 -> 3 -> 7 -> 5 [slot=1-1, slots=1]; LP#18: 1 -> 5 [slot=0-0, slots=1]; LP#19: 1 -> 5 [slot=1-1, slots=1]; LP#20: 1 -> 6 -> 9 -> 5 [slot=2-2, slots=1]; LP#21: 1 -> 6 -> 2 -> 4 -> 8 -> 7 -> 5 [slot=5-5, slots=1] | IP 5->1 maps OPT 5->0: LP#36: 5 -> 1 -> 6 -> 2 -> 4 -> 0 [slot=6-6, slots=1]; LP#37: 5 -> 1 -> 6 -> 2 -> 4 -> 0 [slot=8-8, slots=1]; LP#38: 5 -> 1 -> 8 -> 7 -> 2 -> 4 -> 0 [slot=7-7, slots=1]; LP#39: 5 -> 9 -> 6 -> 2 -> 4 -> 0 [slot=10-10, slots=1]; LP#40: 5 -> 1 -> 6 -> 3 -> 7 -> 8 -> 4 -> 0 [slot=9-9, slots=1]; LP#41: 5 -> 1 -> 6 -> 3 -> 7 -> 8 -> 4 -> 0 [slot=11-11, slots=1] | IP 1->3 maps OPT 0->9: LP#42: 0 -> 4 -> 2 -> 7 -> 8 -> 1 -> 5 -> 9 [slot=12-12, slots=1]; LP#43: 0 -> 4 -> 8 -> 7 -> 2 -> 6 -> 9 [slot=13-13, slots=1]; LP#44: 0 -> 4 -> 2 -> 7 -> 5 -> 9 [slot=11-11, slots=1]; LP#45: 0 -> 4 -> 2 -> 7 -> 8 -> 1 -> 5 -> 9 [slot=14-14, slots=1]; LP#46: 0 -> 4 -> 2 -> 7 -> 3 -> 6 -> 9 [slot=15-15, slots=1]; LP#47: 0 -> 4 -> 2 -> 7 -> 8 -> 1 -> 5 -> 9 [slot=16-16, slots=1]; LP#48: 0 -> 4 -> 2 -> 7 -> 3 -> 6 -> 9 [slot=17-17, slots=1]"
25,25042,initial,d16,76,0,5,1,5,0 -> 3 -> 1 -> 5,1 -> 9 -> 0 -> 5,"IP 0->3 maps OPT 1->9: LP#29: 1 -> 6 -> 3 -> 7 -> 5 -> 9 [slot=7-7, slots=1]; LP#30: 1 -> 8 -> 7 -> 5 -> 9 [slot=8-8, slots=1]; LP#31: 1 -> 5 -> 9 [slot=4-4, slots=1]; LP#32: 1 -> 8 -> 7 -> 3 -> 6 -> 9 [slot=1-1, slots=1]; LP#33: 1 -> 8 -> 7 -> 5 -> 9 [slot=9-9, slots=1]; LP#34: 1 -> 8 -> 4 -> 2 -> 6 -> 9 [slot=4-4, slots=1]; LP#35: 1 -> 8 -> 7 -> 2 -> 6 -> 9 [slot=11-11, slots=1] | IP 3->1 maps OPT 9->0: LP#70: 9 -> 5 -> 7 -> 2 -> 4 -> 0 [slot=20-20, slots=1]; LP#71: 9 -> 5 -> 7 -> 2 -> 4 -> 0 [slot=21-21, slots=1]; LP#72: 9 -> 6 -> 2 -> 7 -> 8 -> 4 -> 0 [slot=22-22, slots=1]; LP#73: 9 -> 5 -> 7 -> 2 -> 4 -> 0 [slot=23-23, slots=1] | IP 1->5 maps OPT 0->5: LP#22: 0 -> 4 -> 8 -> 7 -> 5 [slot=4-4, slots=1]; LP#23: 0 -> 4 -> 2 -> 7 -> 8 -> 1 -> 5 [slot=5-5, slots=1]; LP#24: 0 -> 4 -> 2 -> 6 -> 9 -> 5 [slot=8-8, slots=1]; LP#25: 0 -> 4 -> 2 -> 7 -> 5 [slot=6-6, slots=1]; LP#26: 0 -> 4 -> 2 -> 6 -> 1 -> 5 [slot=7-7, slots=1]; LP#27: 0 -> 4 -> 2 -> 6 -> 1 -> 5 [slot=9-9, slots=1]; LP#28: 0 -> 4 -> 8 -> 7 -> 2 -> 6 -> 1 -> 5 [slot=10-10, slots=1]"
25,25042,initial,d17,56,5,2,5,4,5 -> 4 -> 0 -> 3 -> 2,5 -> 6 -> 1 -> 9 -> 4,"IP 5->4 maps OPT 5->6: LP#61: 5 -> 9 -> 6 [slot=3-3, slots=1]; LP#62: 5 -> 1 -> 6 [slot=13-13, slots=1]; LP#63: 5 -> 1 -> 8 -> 4 -> 2 -> 6 [slot=18-18, slots=1]; LP#64: 5 -> 1 -> 8 -> 4 -> 2 -> 6 [slot=19-19, slots=1] | IP 4->0 maps OPT 6->1: LP#10: 6 -> 2 -> 4 -> 8 -> 7 -> 5 -> 1 [slot=3-3, slots=1]; LP#11: 6 -> 9 -> 5 -> 7 -> 8 -> 1 [slot=6-6, slots=1]; LP#12: 6 -> 1 [slot=3-3, slots=1]; LP#13: 6 -> 2 -> 7 -> 8 -> 1 [slot=2-2, slots=1]; LP#14: 6 -> 3 -> 7 -> 5 -> 1 [slot=0-0, slots=1]; LP#15: 6 -> 9 -> 5 -> 7 -> 8 -> 1 [slot=7-7, slots=1] | IP 0->3 maps OPT 1->9: LP#29: 1 -> 6 -> 3 -> 7 -> 5 -> 9 [slot=7-7, slots=1]; LP#30: 1 -> 8 -> 7 -> 5 -> 9 [slot=8-8, slots=1]; LP#31: 1 -> 5 -> 9 [slot=4-4, slots=1]; LP#32: 1 -> 8 -> 7 -> 3 -> 6 -> 9 [slot=1-1, slots=1]; LP#33: 1 -> 8 -> 7 -> 5 -> 9 [slot=9-9, slots=1]; LP#34: 1 -> 8 -> 4 -> 2 -> 6 -> 9 [slot=4-4, slots=1]; LP#35: 1 -> 8 -> 7 -> 2 -> 6 -> 9 [slot=11-11, slots=1] | IP 3->2 maps OPT 9->4: LP#49: 9 -> 5 -> 1 -> 6 -> 2 -> 4 [slot=12-12, slots=1]; LP#50: 9 -> 6 -> 1 -> 8 -> 4 [slot=5-5, slots=1]; LP#51: 9 -> 6 -> 1 -> 8 -> 4 [slot=6-6, slots=1]; LP#52: 9 -> 5 -> 1 -> 8 -> 7 -> 2 -> 4 [slot=14-14, slots=1]; LP#53: 9 -> 6 -> 1 -> 8 -> 7 -> 2 -> 4 [slot=15-15, slots=1]; LP#54: 9 -> 6 -> 1 -> 8 -> 7 -> 2 -> 4 [slot=16-16, slots=1]; LP#55: 9 -> 5 -> 1 -> 8 -> 4 [slot=10-10, slots=1]; LP#56: 9 -> 6 -> 1 -> 8 -> 7 -> 2 -> 4 [slot=17-17, slots=1]; LP#57: 9 -> 5 -> 7 -> 2 -> 4 [slot=9-9, slots=1]"
25,25042,initial,d18,51,0,2,1,4,0 -> 3 -> 2,1 -> 9 -> 4,"IP 0->3 maps OPT 1->9: LP#29: 1 -> 6 -> 3 -> 7 -> 5 -> 9 [slot=7-7, slots=1]; LP#30: 1 -> 8 -> 7 -> 5 -> 9 [slot=8-8, slots=1]; LP#31: 1 -> 5 -> 9 [slot=4-4, slots=1]; LP#32: 1 -> 8 -> 7 -> 3 -> 6 -> 9 [slot=1-1, slots=1]; LP#33: 1 -> 8 -> 7 -> 5 -> 9 [slot=9-9, slots=1]; LP#34: 1 -> 8 -> 4 -> 2 -> 6 -> 9 [slot=4-4, slots=1]; LP#35: 1 -> 8 -> 7 -> 2 -> 6 -> 9 [slot=11-11, slots=1] | IP 3->2 maps OPT 9->4: LP#49: 9 -> 5 -> 1 -> 6 -> 2 -> 4 [slot=12-12, slots=1]; LP#50: 9 -> 6 -> 1 -> 8 -> 4 [slot=5-5, slots=1]; LP#51: 9 -> 6 -> 1 -> 8 -> 4 [slot=6-6, slots=1]; LP#52: 9 -> 5 -> 1 -> 8 -> 7 -> 2 -> 4 [slot=14-14, slots=1]; LP#53: 9 -> 6 -> 1 -> 8 -> 7 -> 2 -> 4 [slot=15-15, slots=1]; LP#54: 9 -> 6 -> 1 -> 8 -> 7 -> 2 -> 4 [slot=16-16, slots=1]; LP#55: 9 -> 5 -> 1 -> 8 -> 4 [slot=10-10, slots=1]; LP#56: 9 -> 6 -> 1 -> 8 -> 7 -> 2 -> 4 [slot=17-17, slots=1]; LP#57: 9 -> 5 -> 7 -> 2 -> 4 [slot=9-9, slots=1]"
25,25042,initial,d19,81,4,2,6,4,4 -> 0 -> 3 -> 2,6 -> 1 -> 9 -> 4,"IP 4->0 maps OPT 6->1: LP#10: 6 -> 2 -> 4 -> 8 -> 7 -> 5 -> 1 [slot=3-3, slots=1]; LP#11: 6 -> 9 -> 5 -> 7 -> 8 -> 1 [slot=6-6, slots=1]; LP#12: 6 -> 1 [slot=3-3, slots=1]; LP#13: 6 -> 2 -> 7 -> 8 -> 1 [slot=2-2, slots=1]; LP#14: 6 -> 3 -> 7 -> 5 -> 1 [slot=0-0, slots=1]; LP#15: 6 -> 9 -> 5 -> 7 -> 8 -> 1 [slot=7-7, slots=1] | IP 0->3 maps OPT 1->9: LP#29: 1 -> 6 -> 3 -> 7 -> 5 -> 9 [slot=7-7, slots=1]; LP#30: 1 -> 8 -> 7 -> 5 -> 9 [slot=8-8, slots=1]; LP#31: 1 -> 5 -> 9 [slot=4-4, slots=1]; LP#32: 1 -> 8 -> 7 -> 3 -> 6 -> 9 [slot=1-1, slots=1]; LP#33: 1 -> 8 -> 7 -> 5 -> 9 [slot=9-9, slots=1]; LP#34: 1 -> 8 -> 4 -> 2 -> 6 -> 9 [slot=4-4, slots=1]; LP#35: 1 -> 8 -> 7 -> 2 -> 6 -> 9 [slot=11-11, slots=1] | IP 3->2 maps OPT 9->4: LP#49: 9 -> 5 -> 1 -> 6 -> 2 -> 4 [slot=12-12, slots=1]; LP#50: 9 -> 6 -> 1 -> 8 -> 4 [slot=5-5, slots=1]; LP#51: 9 -> 6 -> 1 -> 8 -> 4 [slot=6-6, slots=1]; LP#52: 9 -> 5 -> 1 -> 8 -> 7 -> 2 -> 4 [slot=14-14, slots=1]; LP#53: 9 -> 6 -> 1 -> 8 -> 7 -> 2 -> 4 [slot=15-15, slots=1]; LP#54: 9 -> 6 -> 1 -> 8 -> 7 -> 2 -> 4 [slot=16-16, slots=1]; LP#55: 9 -> 5 -> 1 -> 8 -> 4 [slot=10-10, slots=1]; LP#56: 9 -> 6 -> 1 -> 8 -> 7 -> 2 -> 4 [slot=17-17, slots=1]; LP#57: 9 -> 5 -> 7 -> 2 -> 4 [slot=9-9, slots=1]"
25,25042,initial,d20,93,4,2,6,4,4 -> 0 -> 5 -> 1 -> 3 -> 2,6 -> 1 -> 5 -> 0 -> 9 -> 4,"IP 4->0 maps OPT 6->1: LP#10: 6 -> 2 -> 4 -> 8 -> 7 -> 5 -> 1 [slot=3-3, slots=1]; LP#11: 6 -> 9 -> 5 -> 7 -> 8 -> 1 [slot=6-6, slots=1]; LP#12: 6 -> 1 [slot=3-3, slots=1]; LP#13: 6 -> 2 -> 7 -> 8 -> 1 [slot=2-2, slots=1]; LP#14: 6 -> 3 -> 7 -> 5 -> 1 [slot=0-0, slots=1]; LP#15: 6 -> 9 -> 5 -> 7 -> 8 -> 1 [slot=7-7, slots=1] | IP 0->5 maps OPT 1->5: LP#16: 1 -> 6 -> 9 -> 5 [slot=0-0, slots=1]; LP#17: 1 -> 6 -> 3 -> 7 -> 5 [slot=1-1, slots=1]; LP#18: 1 -> 5 [slot=0-0, slots=1]; LP#19: 1 -> 5 [slot=1-1, slots=1]; LP#20: 1 -> 6 -> 9 -> 5 [slot=2-2, slots=1]; LP#21: 1 -> 6 -> 2 -> 4 -> 8 -> 7 -> 5 [slot=5-5, slots=1] | IP 5->1 maps OPT 5->0: LP#36: 5 -> 1 -> 6 -> 2 -> 4 -> 0 [slot=6-6, slots=1]; LP#37: 5 -> 1 -> 6 -> 2 -> 4 -> 0 [slot=8-8, slots=1]; LP#38: 5 -> 1 -> 8 -> 7 -> 2 -> 4 -> 0 [slot=7-7, slots=1]; LP#39: 5 -> 9 -> 6 -> 2 -> 4 -> 0 [slot=10-10, slots=1]; LP#40: 5 -> 1 -> 6 -> 3 -> 7 -> 8 -> 4 -> 0 [slot=9-9, slots=1]; LP#41: 5 -> 1 -> 6 -> 3 -> 7 -> 8 -> 4 -> 0 [slot=11-11, slots=1] | IP 1->3 maps OPT 0->9: LP#42: 0 -> 4 -> 2 -> 7 -> 8 -> 1 -> 5 -> 9 [slot=12-12, slots=1]; LP#43: 0 -> 4 -> 8 -> 7 -> 2 -> 6 -> 9 [slot=13-13, slots=1]; LP#44: 0 -> 4 -> 2 -> 7 -> 5 -> 9 [slot=11-11, slots=1]; LP#45: 0 -> 4 -> 2 -> 7 -> 8 -> 1 -> 5 -> 9 [slot=14-14, slots=1]; LP#46: 0 -> 4 -> 2 -> 7 -> 3 -> 6 -> 9 [slot=15-15, slots=1]; LP#47: 0 -> 4 -> 2 -> 7 -> 8 -> 1 -> 5 -> 9 [slot=16-16, slots=1]; LP#48: 0 -> 4 -> 2 -> 7 -> 3 -> 6 -> 9 [slot=17-17, slots=1] | IP 3->2 maps OPT 9->4: LP#49: 9 -> 5 -> 1 -> 6 -> 2 -> 4 [slot=12-12, slots=1]; LP#50: 9 -> 6 -> 1 -> 8 -> 4 [slot=5-5, slots=1]; LP#51: 9 -> 6 -> 1 -> 8 -> 4 [slot=6-6, slots=1]; LP#52: 9 -> 5 -> 1 -> 8 -> 7 -> 2 -> 4 [slot=14-14, slots=1]; LP#53: 9 -> 6 -> 1 -> 8 -> 7 -> 2 -> 4 [slot=15-15, slots=1]; LP#54: 9 -> 6 -> 1 -> 8 -> 7 -> 2 -> 4 [slot=16-16, slots=1]; LP#55: 9 -> 5 -> 1 -> 8 -> 4 [slot=10-10, slots=1]; LP#56: 9 -> 6 -> 1 -> 8 -> 7 -> 2 -> 4 [slot=17-17, slots=1]; LP#57: 9 -> 5 -> 7 -> 2 -> 4 [slot=9-9, slots=1]"
25,25042,initial,d21,88,5,2,5,4,5 -> 4 -> 3 -> 2,5 -> 6 -> 9 -> 4,"IP 5->4 maps OPT 5->6: LP#61: 5 -> 9 -> 6 [slot=3-3, slots=1]; LP#62: 5 -> 1 -> 6 [slot=13-13, slots=1]; LP#63: 5 -> 1 -> 8 -> 4 -> 2 -> 6 [slot=18-18, slots=1]; LP#64: 5 -> 1 -> 8 -> 4 -> 2 -> 6 [slot=19-19, slots=1] | IP 4->3 maps OPT 6->9: LP#65: 6 -> 2 -> 4 -> 8 -> 1 -> 5 -> 9 [slot=18-18, slots=1]; LP#66: 6 -> 2 -> 4 -> 8 -> 7 -> 5 -> 9 [slot=19-19, slots=1]; LP#67: 6 -> 3 -> 7 -> 5 -> 9 [slot=13-13, slots=1]; LP#68: 6 -> 2 -> 7 -> 8 -> 1 -> 5 -> 9 [slot=20-20, slots=1]; LP#69: 6 -> 1 -> 8 -> 4 -> 2 -> 7 -> 5 -> 9 [slot=21-21, slots=1] | IP 3->2 maps OPT 9->4: LP#49: 9 -> 5 -> 1 -> 6 -> 2 -> 4 [slot=12-12, slots=1]; LP#50: 9 -> 6 -> 1 -> 8 -> 4 [slot=5-5, slots=1]; LP#51: 9 -> 6 -> 1 -> 8 -> 4 [slot=6-6, slots=1]; LP#52: 9 -> 5 -> 1 -> 8 -> 7 -> 2 -> 4 [slot=14-14, slots=1]; LP#53: 9 -> 6 -> 1 -> 8 -> 7 -> 2 -> 4 [slot=15-15, slots=1]; LP#54: 9 -> 6 -> 1 -> 8 -> 7 -> 2 -> 4 [slot=16-16, slots=1]; LP#55: 9 -> 5 -> 1 -> 8 -> 4 [slot=10-10, slots=1]; LP#56: 9 -> 6 -> 1 -> 8 -> 7 -> 2 -> 4 [slot=17-17, slots=1]; LP#57: 9 -> 5 -> 7 -> 2 -> 4 [slot=9-9, slots=1]"
25,25042,initial,d22,69,4,0,6,1,4 -> 3 -> 1 -> 5 -> 0,6 -> 9 -> 0 -> 5 -> 1,"IP 4->3 maps OPT 6->9: LP#65: 6 -> 2 -> 4 -> 8 -> 1 -> 5 -> 9 [slot=18-18, slots=1]; LP#66: 6 -> 2 -> 4 -> 8 -> 7 -> 5 -> 9 [slot=19-19, slots=1]; LP#67: 6 -> 3 -> 7 -> 5 -> 9 [slot=13-13, slots=1]; LP#68: 6 -> 2 -> 7 -> 8 -> 1 -> 5 -> 9 [slot=20-20, slots=1]; LP#69: 6 -> 1 -> 8 -> 4 -> 2 -> 7 -> 5 -> 9 [slot=21-21, slots=1] | IP 3->1 maps OPT 9->0: LP#70: 9 -> 5 -> 7 -> 2 -> 4 -> 0 [slot=20-20, slots=1]; LP#71: 9 -> 5 -> 7 -> 2 -> 4 -> 0 [slot=21-21, slots=1]; LP#72: 9 -> 6 -> 2 -> 7 -> 8 -> 4 -> 0 [slot=22-22, slots=1]; LP#73: 9 -> 5 -> 7 -> 2 -> 4 -> 0 [slot=23-23, slots=1] | IP 1->5 maps OPT 0->5: LP#22: 0 -> 4 -> 8 -> 7 -> 5 [slot=4-4, slots=1]; LP#23: 0 -> 4 -> 2 -> 7 -> 8 -> 1 -> 5 [slot=5-5, slots=1]; LP#24: 0 -> 4 -> 2 -> 6 -> 9 -> 5 [slot=8-8, slots=1]; LP#25: 0 -> 4 -> 2 -> 7 -> 5 [slot=6-6, slots=1]; LP#26: 0 -> 4 -> 2 -> 6 -> 1 -> 5 [slot=7-7, slots=1]; LP#27: 0 -> 4 -> 2 -> 6 -> 1 -> 5 [slot=9-9, slots=1]; LP#28: 0 -> 4 -> 8 -> 7 -> 2 -> 6 -> 1 -> 5 [slot=10-10, slots=1] | IP 5->0 maps OPT 5->1: LP#0: 5 -> 9 -> 6 -> 2 -> 4 -> 8 -> 1 [slot=0-0, slots=1]; LP#1: 5 -> 7 -> 8 -> 4 -> 2 -> 6 -> 1 [slot=0-0, slots=1]; LP#2: 5 -> 7 -> 2 -> 6 -> 1 [slot=1-1, slots=1]; LP#3: 5 -> 9 -> 6 -> 2 -> 7 -> 8 -> 1 [slot=1-1, slots=1]; LP#4: 5 -> 7 -> 3 -> 6 -> 1 [slot=2-2, slots=1]"
25,25042,initial,d23,62,5,0,5,1,5 -> 4 -> 3 -> 0,5 -> 6 -> 9 -> 1,"IP 5->4 maps OPT 5->6: LP#61: 5 -> 9 -> 6 [slot=3-3, slots=1]; LP#62: 5 -> 1 -> 6 [slot=13-13, slots=1]; LP#63: 5 -> 1 -> 8 -> 4 -> 2 -> 6 [slot=18-18, slots=1]; LP#64: 5 -> 1 -> 8 -> 4 -> 2 -> 6 [slot=19-19, slots=1] | IP 4->3 maps OPT 6->9: LP#65: 6 -> 2 -> 4 -> 8 -> 1 -> 5 -> 9 [slot=18-18, slots=1]; LP#66: 6 -> 2 -> 4 -> 8 -> 7 -> 5 -> 9 [slot=19-19, slots=1]; LP#67: 6 -> 3 -> 7 -> 5 -> 9 [slot=13-13, slots=1]; LP#68: 6 -> 2 -> 7 -> 8 -> 1 -> 5 -> 9 [slot=20-20, slots=1]; LP#69: 6 -> 1 -> 8 -> 4 -> 2 -> 7 -> 5 -> 9 [slot=21-21, slots=1] | IP 3->0 maps OPT 9->1: LP#58: 9 -> 5 -> 1 [slot=1-1, slots=1]; LP#59: 9 -> 5 -> 7 -> 8 -> 1 [slot=13-13, slots=1]; LP#60: 9 -> 6 -> 2 -> 4 -> 8 -> 1 [slot=11-11, slots=1]"
25,25042,initial,d24,34,2,3,4,9,2 -> 3,4 -> 9,"IP 2->3 maps OPT 4->9: LP#76: 4 -> 2 -> 7 -> 5 -> 9 [slot=23-23, slots=1]"
25,25042,best,d0,45,5,4,5,6,5 -> 0 -> 4,5 -> 1 -> 6,"IP 5->0 maps OPT 5->1: LP#473: 5 -> 7 -> 8 -> 4 -> 2 -> 6 -> 1 [slot=0-0, slots=1]; LP#484: 5 -> 7 -> 2 -> 6 -> 1 [slot=1-1, slots=1]; LP#485: 5 -> 9 -> 6 -> 2 -> 4 -> 8 -> 1 [slot=0-0, slots=1]; LP#503: 5 -> 7 -> 3 -> 6 -> 1 [slot=2-2, slots=1] | IP 0->4 maps OPT 1->6: LP#478: 1 -> 8 -> 7 -> 3 -> 6 [slot=0-0, slots=1]"
25,25042,best,d1,77,3,5,9,5,3 -> 1 -> 5,9 -> 0 -> 5,"IP 3->1 maps OPT 9->0: LP#70: 9 -> 5 -> 7 -> 2 -> 4 -> 0 [slot=20-20, slots=1] | IP 1->5 maps OPT 0->5: LP#247: 0 -> 4 -> 8 -> 7 -> 5 [slot=4-4, slots=1]; LP#298: 0 -> 4 -> 2 -> 7 -> 8 -> 1 -> 5 [slot=5-5, slots=1]; LP#495: 0 -> 4 -> 2 -> 7 -> 5 [slot=6-6, slots=1]; LP#504: 0 -> 4 -> 2 -> 6 -> 9 -> 5 [slot=8-8, slots=1]"
25,25042,best,d2,71,1,3,0,9,1 -> 5 -> 4 -> 3,0 -> 5 -> 6 -> 9,"IP 1->5 maps OPT 0->5: LP#247: 0 -> 4 -> 8 -> 7 -> 5 [slot=4-4, slots=1]; LP#298: 0 -> 4 -> 2 -> 7 -> 8 -> 1 -> 5 [slot=5-5, slots=1]; LP#495: 0 -> 4 -> 2 -> 7 -> 5 [slot=6-6, slots=1]; LP#504: 0 -> 4 -> 2 -> 6 -> 9 -> 5 [slot=8-8, slots=1] | IP 5->4 maps OPT 5->6: LP#64: 5 -> 1 -> 8 -> 4 -> 2 -> 6 [slot=19-19, slots=1]; LP#185: 5 -> 1 -> 6 [slot=13-13, slots=1] | IP 4->3 maps OPT 6->9: LP#67: 6 -> 3 -> 7 -> 5 -> 9 [slot=13-13, slots=1]; LP#346: 6 -> 2 -> 4 -> 8 -> 1 -> 5 -> 9 [slot=18-18, slots=1]; LP#522: 6 -> 2 -> 4 -> 8 -> 1 -> 5 -> 9 [slot=2-2, slots=1]"
25,25042,best,d3,99,0,2,1,4,0 -> 5 -> 1 -> 3 -> 2,1 -> 5 -> 0 -> 9 -> 4,"IP 0->5 maps OPT 1->5: LP#365: 1 -> 5 [slot=0-0, slots=1]; LP#377: 1 -> 6 -> 9 -> 5 [slot=2-2, slots=1]; LP#379: 1 -> 5 [slot=1-1, slots=1]; LP#500: 1 -> 6 -> 2 -> 4 -> 8 -> 7 -> 5 [slot=5-5, slots=1]; LP#524: 1 -> 6 -> 9 -> 5 [slot=0-0, slots=1] | IP 5->1 maps OPT 5->0: LP#41: 5 -> 1 -> 6 -> 3 -> 7 -> 8 -> 4 -> 0 [slot=11-11, slots=1]; LP#299: 5 -> 1 -> 8 -> 7 -> 2 -> 4 -> 0 [slot=7-7, slots=1]; LP#467: 5 -> 1 -> 6 -> 3 -> 7 -> 8 -> 4 -> 0 [slot=9-9, slots=1] | IP 1->3 maps OPT 0->9: LP#188: 0 -> 4 -> 2 -> 7 -> 5 -> 9 [slot=11-11, slots=1]; LP#192: 0 -> 4 -> 2 -> 7 -> 8 -> 1 -> 5 -> 9 [slot=16-16, slots=1]; LP#438: 0 -> 4 -> 2 -> 7 -> 8 -> 1 -> 5 -> 9 [slot=12-12, slots=1]; LP#444: 0 -> 4 -> 2 -> 7 -> 8 -> 1 -> 5 -> 9 [slot=14-14, slots=1] | IP 3->2 maps OPT 9->4: LP#52: 9 -> 5 -> 1 -> 8 -> 7 -> 2 -> 4 [slot=14-14, slots=1]; LP#176: 9 -> 6 -> 1 -> 8 -> 4 [slot=6-6, slots=1]; LP#248: 9 -> 6 -> 1 -> 8 -> 7 -> 2 -> 4 [slot=16-16, slots=1]; LP#267: 9 -> 6 -> 1 -> 8 -> 4 [slot=5-5, slots=1]; LP#498: 9 -> 6 -> 1 -> 8 -> 7 -> 2 -> 4 [slot=15-15, slots=1]; LP#501: 9 -> 5 -> 1 -> 8 -> 4 [slot=10-10, slots=1]; LP#511: 9 -> 6 -> 1 -> 8 -> 7 -> 2 -> 4 [slot=17-17, slots=1]; LP#514: 9 -> 5 -> 7 -> 2 -> 4 [slot=9-9, slots=1]; LP#517: 9 -> 5 -> 7 -> 2 -> 4 [slot=4-4, slots=1]"
25,25042,best,d4,29,5,4,5,6,5 -> 0 -> 4,5 -> 1 -> 6,"IP 5->0 maps OPT 5->1: LP#473: 5 -> 7 -> 8 -> 4 -> 2 -> 6 -> 1 [slot=0-0, slots=1]; LP#484: 5 -> 7 -> 2 -> 6 -> 1 [slot=1-1, slots=1]; LP#485: 5 -> 9 -> 6 -> 2 -> 4 -> 8 -> 1 [slot=0-0, slots=1]; LP#503: 5 -> 7 -> 3 -> 6 -> 1 [slot=2-2, slots=1] | IP 0->4 maps OPT 1->6: LP#478: 1 -> 8 -> 7 -> 3 -> 6 [slot=0-0, slots=1]"
25,25042,best,d5,53,1,0,0,1,1 -> 5 -> 0,0 -> 5 -> 1,"IP 1->5 maps OPT 0->5: LP#247: 0 -> 4 -> 8 -> 7 -> 5 [slot=4-4, slots=1]; LP#298: 0 -> 4 -> 2 -> 7 -> 8 -> 1 -> 5 [slot=5-5, slots=1]; LP#495: 0 -> 4 -> 2 -> 7 -> 5 [slot=6-6, slots=1]; LP#504: 0 -> 4 -> 2 -> 6 -> 9 -> 5 [slot=8-8, slots=1] | IP 5->0 maps OPT 5->1: LP#473: 5 -> 7 -> 8 -> 4 -> 2 -> 6 -> 1 [slot=0-0, slots=1]; LP#484: 5 -> 7 -> 2 -> 6 -> 1 [slot=1-1, slots=1]; LP#485: 5 -> 9 -> 6 -> 2 -> 4 -> 8 -> 1 [slot=0-0, slots=1]; LP#503: 5 -> 7 -> 3 -> 6 -> 1 [slot=2-2, slots=1]"
25,25042,best,d6,75,1,3,0,9,1 -> 3,0 -> 9,"IP 1->3 maps OPT 0->9: LP#188: 0 -> 4 -> 2 -> 7 -> 5 -> 9 [slot=11-11, slots=1]; LP#192: 0 -> 4 -> 2 -> 7 -> 8 -> 1 -> 5 -> 9 [slot=16-16, slots=1]; LP#438: 0 -> 4 -> 2 -> 7 -> 8 -> 1 -> 5 -> 9 [slot=12-12, slots=1]; LP#444: 0 -> 4 -> 2 -> 7 -> 8 -> 1 -> 5 -> 9 [slot=14-14, slots=1]"
25,25042,best,d7,65,5,0,5,1,5 -> 0,5 -> 1,"IP 5->0 maps OPT 5->1: LP#473: 5 -> 7 -> 8 -> 4 -> 2 -> 6 -> 1 [slot=0-0, slots=1]; LP#484: 5 -> 7 -> 2 -> 6 -> 1 [slot=1-1, slots=1]; LP#485: 5 -> 9 -> 6 -> 2 -> 4 -> 8 -> 1 [slot=0-0, slots=1]; LP#503: 5 -> 7 -> 3 -> 6 -> 1 [slot=2-2, slots=1]"
25,25042,best,d8,44,1,0,0,1,1 -> 3 -> 0,0 -> 9 -> 1,"IP 1->3 maps OPT 0->9: LP#188: 0 -> 4 -> 2 -> 7 -> 5 -> 9 [slot=11-11, slots=1]; LP#192: 0 -> 4 -> 2 -> 7 -> 8 -> 1 -> 5 -> 9 [slot=16-16, slots=1]; LP#438: 0 -> 4 -> 2 -> 7 -> 8 -> 1 -> 5 -> 9 [slot=12-12, slots=1]; LP#444: 0 -> 4 -> 2 -> 7 -> 8 -> 1 -> 5 -> 9 [slot=14-14, slots=1] | IP 3->0 maps OPT 9->1: LP#507: 9 -> 5 -> 1 [slot=1-1, slots=1]"
25,25042,best,d9,32,4,2,6,4,4 -> 3 -> 2,6 -> 9 -> 4,"IP 4->3 maps OPT 6->9: LP#67: 6 -> 3 -> 7 -> 5 -> 9 [slot=13-13, slots=1]; LP#346: 6 -> 2 -> 4 -> 8 -> 1 -> 5 -> 9 [slot=18-18, slots=1]; LP#522: 6 -> 2 -> 4 -> 8 -> 1 -> 5 -> 9 [slot=2-2, slots=1] | IP 3->2 maps OPT 9->4: LP#52: 9 -> 5 -> 1 -> 8 -> 7 -> 2 -> 4 [slot=14-14, slots=1]; LP#176: 9 -> 6 -> 1 -> 8 -> 4 [slot=6-6, slots=1]; LP#248: 9 -> 6 -> 1 -> 8 -> 7 -> 2 -> 4 [slot=16-16, slots=1]; LP#267: 9 -> 6 -> 1 -> 8 -> 4 [slot=5-5, slots=1]; LP#498: 9 -> 6 -> 1 -> 8 -> 7 -> 2 -> 4 [slot=15-15, slots=1]; LP#501: 9 -> 5 -> 1 -> 8 -> 4 [slot=10-10, slots=1]; LP#511: 9 -> 6 -> 1 -> 8 -> 7 -> 2 -> 4 [slot=17-17, slots=1]; LP#514: 9 -> 5 -> 7 -> 2 -> 4 [slot=9-9, slots=1]; LP#517: 9 -> 5 -> 7 -> 2 -> 4 [slot=4-4, slots=1]"
25,25042,best,d10,77,0,5,1,5,0 -> 5,1 -> 5,"IP 0->5 maps OPT 1->5: LP#365: 1 -> 5 [slot=0-0, slots=1]; LP#377: 1 -> 6 -> 9 -> 5 [slot=2-2, slots=1]; LP#379: 1 -> 5 [slot=1-1, slots=1]; LP#500: 1 -> 6 -> 2 -> 4 -> 8 -> 7 -> 5 [slot=5-5, slots=1]; LP#524: 1 -> 6 -> 9 -> 5 [slot=0-0, slots=1]"
25,25042,best,d11,69,4,2,6,4,4 -> 0 -> 3 -> 2,6 -> 1 -> 9 -> 4,"IP 4->0 maps OPT 6->1: LP#457: 6 -> 9 -> 5 -> 7 -> 8 -> 1 [slot=6-6, slots=1]; LP#468: 6 -> 9 -> 5 -> 7 -> 8 -> 1 [slot=7-7, slots=1]; LP#492: 6 -> 1 [slot=3-3, slots=1]; LP#505: 6 -> 3 -> 7 -> 5 -> 1 [slot=0-0, slots=1] | IP 0->3 maps OPT 1->9: LP#35: 1 -> 8 -> 7 -> 2 -> 6 -> 9 [slot=11-11, slots=1]; LP#151: 1 -> 8 -> 7 -> 5 -> 9 [slot=9-9, slots=1]; LP#157: 1 -> 8 -> 4 -> 2 -> 6 -> 9 [slot=4-4, slots=1]; LP#219: 1 -> 8 -> 7 -> 3 -> 6 -> 9 [slot=1-1, slots=1]; LP#307: 1 -> 5 -> 9 [slot=4-4, slots=1]; LP#491: 1 -> 8 -> 7 -> 5 -> 9 [slot=8-8, slots=1] | IP 3->2 maps OPT 9->4: LP#52: 9 -> 5 -> 1 -> 8 -> 7 -> 2 -> 4 [slot=14-14, slots=1]; LP#176: 9 -> 6 -> 1 -> 8 -> 4 [slot=6-6, slots=1]; LP#248: 9 -> 6 -> 1 -> 8 -> 7 -> 2 -> 4 [slot=16-16, slots=1]; LP#267: 9 -> 6 -> 1 -> 8 -> 4 [slot=5-5, slots=1]; LP#498: 9 -> 6 -> 1 -> 8 -> 7 -> 2 -> 4 [slot=15-15, slots=1]; LP#501: 9 -> 5 -> 1 -> 8 -> 4 [slot=10-10, slots=1]; LP#511: 9 -> 6 -> 1 -> 8 -> 7 -> 2 -> 4 [slot=17-17, slots=1]; LP#514: 9 -> 5 -> 7 -> 2 -> 4 [slot=9-9, slots=1]; LP#517: 9 -> 5 -> 7 -> 2 -> 4 [slot=4-4, slots=1]"
25,25042,best,d12,60,1,5,0,5,1 -> 5,0 -> 5,"IP 1->5 maps OPT 0->5: LP#247: 0 -> 4 -> 8 -> 7 -> 5 [slot=4-4, slots=1]; LP#298: 0 -> 4 -> 2 -> 7 -> 8 -> 1 -> 5 [slot=5-5, slots=1]; LP#495: 0 -> 4 -> 2 -> 7 -> 5 [slot=6-6, slots=1]; LP#504: 0 -> 4 -> 2 -> 6 -> 9 -> 5 [slot=8-8, slots=1]"
25,25042,best,d13,75,0,2,1,4,0 -> 3 -> 2,1 -> 9 -> 4,"IP 0->3 maps OPT 1->9: LP#35: 1 -> 8 -> 7 -> 2 -> 6 -> 9 [slot=11-11, slots=1]; LP#151: 1 -> 8 -> 7 -> 5 -> 9 [slot=9-9, slots=1]; LP#157: 1 -> 8 -> 4 -> 2 -> 6 -> 9 [slot=4-4, slots=1]; LP#219: 1 -> 8 -> 7 -> 3 -> 6 -> 9 [slot=1-1, slots=1]; LP#307: 1 -> 5 -> 9 [slot=4-4, slots=1]; LP#491: 1 -> 8 -> 7 -> 5 -> 9 [slot=8-8, slots=1] | IP 3->2 maps OPT 9->4: LP#52: 9 -> 5 -> 1 -> 8 -> 7 -> 2 -> 4 [slot=14-14, slots=1]; LP#176: 9 -> 6 -> 1 -> 8 -> 4 [slot=6-6, slots=1]; LP#248: 9 -> 6 -> 1 -> 8 -> 7 -> 2 -> 4 [slot=16-16, slots=1]; LP#267: 9 -> 6 -> 1 -> 8 -> 4 [slot=5-5, slots=1]; LP#498: 9 -> 6 -> 1 -> 8 -> 7 -> 2 -> 4 [slot=15-15, slots=1]; LP#501: 9 -> 5 -> 1 -> 8 -> 4 [slot=10-10, slots=1]; LP#511: 9 -> 6 -> 1 -> 8 -> 7 -> 2 -> 4 [slot=17-17, slots=1]; LP#514: 9 -> 5 -> 7 -> 2 -> 4 [slot=9-9, slots=1]; LP#517: 9 -> 5 -> 7 -> 2 -> 4 [slot=4-4, slots=1]"
25,25042,best,d14,29,4,5,6,5,4 -> 3 -> 0 -> 5,6 -> 9 -> 1 -> 5,"IP 4->3 maps OPT 6->9: LP#67: 6 -> 3 -> 7 -> 5 -> 9 [slot=13-13, slots=1]; LP#346: 6 -> 2 -> 4 -> 8 -> 1 -> 5 -> 9 [slot=18-18, slots=1]; LP#522: 6 -> 2 -> 4 -> 8 -> 1 -> 5 -> 9 [slot=2-2, slots=1] | IP 3->0 maps OPT 9->1: LP#507: 9 -> 5 -> 1 [slot=1-1, slots=1] | IP 0->5 maps OPT 1->5: LP#365: 1 -> 5 [slot=0-0, slots=1]; LP#377: 1 -> 6 -> 9 -> 5 [slot=2-2, slots=1]; LP#379: 1 -> 5 [slot=1-1, slots=1]; LP#500: 1 -> 6 -> 2 -> 4 -> 8 -> 7 -> 5 [slot=5-5, slots=1]; LP#524: 1 -> 6 -> 9 -> 5 [slot=0-0, slots=1]"
25,25042,best,d15,98,0,3,1,9,0 -> 5 -> 1 -> 3,1 -> 5 -> 0 -> 9,"IP 0->5 maps OPT 1->5: LP#365: 1 -> 5 [slot=0-0, slots=1]; LP#377: 1 -> 6 -> 9 -> 5 [slot=2-2, slots=1]; LP#379: 1 -> 5 [slot=1-1, slots=1]; LP#500: 1 -> 6 -> 2 -> 4 -> 8 -> 7 -> 5 [slot=5-5, slots=1]; LP#524: 1 -> 6 -> 9 -> 5 [slot=0-0, slots=1] | IP 5->1 maps OPT 5->0: LP#41: 5 -> 1 -> 6 -> 3 -> 7 -> 8 -> 4 -> 0 [slot=11-11, slots=1]; LP#299: 5 -> 1 -> 8 -> 7 -> 2 -> 4 -> 0 [slot=7-7, slots=1]; LP#467: 5 -> 1 -> 6 -> 3 -> 7 -> 8 -> 4 -> 0 [slot=9-9, slots=1] | IP 1->3 maps OPT 0->9: LP#188: 0 -> 4 -> 2 -> 7 -> 5 -> 9 [slot=11-11, slots=1]; LP#192: 0 -> 4 -> 2 -> 7 -> 8 -> 1 -> 5 -> 9 [slot=16-16, slots=1]; LP#438: 0 -> 4 -> 2 -> 7 -> 8 -> 1 -> 5 -> 9 [slot=12-12, slots=1]; LP#444: 0 -> 4 -> 2 -> 7 -> 8 -> 1 -> 5 -> 9 [slot=14-14, slots=1]"
25,25042,best,d16,76,0,5,1,5,0 -> 5,1 -> 5,"IP 0->5 maps OPT 1->5: LP#365: 1 -> 5 [slot=0-0, slots=1]; LP#377: 1 -> 6 -> 9 -> 5 [slot=2-2, slots=1]; LP#379: 1 -> 5 [slot=1-1, slots=1]; LP#500: 1 -> 6 -> 2 -> 4 -> 8 -> 7 -> 5 [slot=5-5, slots=1]; LP#524: 1 -> 6 -> 9 -> 5 [slot=0-0, slots=1]"
25,25042,best,d17,56,5,2,5,4,5 -> 0 -> 3 -> 2,5 -> 1 -> 9 -> 4,"IP 5->0 maps OPT 5->1: LP#473: 5 -> 7 -> 8 -> 4 -> 2 -> 6 -> 1 [slot=0-0, slots=1]; LP#484: 5 -> 7 -> 2 -> 6 -> 1 [slot=1-1, slots=1]; LP#485: 5 -> 9 -> 6 -> 2 -> 4 -> 8 -> 1 [slot=0-0, slots=1]; LP#503: 5 -> 7 -> 3 -> 6 -> 1 [slot=2-2, slots=1] | IP 0->3 maps OPT 1->9: LP#35: 1 -> 8 -> 7 -> 2 -> 6 -> 9 [slot=11-11, slots=1]; LP#151: 1 -> 8 -> 7 -> 5 -> 9 [slot=9-9, slots=1]; LP#157: 1 -> 8 -> 4 -> 2 -> 6 -> 9 [slot=4-4, slots=1]; LP#219: 1 -> 8 -> 7 -> 3 -> 6 -> 9 [slot=1-1, slots=1]; LP#307: 1 -> 5 -> 9 [slot=4-4, slots=1]; LP#491: 1 -> 8 -> 7 -> 5 -> 9 [slot=8-8, slots=1] | IP 3->2 maps OPT 9->4: LP#52: 9 -> 5 -> 1 -> 8 -> 7 -> 2 -> 4 [slot=14-14, slots=1]; LP#176: 9 -> 6 -> 1 -> 8 -> 4 [slot=6-6, slots=1]; LP#248: 9 -> 6 -> 1 -> 8 -> 7 -> 2 -> 4 [slot=16-16, slots=1]; LP#267: 9 -> 6 -> 1 -> 8 -> 4 [slot=5-5, slots=1]; LP#498: 9 -> 6 -> 1 -> 8 -> 7 -> 2 -> 4 [slot=15-15, slots=1]; LP#501: 9 -> 5 -> 1 -> 8 -> 4 [slot=10-10, slots=1]; LP#511: 9 -> 6 -> 1 -> 8 -> 7 -> 2 -> 4 [slot=17-17, slots=1]; LP#514: 9 -> 5 -> 7 -> 2 -> 4 [slot=9-9, slots=1]; LP#517: 9 -> 5 -> 7 -> 2 -> 4 [slot=4-4, slots=1]"
25,25042,best,d18,51,0,2,1,4,0 -> 3 -> 2,1 -> 9 -> 4,"IP 0->3 maps OPT 1->9: LP#35: 1 -> 8 -> 7 -> 2 -> 6 -> 9 [slot=11-11, slots=1]; LP#151: 1 -> 8 -> 7 -> 5 -> 9 [slot=9-9, slots=1]; LP#157: 1 -> 8 -> 4 -> 2 -> 6 -> 9 [slot=4-4, slots=1]; LP#219: 1 -> 8 -> 7 -> 3 -> 6 -> 9 [slot=1-1, slots=1]; LP#307: 1 -> 5 -> 9 [slot=4-4, slots=1]; LP#491: 1 -> 8 -> 7 -> 5 -> 9 [slot=8-8, slots=1] | IP 3->2 maps OPT 9->4: LP#52: 9 -> 5 -> 1 -> 8 -> 7 -> 2 -> 4 [slot=14-14, slots=1]; LP#176: 9 -> 6 -> 1 -> 8 -> 4 [slot=6-6, slots=1]; LP#248: 9 -> 6 -> 1 -> 8 -> 7 -> 2 -> 4 [slot=16-16, slots=1]; LP#267: 9 -> 6 -> 1 -> 8 -> 4 [slot=5-5, slots=1]; LP#498: 9 -> 6 -> 1 -> 8 -> 7 -> 2 -> 4 [slot=15-15, slots=1]; LP#501: 9 -> 5 -> 1 -> 8 -> 4 [slot=10-10, slots=1]; LP#511: 9 -> 6 -> 1 -> 8 -> 7 -> 2 -> 4 [slot=17-17, slots=1]; LP#514: 9 -> 5 -> 7 -> 2 -> 4 [slot=9-9, slots=1]; LP#517: 9 -> 5 -> 7 -> 2 -> 4 [slot=4-4, slots=1]"
25,25042,best,d19,81,4,2,6,4,4 -> 0 -> 3 -> 2,6 -> 1 -> 9 -> 4,"IP 4->0 maps OPT 6->1: LP#457: 6 -> 9 -> 5 -> 7 -> 8 -> 1 [slot=6-6, slots=1]; LP#468: 6 -> 9 -> 5 -> 7 -> 8 -> 1 [slot=7-7, slots=1]; LP#492: 6 -> 1 [slot=3-3, slots=1]; LP#505: 6 -> 3 -> 7 -> 5 -> 1 [slot=0-0, slots=1] | IP 0->3 maps OPT 1->9: LP#35: 1 -> 8 -> 7 -> 2 -> 6 -> 9 [slot=11-11, slots=1]; LP#151: 1 -> 8 -> 7 -> 5 -> 9 [slot=9-9, slots=1]; LP#157: 1 -> 8 -> 4 -> 2 -> 6 -> 9 [slot=4-4, slots=1]; LP#219: 1 -> 8 -> 7 -> 3 -> 6 -> 9 [slot=1-1, slots=1]; LP#307: 1 -> 5 -> 9 [slot=4-4, slots=1]; LP#491: 1 -> 8 -> 7 -> 5 -> 9 [slot=8-8, slots=1] | IP 3->2 maps OPT 9->4: LP#52: 9 -> 5 -> 1 -> 8 -> 7 -> 2 -> 4 [slot=14-14, slots=1]; LP#176: 9 -> 6 -> 1 -> 8 -> 4 [slot=6-6, slots=1]; LP#248: 9 -> 6 -> 1 -> 8 -> 7 -> 2 -> 4 [slot=16-16, slots=1]; LP#267: 9 -> 6 -> 1 -> 8 -> 4 [slot=5-5, slots=1]; LP#498: 9 -> 6 -> 1 -> 8 -> 7 -> 2 -> 4 [slot=15-15, slots=1]; LP#501: 9 -> 5 -> 1 -> 8 -> 4 [slot=10-10, slots=1]; LP#511: 9 -> 6 -> 1 -> 8 -> 7 -> 2 -> 4 [slot=17-17, slots=1]; LP#514: 9 -> 5 -> 7 -> 2 -> 4 [slot=9-9, slots=1]; LP#517: 9 -> 5 -> 7 -> 2 -> 4 [slot=4-4, slots=1]"
25,25042,best,d20,93,4,2,6,4,4 -> 0 -> 3 -> 2,6 -> 1 -> 9 -> 4,"IP 4->0 maps OPT 6->1: LP#457: 6 -> 9 -> 5 -> 7 -> 8 -> 1 [slot=6-6, slots=1]; LP#468: 6 -> 9 -> 5 -> 7 -> 8 -> 1 [slot=7-7, slots=1]; LP#492: 6 -> 1 [slot=3-3, slots=1]; LP#505: 6 -> 3 -> 7 -> 5 -> 1 [slot=0-0, slots=1] | IP 0->3 maps OPT 1->9: LP#35: 1 -> 8 -> 7 -> 2 -> 6 -> 9 [slot=11-11, slots=1]; LP#151: 1 -> 8 -> 7 -> 5 -> 9 [slot=9-9, slots=1]; LP#157: 1 -> 8 -> 4 -> 2 -> 6 -> 9 [slot=4-4, slots=1]; LP#219: 1 -> 8 -> 7 -> 3 -> 6 -> 9 [slot=1-1, slots=1]; LP#307: 1 -> 5 -> 9 [slot=4-4, slots=1]; LP#491: 1 -> 8 -> 7 -> 5 -> 9 [slot=8-8, slots=1] | IP 3->2 maps OPT 9->4: LP#52: 9 -> 5 -> 1 -> 8 -> 7 -> 2 -> 4 [slot=14-14, slots=1]; LP#176: 9 -> 6 -> 1 -> 8 -> 4 [slot=6-6, slots=1]; LP#248: 9 -> 6 -> 1 -> 8 -> 7 -> 2 -> 4 [slot=16-16, slots=1]; LP#267: 9 -> 6 -> 1 -> 8 -> 4 [slot=5-5, slots=1]; LP#498: 9 -> 6 -> 1 -> 8 -> 7 -> 2 -> 4 [slot=15-15, slots=1]; LP#501: 9 -> 5 -> 1 -> 8 -> 4 [slot=10-10, slots=1]; LP#511: 9 -> 6 -> 1 -> 8 -> 7 -> 2 -> 4 [slot=17-17, slots=1]; LP#514: 9 -> 5 -> 7 -> 2 -> 4 [slot=9-9, slots=1]; LP#517: 9 -> 5 -> 7 -> 2 -> 4 [slot=4-4, slots=1]"
25,25042,best,d21,88,5,2,5,4,5 -> 4 -> 3 -> 2,5 -> 6 -> 9 -> 4,"IP 5->4 maps OPT 5->6: LP#64: 5 -> 1 -> 8 -> 4 -> 2 -> 6 [slot=19-19, slots=1]; LP#185: 5 -> 1 -> 6 [slot=13-13, slots=1] | IP 4->3 maps OPT 6->9: LP#67: 6 -> 3 -> 7 -> 5 -> 9 [slot=13-13, slots=1]; LP#346: 6 -> 2 -> 4 -> 8 -> 1 -> 5 -> 9 [slot=18-18, slots=1]; LP#522: 6 -> 2 -> 4 -> 8 -> 1 -> 5 -> 9 [slot=2-2, slots=1] | IP 3->2 maps OPT 9->4: LP#52: 9 -> 5 -> 1 -> 8 -> 7 -> 2 -> 4 [slot=14-14, slots=1]; LP#176: 9 -> 6 -> 1 -> 8 -> 4 [slot=6-6, slots=1]; LP#248: 9 -> 6 -> 1 -> 8 -> 7 -> 2 -> 4 [slot=16-16, slots=1]; LP#267: 9 -> 6 -> 1 -> 8 -> 4 [slot=5-5, slots=1]; LP#498: 9 -> 6 -> 1 -> 8 -> 7 -> 2 -> 4 [slot=15-15, slots=1]; LP#501: 9 -> 5 -> 1 -> 8 -> 4 [slot=10-10, slots=1]; LP#511: 9 -> 6 -> 1 -> 8 -> 7 -> 2 -> 4 [slot=17-17, slots=1]; LP#514: 9 -> 5 -> 7 -> 2 -> 4 [slot=9-9, slots=1]; LP#517: 9 -> 5 -> 7 -> 2 -> 4 [slot=4-4, slots=1]"
25,25042,best,d22,69,4,0,6,1,4 -> 0,6 -> 1,"IP 4->0 maps OPT 6->1: LP#457: 6 -> 9 -> 5 -> 7 -> 8 -> 1 [slot=6-6, slots=1]; LP#468: 6 -> 9 -> 5 -> 7 -> 8 -> 1 [slot=7-7, slots=1]; LP#492: 6 -> 1 [slot=3-3, slots=1]; LP#505: 6 -> 3 -> 7 -> 5 -> 1 [slot=0-0, slots=1]"
25,25042,best,d23,62,5,0,5,1,5 -> 0,5 -> 1,"IP 5->0 maps OPT 5->1: LP#473: 5 -> 7 -> 8 -> 4 -> 2 -> 6 -> 1 [slot=0-0, slots=1]; LP#484: 5 -> 7 -> 2 -> 6 -> 1 [slot=1-1, slots=1]; LP#485: 5 -> 9 -> 6 -> 2 -> 4 -> 8 -> 1 [slot=0-0, slots=1]; LP#503: 5 -> 7 -> 3 -> 6 -> 1 [slot=2-2, slots=1]"
25,25042,best,d24,34,2,3,4,9,2 -> 3,4 -> 9,"IP 2->3 maps OPT 4->9: LP#516: 4 -> 2 -> 6 -> 9 [slot=3-3, slots=1]"
25,25042,lns,d0,45,5,4,5,6,5 -> 0 -> 4,5 -> 1 -> 6,"IP 5->0 maps OPT 5->1: LP#2: 5 -> 7 -> 2 -> 6 -> 1 [slot=1-1, slots=1]; LP#4: 5 -> 7 -> 3 -> 6 -> 1 [slot=2-2, slots=1] | IP 0->4 maps OPT 1->6: LP#6: 1 -> 8 -> 7 -> 3 -> 6 [slot=0-0, slots=1]"
25,25042,lns,d1,77,3,5,9,5,3 -> 1 -> 5,9 -> 0 -> 5,"IP 3->1 maps OPT 9->0: LP#71: 9 -> 5 -> 7 -> 2 -> 4 -> 0 [slot=21-21, slots=1]; LP#73: 9 -> 5 -> 7 -> 2 -> 4 -> 0 [slot=23-23, slots=1] | IP 1->5 maps OPT 0->5: LP#25: 0 -> 4 -> 2 -> 7 -> 5 [slot=6-6, slots=1]; LP#26: 0 -> 4 -> 2 -> 6 -> 1 -> 5 [slot=7-7, slots=1]; LP#27: 0 -> 4 -> 2 -> 6 -> 1 -> 5 [slot=9-9, slots=1]"
25,25042,lns,d2,71,1,3,0,9,1 -> 3,0 -> 9,"IP 1->3 maps OPT 0->9: LP#42: 0 -> 4 -> 2 -> 7 -> 8 -> 1 -> 5 -> 9 [slot=12-12, slots=1]; LP#43: 0 -> 4 -> 8 -> 7 -> 2 -> 6 -> 9 [slot=13-13, slots=1]; LP#44: 0 -> 4 -> 2 -> 7 -> 5 -> 9 [slot=11-11, slots=1]; LP#45: 0 -> 4 -> 2 -> 7 -> 8 -> 1 -> 5 -> 9 [slot=14-14, slots=1]; LP#47: 0 -> 4 -> 2 -> 7 -> 8 -> 1 -> 5 -> 9 [slot=16-16, slots=1]; LP#79: 0 -> 4 -> 2 -> 6 -> 9 [slot=5-5, slots=1]"
25,25042,lns,d3,99,0,2,1,4,0 -> 3 -> 2,1 -> 9 -> 4,"IP 0->3 maps OPT 1->9: LP#31: 1 -> 5 -> 9 [slot=4-4, slots=1]; LP#33: 1 -> 8 -> 7 -> 5 -> 9 [slot=9-9, slots=1]; LP#34: 1 -> 8 -> 4 -> 2 -> 6 -> 9 [slot=4-4, slots=1]; LP#35: 1 -> 8 -> 7 -> 2 -> 6 -> 9 [slot=11-11, slots=1]; LP#77: 1 -> 5 -> 9 [slot=6-6, slots=1] | IP 3->2 maps OPT 9->4: LP#49: 9 -> 5 -> 1 -> 6 -> 2 -> 4 [slot=12-12, slots=1]; LP#50: 9 -> 6 -> 1 -> 8 -> 4 [slot=5-5, slots=1]; LP#51: 9 -> 6 -> 1 -> 8 -> 4 [slot=6-6, slots=1]; LP#52: 9 -> 5 -> 1 -> 8 -> 7 -> 2 -> 4 [slot=14-14, slots=1]; LP#53: 9 -> 6 -> 1 -> 8 -> 7 -> 2 -> 4 [slot=15-15, slots=1]; LP#54: 9 -> 6 -> 1 -> 8 -> 7 -> 2 -> 4 [slot=16-16, slots=1]; LP#55: 9 -> 5 -> 1 -> 8 -> 4 [slot=10-10, slots=1]; LP#56: 9 -> 6 -> 1 -> 8 -> 7 -> 2 -> 4 [slot=17-17, slots=1]; LP#57: 9 -> 5 -> 7 -> 2 -> 4 [slot=9-9, slots=1]"
25,25042,lns,d4,29,5,4,5,6,5 -> 1 -> 3 -> 0 -> 4,5 -> 0 -> 9 -> 1 -> 6,"IP 5->1 maps OPT 5->0: LP#36: 5 -> 1 -> 6 -> 2 -> 4 -> 0 [slot=6-6, slots=1]; LP#37: 5 -> 1 -> 6 -> 2 -> 4 -> 0 [slot=8-8, slots=1]; LP#38: 5 -> 1 -> 8 -> 7 -> 2 -> 4 -> 0 [slot=7-7, slots=1] | IP 1->3 maps OPT 0->9: LP#42: 0 -> 4 -> 2 -> 7 -> 8 -> 1 -> 5 -> 9 [slot=12-12, slots=1]; LP#43: 0 -> 4 -> 8 -> 7 -> 2 -> 6 -> 9 [slot=13-13, slots=1]; LP#44: 0 -> 4 -> 2 -> 7 -> 5 -> 9 [slot=11-11, slots=1]; LP#45: 0 -> 4 -> 2 -> 7 -> 8 -> 1 -> 5 -> 9 [slot=14-14, slots=1]; LP#47: 0 -> 4 -> 2 -> 7 -> 8 -> 1 -> 5 -> 9 [slot=16-16, slots=1]; LP#79: 0 -> 4 -> 2 -> 6 -> 9 [slot=5-5, slots=1] | IP 3->0 maps OPT 9->1: LP#58: 9 -> 5 -> 1 [slot=1-1, slots=1]; LP#60: 9 -> 6 -> 2 -> 4 -> 8 -> 1 [slot=11-11, slots=1] | IP 0->4 maps OPT 1->6: LP#6: 1 -> 8 -> 7 -> 3 -> 6 [slot=0-0, slots=1]"
25,25042,lns,d5,53,1,0,0,1,1 -> 5 -> 0,0 -> 5 -> 1,"IP 1->5 maps OPT 0->5: LP#25: 0 -> 4 -> 2 -> 7 -> 5 [slot=6-6, slots=1]; LP#26: 0 -> 4 -> 2 -> 6 -> 1 -> 5 [slot=7-7, slots=1]; LP#27: 0 -> 4 -> 2 -> 6 -> 1 -> 5 [slot=9-9, slots=1] | IP 5->0 maps OPT 5->1: LP#2: 5 -> 7 -> 2 -> 6 -> 1 [slot=1-1, slots=1]; LP#4: 5 -> 7 -> 3 -> 6 -> 1 [slot=2-2, slots=1]"
25,25042,lns,d6,75,1,3,0,9,1 -> 3,0 -> 9,"IP 1->3 maps OPT 0->9: LP#42: 0 -> 4 -> 2 -> 7 -> 8 -> 1 -> 5 -> 9 [slot=12-12, slots=1]; LP#43: 0 -> 4 -> 8 -> 7 -> 2 -> 6 -> 9 [slot=13-13, slots=1]; LP#44: 0 -> 4 -> 2 -> 7 -> 5 -> 9 [slot=11-11, slots=1]; LP#45: 0 -> 4 -> 2 -> 7 -> 8 -> 1 -> 5 -> 9 [slot=14-14, slots=1]; LP#47: 0 -> 4 -> 2 -> 7 -> 8 -> 1 -> 5 -> 9 [slot=16-16, slots=1]; LP#79: 0 -> 4 -> 2 -> 6 -> 9 [slot=5-5, slots=1]"
25,25042,lns,d7,65,5,0,5,1,5 -> 1 -> 3 -> 0,5 -> 0 -> 9 -> 1,"IP 5->1 maps OPT 5->0: LP#36: 5 -> 1 -> 6 -> 2 -> 4 -> 0 [slot=6-6, slots=1]; LP#37: 5 -> 1 -> 6 -> 2 -> 4 -> 0 [slot=8-8, slots=1]; LP#38: 5 -> 1 -> 8 -> 7 -> 2 -> 4 -> 0 [slot=7-7, slots=1] | IP 1->3 maps OPT 0->9: LP#42: 0 -> 4 -> 2 -> 7 -> 8 -> 1 -> 5 -> 9 [slot=12-12, slots=1]; LP#43: 0 -> 4 -> 8 -> 7 -> 2 -> 6 -> 9 [slot=13-13, slots=1]; LP#44: 0 -> 4 -> 2 -> 7 -> 5 -> 9 [slot=11-11, slots=1]; LP#45: 0 -> 4 -> 2 -> 7 -> 8 -> 1 -> 5 -> 9 [slot=14-14, slots=1]; LP#47: 0 -> 4 -> 2 -> 7 -> 8 -> 1 -> 5 -> 9 [slot=16-16, slots=1]; LP#79: 0 -> 4 -> 2 -> 6 -> 9 [slot=5-5, slots=1] | IP 3->0 maps OPT 9->1: LP#58: 9 -> 5 -> 1 [slot=1-1, slots=1]; LP#60: 9 -> 6 -> 2 -> 4 -> 8 -> 1 [slot=11-11, slots=1]"
25,25042,lns,d8,44,1,0,0,1,1 -> 5 -> 4 -> 0,0 -> 5 -> 6 -> 1,"IP 1->5 maps OPT 0->5: LP#25: 0 -> 4 -> 2 -> 7 -> 5 [slot=6-6, slots=1]; LP#26: 0 -> 4 -> 2 -> 6 -> 1 -> 5 [slot=7-7, slots=1]; LP#27: 0 -> 4 -> 2 -> 6 -> 1 -> 5 [slot=9-9, slots=1] | IP 5->4 maps OPT 5->6: LP#61: 5 -> 9 -> 6 [slot=3-3, slots=1]; LP#62: 5 -> 1 -> 6 [slot=13-13, slots=1] | IP 4->0 maps OPT 6->1: LP#10: 6 -> 2 -> 4 -> 8 -> 7 -> 5 -> 1 [slot=3-3, slots=1]; LP#12: 6 -> 1 [slot=3-3, slots=1]; LP#13: 6 -> 2 -> 7 -> 8 -> 1 [slot=2-2, slots=1]; LP#14: 6 -> 3 -> 7 -> 5 -> 1 [slot=0-0, slots=1]"
25,25042,lns,d9,32,4,2,6,4,4 -> 0 -> 3 -> 2,6 -> 1 -> 9 -> 4,"IP 4->0 maps OPT 6->1: LP#10: 6 -> 2 -> 4 -> 8 -> 7 -> 5 -> 1 [slot=3-3, slots=1]; LP#12: 6 -> 1 [slot=3-3, slots=1]; LP#13: 6 -> 2 -> 7 -> 8 -> 1 [slot=2-2, slots=1]; LP#14: 6 -> 3 -> 7 -> 5 -> 1 [slot=0-0, slots=1] | IP 0->3 maps OPT 1->9: LP#31: 1 -> 5 -> 9 [slot=4-4, slots=1]; LP#33: 1 -> 8 -> 7 -> 5 -> 9 [slot=9-9, slots=1]; LP#34: 1 -> 8 -> 4 -> 2 -> 6 -> 9 [slot=4-4, slots=1]; LP#35: 1 -> 8 -> 7 -> 2 -> 6 -> 9 [slot=11-11, slots=1]; LP#77: 1 -> 5 -> 9 [slot=6-6, slots=1] | IP 3->2 maps OPT 9->4: LP#49: 9 -> 5 -> 1 -> 6 -> 2 -> 4 [slot=12-12, slots=1]; LP#50: 9 -> 6 -> 1 -> 8 -> 4 [slot=5-5, slots=1]; LP#51: 9 -> 6 -> 1 -> 8 -> 4 [slot=6-6, slots=1]; LP#52: 9 -> 5 -> 1 -> 8 -> 7 -> 2 -> 4 [slot=14-14, slots=1]; LP#53: 9 -> 6 -> 1 -> 8 -> 7 -> 2 -> 4 [slot=15-15, slots=1]; LP#54: 9 -> 6 -> 1 -> 8 -> 7 -> 2 -> 4 [slot=16-16, slots=1]; LP#55: 9 -> 5 -> 1 -> 8 -> 4 [slot=10-10, slots=1]; LP#56: 9 -> 6 -> 1 -> 8 -> 7 -> 2 -> 4 [slot=17-17, slots=1]; LP#57: 9 -> 5 -> 7 -> 2 -> 4 [slot=9-9, slots=1]"
25,25042,lns,d10,77,0,5,1,5,0 -> 5,1 -> 5,"IP 0->5 maps OPT 1->5: LP#18: 1 -> 5 [slot=0-0, slots=1]; LP#19: 1 -> 5 [slot=1-1, slots=1]; LP#20: 1 -> 6 -> 9 -> 5 [slot=2-2, slots=1]"
25,25042,lns,d11,69,4,2,6,4,4 -> 3 -> 2,6 -> 9 -> 4,"IP 4->3 maps OPT 6->9: LP#65: 6 -> 2 -> 4 -> 8 -> 1 -> 5 -> 9 [slot=18-18, slots=1]; LP#67: 6 -> 3 -> 7 -> 5 -> 9 [slot=13-13, slots=1]; LP#68: 6 -> 2 -> 7 -> 8 -> 1 -> 5 -> 9 [slot=20-20, slots=1]; LP#78: 6 -> 9 [slot=3-3, slots=1] | IP 3->2 maps OPT 9->4: LP#49: 9 -> 5 -> 1 -> 6 -> 2 -> 4 [slot=12-12, slots=1]; LP#50: 9 -> 6 -> 1 -> 8 -> 4 [slot=5-5, slots=1]; LP#51: 9 -> 6 -> 1 -> 8 -> 4 [slot=6-6, slots=1]; LP#52: 9 -> 5 -> 1 -> 8 -> 7 -> 2 -> 4 [slot=14-14, slots=1]; LP#53: 9 -> 6 -> 1 -> 8 -> 7 -> 2 -> 4 [slot=15-15, slots=1]; LP#54: 9 -> 6 -> 1 -> 8 -> 7 -> 2 -> 4 [slot=16-16, slots=1]; LP#55: 9 -> 5 -> 1 -> 8 -> 4 [slot=10-10, slots=1]; LP#56: 9 -> 6 -> 1 -> 8 -> 7 -> 2 -> 4 [slot=17-17, slots=1]; LP#57: 9 -> 5 -> 7 -> 2 -> 4 [slot=9-9, slots=1]"
25,25042,lns,d12,60,1,5,0,5,1 -> 3 -> 4 -> 0 -> 5,0 -> 9 -> 6 -> 1 -> 5,"IP 1->3 maps OPT 0->9: LP#42: 0 -> 4 -> 2 -> 7 -> 8 -> 1 -> 5 -> 9 [slot=12-12, slots=1]; LP#43: 0 -> 4 -> 8 -> 7 -> 2 -> 6 -> 9 [slot=13-13, slots=1]; LP#44: 0 -> 4 -> 2 -> 7 -> 5 -> 9 [slot=11-11, slots=1]; LP#45: 0 -> 4 -> 2 -> 7 -> 8 -> 1 -> 5 -> 9 [slot=14-14, slots=1]; LP#47: 0 -> 4 -> 2 -> 7 -> 8 -> 1 -> 5 -> 9 [slot=16-16, slots=1]; LP#79: 0 -> 4 -> 2 -> 6 -> 9 [slot=5-5, slots=1] | IP 3->4 maps OPT 9->6: LP#9: 9 -> 5 -> 7 -> 3 -> 6 [slot=5-5, slots=1] | IP 4->0 maps OPT 6->1: LP#10: 6 -> 2 -> 4 -> 8 -> 7 -> 5 -> 1 [slot=3-3, slots=1]; LP#12: 6 -> 1 [slot=3-3, slots=1]; LP#13: 6 -> 2 -> 7 -> 8 -> 1 [slot=2-2, slots=1]; LP#14: 6 -> 3 -> 7 -> 5 -> 1 [slot=0-0, slots=1] | IP 0->5 maps OPT 1->5: LP#18: 1 -> 5 [slot=0-0, slots=1]; LP#19: 1 -> 5 [slot=1-1, slots=1]; LP#20: 1 -> 6 -> 9 -> 5 [slot=2-2, slots=1]"
25,25042,lns,d13,75,0,2,1,4,0 -> 3 -> 2,1 -> 9 -> 4,"IP 0->3 maps OPT 1->9: LP#31: 1 -> 5 -> 9 [slot=4-4, slots=1]; LP#33: 1 -> 8 -> 7 -> 5 -> 9 [slot=9-9, slots=1]; LP#34: 1 -> 8 -> 4 -> 2 -> 6 -> 9 [slot=4-4, slots=1]; LP#35: 1 -> 8 -> 7 -> 2 -> 6 -> 9 [slot=11-11, slots=1]; LP#77: 1 -> 5 -> 9 [slot=6-6, slots=1] | IP 3->2 maps OPT 9->4: LP#49: 9 -> 5 -> 1 -> 6 -> 2 -> 4 [slot=12-12, slots=1]; LP#50: 9 -> 6 -> 1 -> 8 -> 4 [slot=5-5, slots=1]; LP#51: 9 -> 6 -> 1 -> 8 -> 4 [slot=6-6, slots=1]; LP#52: 9 -> 5 -> 1 -> 8 -> 7 -> 2 -> 4 [slot=14-14, slots=1]; LP#53: 9 -> 6 -> 1 -> 8 -> 7 -> 2 -> 4 [slot=15-15, slots=1]; LP#54: 9 -> 6 -> 1 -> 8 -> 7 -> 2 -> 4 [slot=16-16, slots=1]; LP#55: 9 -> 5 -> 1 -> 8 -> 4 [slot=10-10, slots=1]; LP#56: 9 -> 6 -> 1 -> 8 -> 7 -> 2 -> 4 [slot=17-17, slots=1]; LP#57: 9 -> 5 -> 7 -> 2 -> 4 [slot=9-9, slots=1]"
25,25042,lns,d14,29,4,5,6,5,4 -> 0 -> 3 -> 1 -> 5,6 -> 1 -> 9 -> 0 -> 5,"IP 4->0 maps OPT 6->1: LP#10: 6 -> 2 -> 4 -> 8 -> 7 -> 5 -> 1 [slot=3-3, slots=1]; LP#12: 6 -> 1 [slot=3-3, slots=1]; LP#13: 6 -> 2 -> 7 -> 8 -> 1 [slot=2-2, slots=1]; LP#14: 6 -> 3 -> 7 -> 5 -> 1 [slot=0-0, slots=1] | IP 0->3 maps OPT 1->9: LP#31: 1 -> 5 -> 9 [slot=4-4, slots=1]; LP#33: 1 -> 8 -> 7 -> 5 -> 9 [slot=9-9, slots=1]; LP#34: 1 -> 8 -> 4 -> 2 -> 6 -> 9 [slot=4-4, slots=1]; LP#35: 1 -> 8 -> 7 -> 2 -> 6 -> 9 [slot=11-11, slots=1]; LP#77: 1 -> 5 -> 9 [slot=6-6, slots=1] | IP 3->1 maps OPT 9->0: LP#71: 9 -> 5 -> 7 -> 2 -> 4 -> 0 [slot=21-21, slots=1]; LP#73: 9 -> 5 -> 7 -> 2 -> 4 -> 0 [slot=23-23, slots=1] | IP 1->5 maps OPT 0->5: LP#25: 0 -> 4 -> 2 -> 7 -> 5 [slot=6-6, slots=1]; LP#26: 0 -> 4 -> 2 -> 6 -> 1 -> 5 [slot=7-7, slots=1]; LP#27: 0 -> 4 -> 2 -> 6 -> 1 -> 5 [slot=9-9, slots=1]"
25,25042,lns,d15,98,0,3,1,9,0 -> 3,1 -> 9,"IP 0->3 maps OPT 1->9: LP#31: 1 -> 5 -> 9 [slot=4-4, slots=1]; LP#33: 1 -> 8 -> 7 -> 5 -> 9 [slot=9-9, slots=1]; LP#34: 1 -> 8 -> 4 -> 2 -> 6 -> 9 [slot=4-4, slots=1]; LP#35: 1 -> 8 -> 7 -> 2 -> 6 -> 9 [slot=11-11, slots=1]; LP#77: 1 -> 5 -> 9 [slot=6-6, slots=1]"
25,25042,lns,d16,76,0,5,1,5,0 -> 5,1 -> 5,"IP 0->5 maps OPT 1->5: LP#18: 1 -> 5 [slot=0-0, slots=1]; LP#19: 1 -> 5 [slot=1-1, slots=1]; LP#20: 1 -> 6 -> 9 -> 5 [slot=2-2, slots=1]"
25,25042,lns,d17,56,5,2,5,4,5 -> 1 -> 3 -> 2,5 -> 0 -> 9 -> 4,"IP 5->1 maps OPT 5->0: LP#36: 5 -> 1 -> 6 -> 2 -> 4 -> 0 [slot=6-6, slots=1]; LP#37: 5 -> 1 -> 6 -> 2 -> 4 -> 0 [slot=8-8, slots=1]; LP#38: 5 -> 1 -> 8 -> 7 -> 2 -> 4 -> 0 [slot=7-7, slots=1] | IP 1->3 maps OPT 0->9: LP#42: 0 -> 4 -> 2 -> 7 -> 8 -> 1 -> 5 -> 9 [slot=12-12, slots=1]; LP#43: 0 -> 4 -> 8 -> 7 -> 2 -> 6 -> 9 [slot=13-13, slots=1]; LP#44: 0 -> 4 -> 2 -> 7 -> 5 -> 9 [slot=11-11, slots=1]; LP#45: 0 -> 4 -> 2 -> 7 -> 8 -> 1 -> 5 -> 9 [slot=14-14, slots=1]; LP#47: 0 -> 4 -> 2 -> 7 -> 8 -> 1 -> 5 -> 9 [slot=16-16, slots=1]; LP#79: 0 -> 4 -> 2 -> 6 -> 9 [slot=5-5, slots=1] | IP 3->2 maps OPT 9->4: LP#49: 9 -> 5 -> 1 -> 6 -> 2 -> 4 [slot=12-12, slots=1]; LP#50: 9 -> 6 -> 1 -> 8 -> 4 [slot=5-5, slots=1]; LP#51: 9 -> 6 -> 1 -> 8 -> 4 [slot=6-6, slots=1]; LP#52: 9 -> 5 -> 1 -> 8 -> 7 -> 2 -> 4 [slot=14-14, slots=1]; LP#53: 9 -> 6 -> 1 -> 8 -> 7 -> 2 -> 4 [slot=15-15, slots=1]; LP#54: 9 -> 6 -> 1 -> 8 -> 7 -> 2 -> 4 [slot=16-16, slots=1]; LP#55: 9 -> 5 -> 1 -> 8 -> 4 [slot=10-10, slots=1]; LP#56: 9 -> 6 -> 1 -> 8 -> 7 -> 2 -> 4 [slot=17-17, slots=1]; LP#57: 9 -> 5 -> 7 -> 2 -> 4 [slot=9-9, slots=1]"
25,25042,lns,d18,51,0,2,1,4,0 -> 3 -> 2,1 -> 9 -> 4,"IP 0->3 maps OPT 1->9: LP#31: 1 -> 5 -> 9 [slot=4-4, slots=1]; LP#33: 1 -> 8 -> 7 -> 5 -> 9 [slot=9-9, slots=1]; LP#34: 1 -> 8 -> 4 -> 2 -> 6 -> 9 [slot=4-4, slots=1]; LP#35: 1 -> 8 -> 7 -> 2 -> 6 -> 9 [slot=11-11, slots=1]; LP#77: 1 -> 5 -> 9 [slot=6-6, slots=1] | IP 3->2 maps OPT 9->4: LP#49: 9 -> 5 -> 1 -> 6 -> 2 -> 4 [slot=12-12, slots=1]; LP#50: 9 -> 6 -> 1 -> 8 -> 4 [slot=5-5, slots=1]; LP#51: 9 -> 6 -> 1 -> 8 -> 4 [slot=6-6, slots=1]; LP#52: 9 -> 5 -> 1 -> 8 -> 7 -> 2 -> 4 [slot=14-14, slots=1]; LP#53: 9 -> 6 -> 1 -> 8 -> 7 -> 2 -> 4 [slot=15-15, slots=1]; LP#54: 9 -> 6 -> 1 -> 8 -> 7 -> 2 -> 4 [slot=16-16, slots=1]; LP#55: 9 -> 5 -> 1 -> 8 -> 4 [slot=10-10, slots=1]; LP#56: 9 -> 6 -> 1 -> 8 -> 7 -> 2 -> 4 [slot=17-17, slots=1]; LP#57: 9 -> 5 -> 7 -> 2 -> 4 [slot=9-9, slots=1]"
25,25042,lns,d19,81,4,2,6,4,4 -> 3 -> 2,6 -> 9 -> 4,"IP 4->3 maps OPT 6->9: LP#65: 6 -> 2 -> 4 -> 8 -> 1 -> 5 -> 9 [slot=18-18, slots=1]; LP#67: 6 -> 3 -> 7 -> 5 -> 9 [slot=13-13, slots=1]; LP#68: 6 -> 2 -> 7 -> 8 -> 1 -> 5 -> 9 [slot=20-20, slots=1]; LP#78: 6 -> 9 [slot=3-3, slots=1] | IP 3->2 maps OPT 9->4: LP#49: 9 -> 5 -> 1 -> 6 -> 2 -> 4 [slot=12-12, slots=1]; LP#50: 9 -> 6 -> 1 -> 8 -> 4 [slot=5-5, slots=1]; LP#51: 9 -> 6 -> 1 -> 8 -> 4 [slot=6-6, slots=1]; LP#52: 9 -> 5 -> 1 -> 8 -> 7 -> 2 -> 4 [slot=14-14, slots=1]; LP#53: 9 -> 6 -> 1 -> 8 -> 7 -> 2 -> 4 [slot=15-15, slots=1]; LP#54: 9 -> 6 -> 1 -> 8 -> 7 -> 2 -> 4 [slot=16-16, slots=1]; LP#55: 9 -> 5 -> 1 -> 8 -> 4 [slot=10-10, slots=1]; LP#56: 9 -> 6 -> 1 -> 8 -> 7 -> 2 -> 4 [slot=17-17, slots=1]; LP#57: 9 -> 5 -> 7 -> 2 -> 4 [slot=9-9, slots=1]"
25,25042,lns,d20,93,4,2,6,4,4 -> 3 -> 2,6 -> 9 -> 4,"IP 4->3 maps OPT 6->9: LP#65: 6 -> 2 -> 4 -> 8 -> 1 -> 5 -> 9 [slot=18-18, slots=1]; LP#67: 6 -> 3 -> 7 -> 5 -> 9 [slot=13-13, slots=1]; LP#68: 6 -> 2 -> 7 -> 8 -> 1 -> 5 -> 9 [slot=20-20, slots=1]; LP#78: 6 -> 9 [slot=3-3, slots=1] | IP 3->2 maps OPT 9->4: LP#49: 9 -> 5 -> 1 -> 6 -> 2 -> 4 [slot=12-12, slots=1]; LP#50: 9 -> 6 -> 1 -> 8 -> 4 [slot=5-5, slots=1]; LP#51: 9 -> 6 -> 1 -> 8 -> 4 [slot=6-6, slots=1]; LP#52: 9 -> 5 -> 1 -> 8 -> 7 -> 2 -> 4 [slot=14-14, slots=1]; LP#53: 9 -> 6 -> 1 -> 8 -> 7 -> 2 -> 4 [slot=15-15, slots=1]; LP#54: 9 -> 6 -> 1 -> 8 -> 7 -> 2 -> 4 [slot=16-16, slots=1]; LP#55: 9 -> 5 -> 1 -> 8 -> 4 [slot=10-10, slots=1]; LP#56: 9 -> 6 -> 1 -> 8 -> 7 -> 2 -> 4 [slot=17-17, slots=1]; LP#57: 9 -> 5 -> 7 -> 2 -> 4 [slot=9-9, slots=1]"
25,25042,lns,d21,88,5,2,5,4,5 -> 1 -> 3 -> 2,5 -> 0 -> 9 -> 4,"IP 5->1 maps OPT 5->0: LP#36: 5 -> 1 -> 6 -> 2 -> 4 -> 0 [slot=6-6, slots=1]; LP#37: 5 -> 1 -> 6 -> 2 -> 4 -> 0 [slot=8-8, slots=1]; LP#38: 5 -> 1 -> 8 -> 7 -> 2 -> 4 -> 0 [slot=7-7, slots=1] | IP 1->3 maps OPT 0->9: LP#42: 0 -> 4 -> 2 -> 7 -> 8 -> 1 -> 5 -> 9 [slot=12-12, slots=1]; LP#43: 0 -> 4 -> 8 -> 7 -> 2 -> 6 -> 9 [slot=13-13, slots=1]; LP#44: 0 -> 4 -> 2 -> 7 -> 5 -> 9 [slot=11-11, slots=1]; LP#45: 0 -> 4 -> 2 -> 7 -> 8 -> 1 -> 5 -> 9 [slot=14-14, slots=1]; LP#47: 0 -> 4 -> 2 -> 7 -> 8 -> 1 -> 5 -> 9 [slot=16-16, slots=1]; LP#79: 0 -> 4 -> 2 -> 6 -> 9 [slot=5-5, slots=1] | IP 3->2 maps OPT 9->4: LP#49: 9 -> 5 -> 1 -> 6 -> 2 -> 4 [slot=12-12, slots=1]; LP#50: 9 -> 6 -> 1 -> 8 -> 4 [slot=5-5, slots=1]; LP#51: 9 -> 6 -> 1 -> 8 -> 4 [slot=6-6, slots=1]; LP#52: 9 -> 5 -> 1 -> 8 -> 7 -> 2 -> 4 [slot=14-14, slots=1]; LP#53: 9 -> 6 -> 1 -> 8 -> 7 -> 2 -> 4 [slot=15-15, slots=1]; LP#54: 9 -> 6 -> 1 -> 8 -> 7 -> 2 -> 4 [slot=16-16, slots=1]; LP#55: 9 -> 5 -> 1 -> 8 -> 4 [slot=10-10, slots=1]; LP#56: 9 -> 6 -> 1 -> 8 -> 7 -> 2 -> 4 [slot=17-17, slots=1]; LP#57: 9 -> 5 -> 7 -> 2 -> 4 [slot=9-9, slots=1]"
25,25042,lns,d22,69,4,0,6,1,4 -> 0,6 -> 1,"IP 4->0 maps OPT 6->1: LP#10: 6 -> 2 -> 4 -> 8 -> 7 -> 5 -> 1 [slot=3-3, slots=1]; LP#12: 6 -> 1 [slot=3-3, slots=1]; LP#13: 6 -> 2 -> 7 -> 8 -> 1 [slot=2-2, slots=1]; LP#14: 6 -> 3 -> 7 -> 5 -> 1 [slot=0-0, slots=1]"
25,25042,lns,d23,62,5,0,5,1,5 -> 4 -> 3 -> 0,5 -> 6 -> 9 -> 1,"IP 5->4 maps OPT 5->6: LP#61: 5 -> 9 -> 6 [slot=3-3, slots=1]; LP#62: 5 -> 1 -> 6 [slot=13-13, slots=1] | IP 4->3 maps OPT 6->9: LP#65: 6 -> 2 -> 4 -> 8 -> 1 -> 5 -> 9 [slot=18-18, slots=1]; LP#67: 6 -> 3 -> 7 -> 5 -> 9 [slot=13-13, slots=1]; LP#68: 6 -> 2 -> 7 -> 8 -> 1 -> 5 -> 9 [slot=20-20, slots=1]; LP#78: 6 -> 9 [slot=3-3, slots=1] | IP 3->0 maps OPT 9->1: LP#58: 9 -> 5 -> 1 [slot=1-1, slots=1]; LP#60: 9 -> 6 -> 2 -> 4 -> 8 -> 1 [slot=11-11, slots=1]"
25,25042,lns,d24,34,2,3,4,9,2 -> 3,4 -> 9,"IP 2->3 maps OPT 4->9: LP#76: 4 -> 2 -> 7 -> 5 -> 9 [slot=23-23, slots=1]"
30,30042,initial,d0,96,4,3,6,9,4 -> 0 -> 5 -> 1 -> 3,6 -> 1 -> 5 -> 0 -> 9,"IP 4->0 maps OPT 6->1: LP#0: 6 -> 3 -> 7 -> 2 -> 4 -> 8 -> 1 [slot=0-0, slots=1]; LP#1: 6 -> 3 -> 7 -> 2 -> 4 -> 8 -> 1 [slot=1-1, slots=1]; LP#2: 6 -> 9 -> 5 -> 1 [slot=0-0, slots=1]; LP#3: 6 -> 9 -> 5 -> 1 [slot=1-1, slots=1]; LP#4: 6 -> 2 -> 7 -> 8 -> 1 [slot=2-2, slots=1]; LP#5: 6 -> 2 -> 7 -> 8 -> 1 [slot=3-3, slots=1] | IP 0->5 maps OPT 1->5: LP#6: 1 -> 8 -> 7 -> 5 [slot=0-0, slots=1]; LP#7: 1 -> 6 -> 3 -> 7 -> 5 [slot=2-2, slots=1]; LP#8: 1 -> 8 -> 7 -> 2 -> 6 -> 9 -> 5 [slot=2-2, slots=1]; LP#9: 1 -> 5 [slot=0-0, slots=1] | IP 5->1 maps OPT 5->0: LP#10: 5 -> 9 -> 6 -> 2 -> 4 -> 0 [slot=4-4, slots=1]; LP#11: 5 -> 1 -> 8 -> 7 -> 2 -> 4 -> 0 [slot=3-3, slots=1]; LP#12: 5 -> 1 -> 6 -> 3 -> 7 -> 8 -> 4 -> 0 [slot=5-5, slots=1]; LP#13: 5 -> 9 -> 6 -> 2 -> 4 -> 0 [slot=6-6, slots=1]; LP#14: 5 -> 7 -> 8 -> 4 -> 0 [slot=0-0, slots=1]; LP#15: 5 -> 7 -> 8 -> 4 -> 0 [slot=1-1, slots=1]; LP#16: 5 -> 1 -> 6 -> 3 -> 7 -> 2 -> 4 -> 0 [slot=7-7, slots=1] | IP 1->3 maps OPT 0->9: LP#17: 0 -> 4 -> 8 -> 1 -> 5 -> 9 [slot=5-5, slots=1]; LP#18: 0 -> 4 -> 8 -> 7 -> 2 -> 6 -> 9 [slot=4-4, slots=1]; LP#19: 0 -> 4 -> 2 -> 7 -> 5 -> 9 [slot=1-1, slots=1]; LP#20: 0 -> 4 -> 8 -> 1 -> 5 -> 9 [slot=7-7, slots=1]; LP#21: 0 -> 4 -> 2 -> 7 -> 3 -> 6 -> 9 [slot=6-6, slots=1]"
30,30042,initial,d1,31,1,3,0,9,1 -> 5 -> 0 -> 4 -> 3,0 -> 5 -> 1 -> 6 -> 9,"IP 1->5 maps OPT 0->5: LP#22: 0 -> 4 -> 8 -> 1 -> 6 -> 2 -> 7 -> 5 [slot=8-8, slots=1]; LP#23: 0 -> 4 -> 2 -> 6 -> 1 -> 5 [slot=3-3, slots=1]; LP#24: 0 -> 4 -> 8 -> 1 -> 6 -> 2 -> 7 -> 5 [slot=9-9, slots=1]; LP#25: 0 -> 4 -> 8 -> 7 -> 3 -> 6 -> 1 -> 5 [slot=10-10, slots=1] | IP 5->0 maps OPT 5->1: LP#26: 5 -> 7 -> 2 -> 4 -> 8 -> 1 [slot=11-11, slots=1]; LP#27: 5 -> 7 -> 2 -> 4 -> 8 -> 1 [slot=12-12, slots=1]; LP#28: 5 -> 9 -> 6 -> 3 -> 7 -> 8 -> 1 [slot=10-10, slots=1]; LP#29: 5 -> 9 -> 6 -> 3 -> 7 -> 8 -> 1 [slot=13-13, slots=1] | IP 0->4 maps OPT 1->6: LP#30: 1 -> 5 -> 7 -> 2 -> 6 [slot=6-6, slots=1]; LP#31: 1 -> 8 -> 4 -> 2 -> 6 [slot=7-7, slots=1]; LP#32: 1 -> 8 -> 4 -> 2 -> 6 [slot=8-8, slots=1]; LP#33: 1 -> 8 -> 7 -> 5 -> 9 -> 6 [slot=11-11, slots=1] | IP 4->3 maps OPT 6->9: LP#34: 6 -> 2 -> 7 -> 8 -> 1 -> 5 -> 9 [slot=14-14, slots=1]; LP#35: 6 -> 1 -> 5 -> 9 [slot=2-2, slots=1]"
30,30042,initial,d2,49,3,0,9,1,3 -> 4 -> 5 -> 0,9 -> 6 -> 5 -> 1,"IP 3->4 maps OPT 9->6: LP#36: 9 -> 5 -> 7 -> 3 -> 6 [slot=3-3, slots=1]; LP#37: 9 -> 6 [slot=0-0, slots=1]; LP#38: 9 -> 5 -> 1 -> 8 -> 4 -> 2 -> 6 [slot=9-9, slots=1]; LP#39: 9 -> 5 -> 7 -> 2 -> 4 -> 8 -> 1 -> 6 [slot=15-15, slots=1]; LP#40: 9 -> 5 -> 7 -> 3 -> 6 [slot=4-4, slots=1]; LP#41: 9 -> 6 [slot=1-1, slots=1]; LP#42: 9 -> 5 -> 7 -> 2 -> 4 -> 8 -> 1 -> 6 [slot=16-16, slots=1] | IP 4->5 maps OPT 6->5: LP#43: 6 -> 2 -> 4 -> 8 -> 7 -> 5 [slot=13-13, slots=1]; LP#44: 6 -> 2 -> 7 -> 5 [slot=5-5, slots=1]; LP#45: 6 -> 2 -> 7 -> 5 [slot=7-7, slots=1]; LP#46: 6 -> 9 -> 5 [slot=5-5, slots=1]; LP#47: 6 -> 2 -> 4 -> 8 -> 1 -> 5 [slot=17-17, slots=1]; LP#48: 6 -> 1 -> 8 -> 4 -> 2 -> 7 -> 5 [slot=4-4, slots=1]; LP#49: 6 -> 3 -> 7 -> 8 -> 1 -> 5 [slot=4-4, slots=1]; LP#50: 6 -> 1 -> 8 -> 7 -> 5 [slot=6-6, slots=1] | IP 5->0 maps OPT 5->1: LP#26: 5 -> 7 -> 2 -> 4 -> 8 -> 1 [slot=11-11, slots=1]; LP#27: 5 -> 7 -> 2 -> 4 -> 8 -> 1 [slot=12-12, slots=1]; LP#28: 5 -> 9 -> 6 -> 3 -> 7 -> 8 -> 1 [slot=10-10, slots=1]; LP#29: 5 -> 9 -> 6 -> 3 -> 7 -> 8 -> 1 [slot=13-13, slots=1]"
30,30042,initial,d3,88,3,5,9,5,3 -> 4 -> 5,9 -> 6 -> 5,"IP 3->4 maps OPT 9->6: LP#36: 9 -> 5 -> 7 -> 3 -> 6 [slot=3-3, slots=1]; LP#37: 9 -> 6 [slot=0-0, slots=1]; LP#38: 9 -> 5 -> 1 -> 8 -> 4 -> 2 -> 6 [slot=9-9, slots=1]; LP#39: 9 -> 5 -> 7 -> 2 -> 4 -> 8 -> 1 -> 6 [slot=15-15, slots=1]; LP#40: 9 -> 5 -> 7 -> 3 -> 6 [slot=4-4, slots=1]; LP#41: 9 -> 6 [slot=1-1, slots=1]; LP#42: 9 -> 5 -> 7 -> 2 -> 4 -> 8 -> 1 -> 6 [slot=16-16, slots=1] | IP 4->5 maps OPT 6->5: LP#43: 6 -> 2 -> 4 -> 8 -> 7 -> 5 [slot=13-13, slots=1]; LP#44: 6 -> 2 -> 7 -> 5 [slot=5-5, slots=1]; LP#45: 6 -> 2 -> 7 -> 5 [slot=7-7, slots=1]; LP#46: 6 -> 9 -> 5 [slot=5-5, slots=1]; LP#47: 6 -> 2 -> 4 -> 8 -> 1 -> 5 [slot=17-17, slots=1]; LP#48: 6 -> 1 -> 8 -> 4 -> 2 -> 7 -> 5 [slot=4-4, slots=1]; LP#49: 6 -> 3 -> 7 -> 8 -> 1 -> 5 [slot=4-4, slots=1]; LP#50: 6 -> 1 -> 8 -> 7 -> 5 [slot=6-6, slots=1]"
30,30042,initial,d4,43,3,5,9,5,3 -> 4 -> 5,9 -> 6 -> 5,"IP 3->4 maps OPT 9->6: LP#36: 9 -> 5 -> 7 -> 3 -> 6 [slot=3-3, slots=1]; LP#37: 9 -> 6 [slot=0-0, slots=1]; LP#38: 9 -> 5 -> 1 -> 8 -> 4 -> 2 -> 6 [slot=9-9, slots=1]; LP#39: 9 -> 5 -> 7 -> 2 -> 4 -> 8 -> 1 -> 6 [slot=15-15, slots=1]; LP#40: 9 -> 5 -> 7 -> 3 -> 6 [slot=4-4, slots=1]; LP#41: 9 -> 6 [slot=1-1, slots=1]; LP#42: 9 -> 5 -> 7 -> 2 -> 4 -> 8 -> 1 -> 6 [slot=16-16, slots=1] | IP 4->5 maps OPT 6->5: LP#43: 6 -> 2 -> 4 -> 8 -> 7 -> 5 [slot=13-13, slots=1]; LP#44: 6 -> 2 -> 7 -> 5 [slot=5-5, slots=1]; LP#45: 6 -> 2 -> 7 -> 5 [slot=7-7, slots=1]; LP#46: 6 -> 9 -> 5 [slot=5-5, slots=1]; LP#47: 6 -> 2 -> 4 -> 8 -> 1 -> 5 [slot=17-17, slots=1]; LP#48: 6 -> 1 -> 8 -> 4 -> 2 -> 7 -> 5 [slot=4-4, slots=1]; LP#49: 6 -> 3 -> 7 -> 8 -> 1 -> 5 [slot=4-4, slots=1]; LP#50: 6 -> 1 -> 8 -> 7 -> 5 [slot=6-6, slots=1]"
30,30042,initial,d5,32,1,4,0,6,1 -> 3 -> 0 -> 4,0 -> 9 -> 1 -> 6,"IP 1->3 maps OPT 0->9: LP#17: 0 -> 4 -> 8 -> 1 -> 5 -> 9 [slot=5-5, slots=1]; LP#18: 0 -> 4 -> 8 -> 7 -> 2 -> 6 -> 9 [slot=4-4, slots=1]; LP#19: 0 -> 4 -> 2 -> 7 -> 5 -> 9 [slot=1-1, slots=1]; LP#20: 0 -> 4 -> 8 -> 1 -> 5 -> 9 [slot=7-7, slots=1]; LP#21: 0 -> 4 -> 2 -> 7 -> 3 -> 6 -> 9 [slot=6-6, slots=1] | IP 3->0 maps OPT 9->1: LP#51: 9 -> 6 -> 2 -> 7 -> 5 -> 1 [slot=12-12, slots=1]; LP#52: 9 -> 6 -> 2 -> 4 -> 8 -> 1 [slot=18-18, slots=1]; LP#53: 9 -> 5 -> 1 [slot=6-6, slots=1] | IP 0->4 maps OPT 1->6: LP#30: 1 -> 5 -> 7 -> 2 -> 6 [slot=6-6, slots=1]; LP#31: 1 -> 8 -> 4 -> 2 -> 6 [slot=7-7, slots=1]; LP#32: 1 -> 8 -> 4 -> 2 -> 6 [slot=8-8, slots=1]; LP#33: 1 -> 8 -> 7 -> 5 -> 9 -> 6 [slot=11-11, slots=1]"
30,30042,initial,d6,55,5,4,5,6,5 -> 1 -> 3 -> 0 -> 4,5 -> 0 -> 9 -> 1 -> 6,"IP 5->1 maps OPT 5->0: LP#10: 5 -> 9 -> 6 -> 2 -> 4 -> 0 [slot=4-4, slots=1]; LP#11: 5 -> 1 -> 8 -> 7 -> 2 -> 4 -> 0 [slot=3-3, slots=1]; LP#12: 5 -> 1 -> 6 -> 3 -> 7 -> 8 -> 4 -> 0 [slot=5-5, slots=1]; LP#13: 5 -> 9 -> 6 -> 2 -> 4 -> 0 [slot=6-6, slots=1]; LP#14: 5 -> 7 -> 8 -> 4 -> 0 [slot=0-0, slots=1]; LP#15: 5 -> 7 -> 8 -> 4 -> 0 [slot=1-1, slots=1]; LP#16: 5 -> 1 -> 6 -> 3 -> 7 -> 2 -> 4 -> 0 [slot=7-7, slots=1] | IP 1->3 maps OPT 0->9: LP#17: 0 -> 4 -> 8 -> 1 -> 5 -> 9 [slot=5-5, slots=1]; LP#18: 0 -> 4 -> 8 -> 7 -> 2 -> 6 -> 9 [slot=4-4, slots=1]; LP#19: 0 -> 4 -> 2 -> 7 -> 5 -> 9 [slot=1-1, slots=1]; LP#20: 0 -> 4 -> 8 -> 1 -> 5 -> 9 [slot=7-7, slots=1]; LP#21: 0 -> 4 -> 2 -> 7 -> 3 -> 6 -> 9 [slot=6-6, slots=1] | IP 3->0 maps OPT 9->1: LP#51: 9 -> 6 -> 2 -> 7 -> 5 -> 1 [slot=12-12, slots=1]; LP#52: 9 -> 6 -> 2 -> 4 -> 8 -> 1 [slot=18-18, slots=1]; LP#53: 9 -> 5 -> 1 [slot=6-6, slots=1] | IP 0->4 maps OPT 1->6: LP#30: 1 -> 5 -> 7 -> 2 -> 6 [slot=6-6, slots=1]; LP#31: 1 -> 8 -> 4 -> 2 -> 6 [slot=7-7, slots=1]; LP#32: 1 -> 8 -> 4 -> 2 -> 6 [slot=8-8, slots=1]; LP#33: 1 -> 8 -> 7 -> 5 -> 9 -> 6 [slot=11-11, slots=1]"
30,30042,initial,d7,86,4,1,6,0,4 -> 5 -> 1,6 -> 5 -> 0,"IP 4->5 maps OPT 6->5: LP#43: 6 -> 2 -> 4 -> 8 -> 7 -> 5 [slot=13-13, slots=1]; LP#44: 6 -> 2 -> 7 -> 5 [slot=5-5, slots=1]; LP#45: 6 -> 2 -> 7 -> 5 [slot=7-7, slots=1]; LP#46: 6 -> 9 -> 5 [slot=5-5, slots=1]; LP#47: 6 -> 2 -> 4 -> 8 -> 1 -> 5 [slot=17-17, slots=1]; LP#48: 6 -> 1 -> 8 -> 4 -> 2 -> 7 -> 5 [slot=4-4, slots=1]; LP#49: 6 -> 3 -> 7 -> 8 -> 1 -> 5 [slot=4-4, slots=1]; LP#50: 6 -> 1 -> 8 -> 7 -> 5 [slot=6-6, slots=1] | IP 5->1 maps OPT 5->0: LP#10: 5 -> 9 -> 6 -> 2 -> 4 -> 0 [slot=4-4, slots=1]; LP#11: 5 -> 1 -> 8 -> 7 -> 2 -> 4 -> 0 [slot=3-3, slots=1]; LP#12: 5 -> 1 -> 6 -> 3 -> 7 -> 8 -> 4 -> 0 [slot=5-5, slots=1]; LP#13: 5 -> 9 -> 6 -> 2 -> 4 -> 0 [slot=6-6, slots=1]; LP#14: 5 -> 7 -> 8 -> 4 -> 0 [slot=0-0, slots=1]; LP#15: 5 -> 7 -> 8 -> 4 -> 0 [slot=1-1, slots=1]; LP#16: 5 -> 1 -> 6 -> 3 -> 7 -> 2 -> 4 -> 0 [slot=7-7, slots=1]"
30,30042,initial,d8,82,1,0,0,1,1 -> 5 -> 0,0 -> 5 -> 1,"IP 1->5 maps OPT 0->5: LP#22: 0 -> 4 -> 8 -> 1 -> 6 -> 2 -> 7 -> 5 [slot=8-8, slots=1]; LP#23: 0 -> 4 -> 2 -> 6 -> 1 -> 5 [slot=3-3, slots=1]; LP#24: 0 -> 4 -> 8 -> 1 -> 6 -> 2 -> 7 -> 5 [slot=9-9, slots=1]; LP#25: 0 -> 4 -> 8 -> 7 -> 3 -> 6 -> 1 -> 5 [slot=10-10, slots=1] | IP 5->0 maps OPT 5->1: LP#26: 5 -> 7 -> 2 -> 4 -> 8 -> 1 [slot=11-11, slots=1]; LP#27: 5 -> 7 -> 2 -> 4 -> 8 -> 1 [slot=12-12, slots=1]; LP#28: 5 -> 9 -> 6 -> 3 -> 7 -> 8 -> 1 [slot=10-10, slots=1]; LP#29: 5 -> 9 -> 6 -> 3 -> 7 -> 8 -> 1 [slot=13-13, slots=1]"
30,30042,initial,d9,61,0,5,1,5,0 -> 3 -> 1 -> 5,1 -> 9 -> 0 -> 5,"IP 0->3 maps OPT 1->9: LP#54: 1 -> 8 -> 7 -> 2 -> 6 -> 9 [slot=14-14, slots=1]; LP#55: 1 -> 8 -> 4 -> 2 -> 6 -> 9 [slot=10-10, slots=1]; LP#56: 1 -> 5 -> 7 -> 2 -> 6 -> 9 [slot=13-13, slots=1]; LP#57: 1 -> 6 -> 2 -> 7 -> 5 -> 9 [slot=19-19, slots=1] | IP 3->1 maps OPT 9->0: LP#58: 9 -> 5 -> 1 -> 8 -> 7 -> 2 -> 4 -> 0 [slot=19-19, slots=1]; LP#59: 9 -> 6 -> 3 -> 7 -> 2 -> 4 -> 0 [slot=8-8, slots=1]; LP#60: 9 -> 5 -> 7 -> 2 -> 4 -> 0 [slot=10-10, slots=1]; LP#61: 9 -> 6 -> 2 -> 7 -> 8 -> 4 -> 0 [slot=15-15, slots=1] | IP 1->5 maps OPT 0->5: LP#22: 0 -> 4 -> 8 -> 1 -> 6 -> 2 -> 7 -> 5 [slot=8-8, slots=1]; LP#23: 0 -> 4 -> 2 -> 6 -> 1 -> 5 [slot=3-3, slots=1]; LP#24: 0 -> 4 -> 8 -> 1 -> 6 -> 2 -> 7 -> 5 [slot=9-9, slots=1]; LP#25: 0 -> 4 -> 8 -> 7 -> 3 -> 6 -> 1 -> 5 [slot=10-10, slots=1]"
30,30042,initial,d10,38,4,5,6,5,4 -> 0 -> 5,6 -> 1 -> 5,"IP 4->0 maps OPT 6->1: LP#0: 6 -> 3 -> 7 -> 2 -> 4 -> 8 -> 1 [slot=0-0, slots=1]; LP#1: 6 -> 3 -> 7 -> 2 -> 4 -> 8 -> 1 [slot=1-1, slots=1]; LP#2: 6 -> 9 -> 5 -> 1 [slot=0-0, slots=1]; LP#3: 6 -> 9 -> 5 -> 1 [slot=1-1, slots=1]; LP#4: 6 -> 2 -> 7 -> 8 -> 1 [slot=2-2, slots=1]; LP#5: 6 -> 2 -> 7 -> 8 -> 1 [slot=3-3, slots=1] | IP 0->5 maps OPT 1->5: LP#6: 1 -> 8 -> 7 -> 5 [slot=0-0, slots=1]; LP#7: 1 -> 6 -> 3 -> 7 -> 5 [slot=2-2, slots=1]; LP#8: 1 -> 8 -> 7 -> 2 -> 6 -> 9 -> 5 [slot=2-2, slots=1]; LP#9: 1 -> 5 [slot=0-0, slots=1]"
30,30042,initial,d11,47,4,0,6,1,4 -> 0,6 -> 1,"IP 4->0 maps OPT 6->1: LP#0: 6 -> 3 -> 7 -> 2 -> 4 -> 8 -> 1 [slot=0-0, slots=1]; LP#1: 6 -> 3 -> 7 -> 2 -> 4 -> 8 -> 1 [slot=1-1, slots=1]; LP#2: 6 -> 9 -> 5 -> 1 [slot=0-0, slots=1]; LP#3: 6 -> 9 -> 5 -> 1 [slot=1-1, slots=1]; LP#4: 6 -> 2 -> 7 -> 8 -> 1 [slot=2-2, slots=1]; LP#5: 6 -> 2 -> 7 -> 8 -> 1 [slot=3-3, slots=1]"
30,30042,initial,d12,81,4,2,6,4,4 -> 5 -> 0 -> 3 -> 2,6 -> 5 -> 1 -> 9 -> 4,"IP 4->5 maps OPT 6->5: LP#43: 6 -> 2 -> 4 -> 8 -> 7 -> 5 [slot=13-13, slots=1]; LP#44: 6 -> 2 -> 7 -> 5 [slot=5-5, slots=1]; LP#45: 6 -> 2 -> 7 -> 5 [slot=7-7, slots=1]; LP#46: 6 -> 9 -> 5 [slot=5-5, slots=1]; LP#47: 6 -> 2 -> 4 -> 8 -> 1 -> 5 [slot=17-17, slots=1]; LP#48: 6 -> 1 -> 8 -> 4 -> 2 -> 7 -> 5 [slot=4-4, slots=1]; LP#49: 6 -> 3 -> 7 -> 8 -> 1 -> 5 [slot=4-4, slots=1]; LP#50: 6 -> 1 -> 8 -> 7 -> 5 [slot=6-6, slots=1] | IP 5->0 maps OPT 5->1: LP#26: 5 -> 7 -> 2 -> 4 -> 8 -> 1 [slot=11-11, slots=1]; LP#27: 5 -> 7 -> 2 -> 4 -> 8 -> 1 [slot=12-12, slots=1]; LP#28: 5 -> 9 -> 6 -> 3 -> 7 -> 8 -> 1 [slot=10-10, slots=1]; LP#29: 5 -> 9 -> 6 -> 3 -> 7 -> 8 -> 1 [slot=13-13, slots=1] | IP 0->3 maps OPT 1->9: LP#54: 1 -> 8 -> 7 -> 2 -> 6 -> 9 [slot=14-14, slots=1]; LP#55: 1 -> 8 -> 4 -> 2 -> 6 -> 9 [slot=10-10, slots=1]; LP#56: 1 -> 5 -> 7 -> 2 -> 6 -> 9 [slot=13-13, slots=1]; LP#57: 1 -> 6 -> 2 -> 7 -> 5 -> 9 [slot=19-19, slots=1] | IP 3->2 maps OPT 9->4: LP#62: 9 -> 5 -> 1 -> 8 -> 4 [slot=13-13, slots=1]; LP#63: 9 -> 6 -> 2 -> 7 -> 8 -> 4 [slot=16-16, slots=1]; LP#64: 9 -> 5 -> 7 -> 8 -> 4 [slot=17-17, slots=1]"
30,30042,initial,d13,50,0,3,1,9,0 -> 4 -> 3,1 -> 6 -> 9,"IP 0->4 maps OPT 1->6: LP#30: 1 -> 5 -> 7 -> 2 -> 6 [slot=6-6, slots=1]; LP#31: 1 -> 8 -> 4 -> 2 -> 6 [slot=7-7, slots=1]; LP#32: 1 -> 8 -> 4 -> 2 -> 6 [slot=8-8, slots=1]; LP#33: 1 -> 8 -> 7 -> 5 -> 9 -> 6 [slot=11-11, slots=1] | IP 4->3 maps OPT 6->9: LP#34: 6 -> 2 -> 7 -> 8 -> 1 -> 5 -> 9 [slot=14-14, slots=1]; LP#35: 6 -> 1 -> 5 -> 9 [slot=2-2, slots=1]"
30,30042,initial,d14,53,2,5,4,5,2 -> 3 -> 4 -> 5,4 -> 9 -> 6 -> 5,"IP 2->3 maps OPT 4->9: LP#65: 4 -> 2 -> 7 -> 8 -> 1 -> 5 -> 9 [slot=20-20, slots=1]; LP#66: 4 -> 2 -> 7 -> 3 -> 6 -> 9 [slot=11-11, slots=1]; LP#67: 4 -> 8 -> 7 -> 2 -> 6 -> 9 [slot=20-20, slots=1]; LP#68: 4 -> 2 -> 7 -> 5 -> 9 [slot=17-17, slots=1]; LP#69: 4 -> 2 -> 7 -> 3 -> 6 -> 9 [slot=18-18, slots=1] | IP 3->4 maps OPT 9->6: LP#36: 9 -> 5 -> 7 -> 3 -> 6 [slot=3-3, slots=1]; LP#37: 9 -> 6 [slot=0-0, slots=1]; LP#38: 9 -> 5 -> 1 -> 8 -> 4 -> 2 -> 6 [slot=9-9, slots=1]; LP#39: 9 -> 5 -> 7 -> 2 -> 4 -> 8 -> 1 -> 6 [slot=15-15, slots=1]; LP#40: 9 -> 5 -> 7 -> 3 -> 6 [slot=4-4, slots=1]; LP#41: 9 -> 6 [slot=1-1, slots=1]; LP#42: 9 -> 5 -> 7 -> 2 -> 4 -> 8 -> 1 -> 6 [slot=16-16, slots=1] | IP 4->5 maps OPT 6->5: LP#43: 6 -> 2 -> 4 -> 8 -> 7 -> 5 [slot=13-13, slots=1]; LP#44: 6 -> 2 -> 7 -> 5 [slot=5-5, slots=1]; LP#45: 6 -> 2 -> 7 -> 5 [slot=7-7, slots=1]; LP#46: 6 -> 9 -> 5 [slot=5-5, slots=1]; LP#47: 6 -> 2 -> 4 -> 8 -> 1 -> 5 [slot=17-17, slots=1]; LP#48: 6 -> 1 -> 8 -> 4 -> 2 -> 7 -> 5 [slot=4-4, slots=1]; LP#49: 6 -> 3 -> 7 -> 8 -> 1 -> 5 [slot=4-4, slots=1]; LP#50: 6 -> 1 -> 8 -> 7 -> 5 [slot=6-6, slots=1]"
30,30042,initial,d15,40,5,1,5,0,5 -> 1,5 -> 0,"IP 5->1 maps OPT 5->0: LP#10: 5 -> 9 -> 6 -> 2 -> 4 -> 0 [slot=4-4, slots=1]; LP#11: 5 -> 1 -> 8 -> 7 -> 2 -> 4 -> 0 [slot=3-3, slots=1]; LP#12: 5 -> 1 -> 6 -> 3 -> 7 -> 8 -> 4 -> 0 [slot=5-5, slots=1]; LP#13: 5 -> 9 -> 6 -> 2 -> 4 -> 0 [slot=6-6, slots=1]; LP#14: 5 -> 7 -> 8 -> 4 -> 0 [slot=0-0, slots=1]; LP#15: 5 -> 7 -> 8 -> 4 -> 0 [slot=1-1, slots=1]; LP#16: 5 -> 1 -> 6 -> 3 -> 7 -> 2 -> 4 -> 0 [slot=7-7, slots=1]"
30,30042,initial,d16,86,3,1,9,0,3 -> 4 -> 5 -> 1,9 -> 6 -> 5 -> 0,"IP 3->4 maps OPT 9->6: LP#36: 9 -> 5 -> 7 -> 3 -> 6 [slot=3-3, slots=1]; LP#37: 9 -> 6 [slot=0-0, slots=1]; LP#38: 9 -> 5 -> 1 -> 8 -> 4 -> 2 -> 6 [slot=9-9, slots=1]; LP#39: 9 -> 5 -> 7 -> 2 -> 4 -> 8 -> 1 -> 6 [slot=15-15, slots=1]; LP#40: 9 -> 5 -> 7 -> 3 -> 6 [slot=4-4, slots=1]; LP#41: 9 -> 6 [slot=1-1, slots=1]; LP#42: 9 -> 5 -> 7 -> 2 -> 4 -> 8 -> 1 -> 6 [slot=16-16, slots=1] | IP 4->5 maps OPT 6->5: LP#43: 6 -> 2 -> 4 -> 8 -> 7 -> 5 [slot=13-13, slots=1]; LP#44: 6 -> 2 -> 7 -> 5 [slot=5-5, slots=1]; LP#45: 6 -> 2 -> 7 -> 5 [slot=7-7, slots=1]; LP#46: 6 -> 9 -> 5 [slot=5-5, slots=1]; LP#47: 6 -> 2 -> 4 -> 8 -> 1 -> 5 [slot=17-17, slots=1]; LP#48: 6 -> 1 -> 8 -> 4 -> 2 -> 7 -> 5 [slot=4-4, slots=1]; LP#49: 6 -> 3 -> 7 -> 8 -> 1 -> 5 [slot=4-4, slots=1]; LP#50: 6 -> 1 -> 8 -> 7 -> 5 [slot=6-6, slots=1] | IP 5->1 maps OPT 5->0: LP#10: 5 -> 9 -> 6 -> 2 -> 4 -> 0 [slot=4-4, slots=1]; LP#11: 5 -> 1 -> 8 -> 7 -> 2 -> 4 -> 0 [slot=3-3, slots=1]; LP#12: 5 -> 1 -> 6 -> 3 -> 7 -> 8 -> 4 -> 0 [slot=5-5, slots=1]; LP#13: 5 -> 9 -> 6 -> 2 -> 4 -> 0 [slot=6-6, slots=1]; LP#14: 5 -> 7 -> 8 -> 4 -> 0 [slot=0-0, slots=1]; LP#15: 5 -> 7 -> 8 -> 4 -> 0 [slot=1-1, slots=1]; LP#16: 5 -> 1 -> 6 -> 3 -> 7 -> 2 -> 4 -> 0 [slot=7-7, slots=1]"
30,30042,initial,d17,33,0,3,1,9,0 -> 5 -> 1 -> 3,1 -> 5 -> 0 -> 9,"IP 0->5 maps OPT 1->5: LP#6: 1 -> 8 -> 7 -> 5 [slot=0-0, slots=1]; LP#7: 1 -> 6 -> 3 -> 7 -> 5 [slot=2-2, slots=1]; LP#8: 1 -> 8 -> 7 -> 2 -> 6 -> 9 -> 5 [slot=2-2, slots=1]; LP#9: 1 -> 5 [slot=0-0, slots=1] | IP 5->1 maps OPT 5->0: LP#10: 5 -> 9 -> 6 -> 2 -> 4 -> 0 [slot=4-4, slots=1]; LP#11: 5 -> 1 -> 8 -> 7 -> 2 -> 4 -> 0 [slot=3-3, slots=1]; LP#12: 5 -> 1 -> 6 -> 3 -> 7 -> 8 -> 4 -> 0 [slot=5-5, slots=1]; LP#13: 5 -> 9 -> 6 -> 2 -> 4 -> 0 [slot=6-6, slots=1]; LP#14: 5 -> 7 -> 8 -> 4 -> 0 [slot=0-0, slots=1]; LP#15: 5 -> 7 -> 8 -> 4 -> 0 [slot=1-1, slots=1]; LP#16: 5 -> 1 -> 6 -> 3 -> 7 -> 2 -> 4 -> 0 [slot=7-7, slots=1] | IP 1->3 maps OPT 0->9: LP#17: 0 -> 4 -> 8 -> 1 -> 5 -> 9 [slot=5-5, slots=1]; LP#18: 0 -> 4 -> 8 -> 7 -> 2 -> 6 -> 9 [slot=4-4, slots=1]; LP#19: 0 -> 4 -> 2 -> 7 -> 5 -> 9 [slot=1-1, slots=1]; LP#20: 0 -> 4 -> 8 -> 1 -> 5 -> 9 [slot=7-7, slots=1]; LP#21: 0 -> 4 -> 2 -> 7 -> 3 -> 6 -> 9 [slot=6-6, slots=1]"
30,30042,initial,d18,94,0,4,1,6,0 -> 3 -> 1 -> 5 -> 4,1 -> 9 -> 0 -> 5 -> 6,"IP 0->3 maps OPT 1->9: LP#54: 1 -> 8 -> 7 -> 2 -> 6 -> 9 [slot=14-14, slots=1]; LP#55: 1 -> 8 -> 4 -> 2 -> 6 -> 9 [slot=10-10, slots=1]; LP#56: 1 -> 5 -> 7 -> 2 -> 6 -> 9 [slot=13-13, slots=1]; LP#57: 1 -> 6 -> 2 -> 7 -> 5 -> 9 [slot=19-19, slots=1] | IP 3->1 maps OPT 9->0: LP#58: 9 -> 5 -> 1 -> 8 -> 7 -> 2 -> 4 -> 0 [slot=19-19, slots=1]; LP#59: 9 -> 6 -> 3 -> 7 -> 2 -> 4 -> 0 [slot=8-8, slots=1]; LP#60: 9 -> 5 -> 7 -> 2 -> 4 -> 0 [slot=10-10, slots=1]; LP#61: 9 -> 6 -> 2 -> 7 -> 8 -> 4 -> 0 [slot=15-15, slots=1] | IP 1->5 maps OPT 0->5: LP#22: 0 -> 4 -> 8 -> 1 -> 6 -> 2 -> 7 -> 5 [slot=8-8, slots=1]; LP#23: 0 -> 4 -> 2 -> 6 -> 1 -> 5 [slot=3-3, slots=1]; LP#24: 0 -> 4 -> 8 -> 1 -> 6 -> 2 -> 7 -> 5 [slot=9-9, slots=1]; LP#25: 0 -> 4 -> 8 -> 7 -> 3 -> 6 -> 1 -> 5 [slot=10-10, slots=1] | IP 5->4 maps OPT 5->6: LP#70: 5 -> 7 -> 3 -> 6 [slot=2-2, slots=1]; LP#71: 5 -> 7 -> 8 -> 4 -> 2 -> 6 [slot=19-19, slots=1]"
30,30042,initial,d19,65,3,2,9,4,3 -> 2,9 -> 4,"IP 3->2 maps OPT 9->4: LP#62: 9 -> 5 -> 1 -> 8 -> 4 [slot=13-13, slots=1]; LP#63: 9 -> 6 -> 2 -> 7 -> 8 -> 4 [slot=16-16, slots=1]; LP#64: 9 -> 5 -> 7 -> 8 -> 4 [slot=17-17, slots=1]"
30,30042,initial,d20,43,2,5,4,5,2 -> 3 -> 0 -> 5,4 -> 9 -> 1 -> 5,"IP 2->3 maps OPT 4->9: LP#65: 4 -> 2 -> 7 -> 8 -> 1 -> 5 -> 9 [slot=20-20, slots=1]; LP#66: 4 -> 2 -> 7 -> 3 -> 6 -> 9 [slot=11-11, slots=1]; LP#67: 4 -> 8 -> 7 -> 2 -> 6 -> 9 [slot=20-20, slots=1]; LP#68: 4 -> 2 -> 7 -> 5 -> 9 [slot=17-17, slots=1]; LP#69: 4 -> 2 -> 7 -> 3 -> 6 -> 9 [slot=18-18, slots=1] | IP 3->0 maps OPT 9->1: LP#51: 9 -> 6 -> 2 -> 7 -> 5 -> 1 [slot=12-12, slots=1]; LP#52: 9 -> 6 -> 2 -> 4 -> 8 -> 1 [slot=18-18, slots=1]; LP#53: 9 -> 5 -> 1 [slot=6-6, slots=1] | IP 0->5 maps OPT 1->5: LP#6: 1 -> 8 -> 7 -> 5 [slot=0-0, slots=1]; LP#7: 1 -> 6 -> 3 -> 7 -> 5 [slot=2-2, slots=1]; LP#8: 1 -> 8 -> 7 -> 2 -> 6 -> 9 -> 5 [slot=2-2, slots=1]; LP#9: 1 -> 5 [slot=0-0, slots=1]"
30,30042,initial,d21,64,2,0,4,1,2 -> 3 -> 4 -> 0,4 -> 9 -> 6 -> 1,"IP 2->3 maps OPT 4->9: LP#65: 4 -> 2 -> 7 -> 8 -> 1 -> 5 -> 9 [slot=20-20, slots=1]; LP#66: 4 -> 2 -> 7 -> 3 -> 6 -> 9 [slot=11-11, slots=1]; LP#67: 4 -> 8 -> 7 -> 2 -> 6 -> 9 [slot=20-20, slots=1]; LP#68: 4 -> 2 -> 7 -> 5 -> 9 [slot=17-17, slots=1]; LP#69: 4 -> 2 -> 7 -> 3 -> 6 -> 9 [slot=18-18, slots=1] | IP 3->4 maps OPT 9->6: LP#36: 9 -> 5 -> 7 -> 3 -> 6 [slot=3-3, slots=1]; LP#37: 9 -> 6 [slot=0-0, slots=1]; LP#38: 9 -> 5 -> 1 -> 8 -> 4 -> 2 -> 6 [slot=9-9, slots=1]; LP#39: 9 -> 5 -> 7 -> 2 -> 4 -> 8 -> 1 -> 6 [slot=15-15, slots=1]; LP#40: 9 -> 5 -> 7 -> 3 -> 6 [slot=4-4, slots=1]; LP#41: 9 -> 6 [slot=1-1, slots=1]; LP#42: 9 -> 5 -> 7 -> 2 -> 4 -> 8 -> 1 -> 6 [slot=16-16, slots=1] | IP 4->0 maps OPT 6->1: LP#0: 6 -> 3 -> 7 -> 2 -> 4 -> 8 -> 1 [slot=0-0, slots=1]; LP#1: 6 -> 3 -> 7 -> 2 -> 4 -> 8 -> 1 [slot=1-1, slots=1]; LP#2: 6 -> 9 -> 5 -> 1 [slot=0-0, slots=1]; LP#3: 6 -> 9 -> 5 -> 1 [slot=1-1, slots=1]; LP#4: 6 -> 2 -> 7 -> 8 -> 1 [slot=2-2, slots=1]; LP#5: 6 -> 2 -> 7 -> 8 -> 1 [slot=3-3, slots=1]"
30,30042,initial,d22,32,0,4,1,6,0 -> 4,1 -> 6,"IP 0->4 maps OPT 1->6: LP#30: 1 -> 5 -> 7 -> 2 -> 6 [slot=6-6, slots=1]; LP#31: 1 -> 8 -> 4 -> 2 -> 6 [slot=7-7, slots=1]; LP#32: 1 -> 8 -> 4 -> 2 -> 6 [slot=8-8, slots=1]; LP#33: 1 -> 8 -> 7 -> 5 -> 9 -> 6 [slot=11-11, slots=1]"
30,30042,initial,d23,63,1,0,0,1,1 -> 3 -> 4 -> 0,0 -> 9 -> 6 -> 1,"IP 1->3 maps OPT 0->9: LP#17: 0 -> 4 -> 8 -> 1 -> 5 -> 9 [slot=5-5, slots=1]; LP#18: 0 -> 4 -> 8 -> 7 -> 2 -> 6 -> 9 [slot=4-4, slots=1]; LP#19: 0 -> 4 -> 2 -> 7 -> 5 -> 9 [slot=1-1, slots=1]; LP#20: 0 -> 4 -> 8 -> 1 -> 5 -> 9 [slot=7-7, slots=1]; LP#21: 0 -> 4 -> 2 -> 7 -> 3 -> 6 -> 9 [slot=6-6, slots=1] | IP 3->4 maps OPT 9->6: LP#36: 9 -> 5 -> 7 -> 3 -> 6 [slot=3-3, slots=1]; LP#37: 9 -> 6 [slot=0-0, slots=1]; LP#38: 9 -> 5 -> 1 -> 8 -> 4 -> 2 -> 6 [slot=9-9, slots=1]; LP#39: 9 -> 5 -> 7 -> 2 -> 4 -> 8 -> 1 -> 6 [slot=15-15, slots=1]; LP#40: 9 -> 5 -> 7 -> 3 -> 6 [slot=4-4, slots=1]; LP#41: 9 -> 6 [slot=1-1, slots=1]; LP#42: 9 -> 5 -> 7 -> 2 -> 4 -> 8 -> 1 -> 6 [slot=16-16, slots=1] | IP 4->0 maps OPT 6->1: LP#0: 6 -> 3 -> 7 -> 2 -> 4 -> 8 -> 1 [slot=0-0, slots=1]; LP#1: 6 -> 3 -> 7 -> 2 -> 4 -> 8 -> 1 [slot=1-1, slots=1]; LP#2: 6 -> 9 -> 5 -> 1 [slot=0-0, slots=1]; LP#3: 6 -> 9 -> 5 -> 1 [slot=1-1, slots=1]; LP#4: 6 -> 2 -> 7 -> 8 -> 1 [slot=2-2, slots=1]; LP#5: 6 -> 2 -> 7 -> 8 -> 1 [slot=3-3, slots=1]"
30,30042,initial,d24,72,4,2,6,4,4 -> 0 -> 5 -> 1 -> 3 -> 2,6 -> 1 -> 5 -> 0 -> 9 -> 4,"IP 4->0 maps OPT 6->1: LP#0: 6 -> 3 -> 7 -> 2 -> 4 -> 8 -> 1 [slot=0-0, slots=1]; LP#1: 6 -> 3 -> 7 -> 2 -> 4 -> 8 -> 1 [slot=1-1, slots=1]; LP#2: 6 -> 9 -> 5 -> 1 [slot=0-0, slots=1]; LP#3: 6 -> 9 -> 5 -> 1 [slot=1-1, slots=1]; LP#4: 6 -> 2 -> 7 -> 8 -> 1 [slot=2-2, slots=1]; LP#5: 6 -> 2 -> 7 -> 8 -> 1 [slot=3-3, slots=1] | IP 0->5 maps OPT 1->5: LP#6: 1 -> 8 -> 7 -> 5 [slot=0-0, slots=1]; LP#7: 1 -> 6 -> 3 -> 7 -> 5 [slot=2-2, slots=1]; LP#8: 1 -> 8 -> 7 -> 2 -> 6 -> 9 -> 5 [slot=2-2, slots=1]; LP#9: 1 -> 5 [slot=0-0, slots=1] | IP 5->1 maps OPT 5->0: LP#10: 5 -> 9 -> 6 -> 2 -> 4 -> 0 [slot=4-4, slots=1]; LP#11: 5 -> 1 -> 8 -> 7 -> 2 -> 4 -> 0 [slot=3-3, slots=1]; LP#12: 5 -> 1 -> 6 -> 3 -> 7 -> 8 -> 4 -> 0 [slot=5-5, slots=1]; LP#13: 5 -> 9 -> 6 -> 2 -> 4 -> 0 [slot=6-6, slots=1]; LP#14: 5 -> 7 -> 8 -> 4 -> 0 [slot=0-0, slots=1]; LP#15: 5 -> 7 -> 8 -> 4 -> 0 [slot=1-1, slots=1]; LP#16: 5 -> 1 -> 6 -> 3 -> 7 -> 2 -> 4 -> 0 [slot=7-7, slots=1] | IP 1->3 maps OPT 0->9: LP#17: 0 -> 4 -> 8 -> 1 -> 5 -> 9 [slot=5-5, slots=1]; LP#18: 0 -> 4 -> 8 -> 7 -> 2 -> 6 -> 9 [slot=4-4, slots=1]; LP#19: 0 -> 4 -> 2 -> 7 -> 5 -> 9 [slot=1-1, slots=1]; LP#20: 0 -> 4 -> 8 -> 1 -> 5 -> 9 [slot=7-7, slots=1]; LP#21: 0 -> 4 -> 2 -> 7 -> 3 -> 6 -> 9 [slot=6-6, slots=1] | IP 3->2 maps OPT 9->4: LP#62: 9 -> 5 -> 1 -> 8 -> 4 [slot=13-13, slots=1]; LP#63: 9 -> 6 -> 2 -> 7 -> 8 -> 4 [slot=16-16, slots=1]; LP#64: 9 -> 5 -> 7 -> 8 -> 4 [slot=17-17, slots=1]"
30,30042,initial,d25,93,2,1,4,0,2 -> 3 -> 1,4 -> 9 -> 0,"IP 2->3 maps OPT 4->9: LP#65: 4 -> 2 -> 7 -> 8 -> 1 -> 5 -> 9 [slot=20-20, slots=1]; LP#66: 4 -> 2 -> 7 -> 3 -> 6 -> 9 [slot=11-11, slots=1]; LP#67: 4 -> 8 -> 7 -> 2 -> 6 -> 9 [slot=20-20, slots=1]; LP#68: 4 -> 2 -> 7 -> 5 -> 9 [slot=17-17, slots=1]; LP#69: 4 -> 2 -> 7 -> 3 -> 6 -> 9 [slot=18-18, slots=1] | IP 3->1 maps OPT 9->0: LP#58: 9 -> 5 -> 1 -> 8 -> 7 -> 2 -> 4 -> 0 [slot=19-19, slots=1]; LP#59: 9 -> 6 -> 3 -> 7 -> 2 -> 4 -> 0 [slot=8-8, slots=1]; LP#60: 9 -> 5 -> 7 -> 2 -> 4 -> 0 [slot=10-10, slots=1]; LP#61: 9 -> 6 -> 2 -> 7 -> 8 -> 4 -> 0 [slot=15-15, slots=1]"
30,30042,initial,d26,22,0,2,1,4,0 -> 4 -> 5 -> 1 -> 3 -> 2,1 -> 6 -> 5 -> 0 -> 9 -> 4,"IP 0->4 maps OPT 1->6: LP#30: 1 -> 5 -> 7 -> 2 -> 6 [slot=6-6, slots=1]; LP#31: 1 -> 8 -> 4 -> 2 -> 6 [slot=7-7, slots=1]; LP#32: 1 -> 8 -> 4 -> 2 -> 6 [slot=8-8, slots=1]; LP#33: 1 -> 8 -> 7 -> 5 -> 9 -> 6 [slot=11-11, slots=1] | IP 4->5 maps OPT 6->5: LP#43: 6 -> 2 -> 4 -> 8 -> 7 -> 5 [slot=13-13, slots=1]; LP#44: 6 -> 2 -> 7 -> 5 [slot=5-5, slots=1]; LP#45: 6 -> 2 -> 7 -> 5 [slot=7-7, slots=1]; LP#46: 6 -> 9 -> 5 [slot=5-5, slots=1]; LP#47: 6 -> 2 -> 4 -> 8 -> 1 -> 5 [slot=17-17, slots=1]; LP#48: 6 -> 1 -> 8 -> 4 -> 2 -> 7 -> 5 [slot=4-4, slots=1]; LP#49: 6 -> 3 -> 7 -> 8 -> 1 -> 5 [slot=4-4, slots=1]; LP#50: 6 -> 1 -> 8 -> 7 -> 5 [slot=6-6, slots=1] | IP 5->1 maps OPT 5->0: LP#10: 5 -> 9 -> 6 -> 2 -> 4 -> 0 [slot=4-4, slots=1]; LP#11: 5 -> 1 -> 8 -> 7 -> 2 -> 4 -> 0 [slot=3-3, slots=1]; LP#12: 5 -> 1 -> 6 -> 3 -> 7 -> 8 -> 4 -> 0 [slot=5-5, slots=1]; LP#13: 5 -> 9 -> 6 -> 2 -> 4 -> 0 [slot=6-6, slots=1]; LP#14: 5 -> 7 -> 8 -> 4 -> 0 [slot=0-0, slots=1]; LP#15: 5 -> 7 -> 8 -> 4 -> 0 [slot=1-1, slots=1]; LP#16: 5 -> 1 -> 6 -> 3 -> 7 -> 2 -> 4 -> 0 [slot=7-7, slots=1] | IP 1->3 maps OPT 0->9: LP#17: 0 -> 4 -> 8 -> 1 -> 5 -> 9 [slot=5-5, slots=1]; LP#18: 0 -> 4 -> 8 -> 7 -> 2 -> 6 -> 9 [slot=4-4, slots=1]; LP#19: 0 -> 4 -> 2 -> 7 -> 5 -> 9 [slot=1-1, slots=1]; LP#20: 0 -> 4 -> 8 -> 1 -> 5 -> 9 [slot=7-7, slots=1]; LP#21: 0 -> 4 -> 2 -> 7 -> 3 -> 6 -> 9 [slot=6-6, slots=1] | IP 3->2 maps OPT 9->4: LP#62: 9 -> 5 -> 1 -> 8 -> 4 [slot=13-13, slots=1]; LP#63: 9 -> 6 -> 2 -> 7 -> 8 -> 4 [slot=16-16, slots=1]; LP#64: 9 -> 5 -> 7 -> 8 -> 4 [slot=17-17, slots=1]"
30,30042,initial,d27,88,2,5,4,5,2 -> 3 -> 0 -> 4 -> 5,4 -> 9 -> 1 -> 6 -> 5,"IP 2->3 maps OPT 4->9: LP#65: 4 -> 2 -> 7 -> 8 -> 1 -> 5 -> 9 [slot=20-20, slots=1]; LP#66: 4 -> 2 -> 7 -> 3 -> 6 -> 9 [slot=11-11, slots=1]; LP#67: 4 -> 8 -> 7 -> 2 -> 6 -> 9 [slot=20-20, slots=1]; LP#68: 4 -> 2 -> 7 -> 5 -> 9 [slot=17-17, slots=1]; LP#69: 4 -> 2 -> 7 -> 3 -> 6 -> 9 [slot=18-18, slots=1] | IP 3->0 maps OPT 9->1: LP#51: 9 -> 6 -> 2 -> 7 -> 5 -> 1 [slot=12-12, slots=1]; LP#52: 9 -> 6 -> 2 -> 4 -> 8 -> 1 [slot=18-18, slots=1]; LP#53: 9 -> 5 -> 1 [slot=6-6, slots=1] | IP 0->4 maps OPT 1->6: LP#30: 1 -> 5 -> 7 -> 2 -> 6 [slot=6-6, slots=1]; LP#31: 1 -> 8 -> 4 -> 2 -> 6 [slot=7-7, slots=1]; LP#32: 1 -> 8 -> 4 -> 2 -> 6 [slot=8-8, slots=1]; LP#33: 1 -> 8 -> 7 -> 5 -> 9 -> 6 [slot=11-11, slots=1] | IP 4->5 maps OPT 6->5: LP#43: 6 -> 2 -> 4 -> 8 -> 7 -> 5 [slot=13-13, slots=1]; LP#44: 6 -> 2 -> 7 -> 5 [slot=5-5, slots=1]; LP#45: 6 -> 2 -> 7 -> 5 [slot=7-7, slots=1]; LP#46: 6 -> 9 -> 5 [slot=5-5, slots=1]; LP#47: 6 -> 2 -> 4 -> 8 -> 1 -> 5 [slot=17-17, slots=1]; LP#48: 6 -> 1 -> 8 -> 4 -> 2 -> 7 -> 5 [slot=4-4, slots=1]; LP#49: 6 -> 3 -> 7 -> 8 -> 1 -> 5 [slot=4-4, slots=1]; LP#50: 6 -> 1 -> 8 -> 7 -> 5 [slot=6-6, slots=1]"
30,30042,initial,d28,40,0,5,1,5,0 -> 3 -> 4 -> 5,1 -> 9 -> 6 -> 5,"IP 0->3 maps OPT 1->9: LP#54: 1 -> 8 -> 7 -> 2 -> 6 -> 9 [slot=14-14, slots=1]; LP#55: 1 -> 8 -> 4 -> 2 -> 6 -> 9 [slot=10-10, slots=1]; LP#56: 1 -> 5 -> 7 -> 2 -> 6 -> 9 [slot=13-13, slots=1]; LP#57: 1 -> 6 -> 2 -> 7 -> 5 -> 9 [slot=19-19, slots=1] | IP 3->4 maps OPT 9->6: LP#36: 9 -> 5 -> 7 -> 3 -> 6 [slot=3-3, slots=1]; LP#37: 9 -> 6 [slot=0-0, slots=1]; LP#38: 9 -> 5 -> 1 -> 8 -> 4 -> 2 -> 6 [slot=9-9, slots=1]; LP#39: 9 -> 5 -> 7 -> 2 -> 4 -> 8 -> 1 -> 6 [slot=15-15, slots=1]; LP#40: 9 -> 5 -> 7 -> 3 -> 6 [slot=4-4, slots=1]; LP#41: 9 -> 6 [slot=1-1, slots=1]; LP#42: 9 -> 5 -> 7 -> 2 -> 4 -> 8 -> 1 -> 6 [slot=16-16, slots=1] | IP 4->5 maps OPT 6->5: LP#43: 6 -> 2 -> 4 -> 8 -> 7 -> 5 [slot=13-13, slots=1]; LP#44: 6 -> 2 -> 7 -> 5 [slot=5-5, slots=1]; LP#45: 6 -> 2 -> 7 -> 5 [slot=7-7, slots=1]; LP#46: 6 -> 9 -> 5 [slot=5-5, slots=1]; LP#47: 6 -> 2 -> 4 -> 8 -> 1 -> 5 [slot=17-17, slots=1]; LP#48: 6 -> 1 -> 8 -> 4 -> 2 -> 7 -> 5 [slot=4-4, slots=1]; LP#49: 6 -> 3 -> 7 -> 8 -> 1 -> 5 [slot=4-4, slots=1]; LP#50: 6 -> 1 -> 8 -> 7 -> 5 [slot=6-6, slots=1]"
30,30042,initial,d29,23,4,0,6,1,4 -> 0,6 -> 1,"IP 4->0 maps OPT 6->1: LP#0: 6 -> 3 -> 7 -> 2 -> 4 -> 8 -> 1 [slot=0-0, slots=1]; LP#1: 6 -> 3 -> 7 -> 2 -> 4 -> 8 -> 1 [slot=1-1, slots=1]; LP#2: 6 -> 9 -> 5 -> 1 [slot=0-0, slots=1]; LP#3: 6 -> 9 -> 5 -> 1 [slot=1-1, slots=1]; LP#4: 6 -> 2 -> 7 -> 8 -> 1 [slot=2-2, slots=1]; LP#5: 6 -> 2 -> 7 -> 8 -> 1 [slot=3-3, slots=1]"
30,30042,best,d0,96,4,3,6,9,4 -> 5 -> 1 -> 3,6 -> 5 -> 0 -> 9,"IP 4->5 maps OPT 6->5: LP#754: 6 -> 2 -> 7 -> 5 [slot=5-5, slots=1]; LP#843: 6 -> 2 -> 4 -> 8 -> 7 -> 5 [slot=13-13, slots=1]; LP#918: 6 -> 9 -> 5 [slot=5-5, slots=1]; LP#939: 6 -> 3 -> 7 -> 8 -> 1 -> 5 [slot=4-4, slots=1]; LP#943: 6 -> 1 -> 8 -> 4 -> 2 -> 7 -> 5 [slot=4-4, slots=1] | IP 5->1 maps OPT 5->0: LP#867: 5 -> 9 -> 6 -> 2 -> 4 -> 0 [slot=4-4, slots=1]; LP#871: 5 -> 7 -> 8 -> 4 -> 0 [slot=1-1, slots=1]; LP#915: 5 -> 1 -> 6 -> 3 -> 7 -> 8 -> 4 -> 0 [slot=5-5, slots=1]; LP#937: 5 -> 1 -> 6 -> 3 -> 7 -> 2 -> 4 -> 0 [slot=7-7, slots=1] | IP 1->3 maps OPT 0->9: LP#748: 0 -> 4 -> 8 -> 1 -> 5 -> 9 [slot=7-7, slots=1]; LP#806: 0 -> 4 -> 8 -> 1 -> 5 -> 9 [slot=5-5, slots=1]; LP#820: 0 -> 4 -> 8 -> 7 -> 2 -> 6 -> 9 [slot=4-4, slots=1]"
30,30042,best,d1,31,1,3,0,9,1 -> 3,0 -> 9,"IP 1->3 maps OPT 0->9: LP#748: 0 -> 4 -> 8 -> 1 -> 5 -> 9 [slot=7-7, slots=1]; LP#806: 0 -> 4 -> 8 -> 1 -> 5 -> 9 [slot=5-5, slots=1]; LP#820: 0 -> 4 -> 8 -> 7 -> 2 -> 6 -> 9 [slot=4-4, slots=1]"
30,30042,best,d2,49,3,0,9,1,3 -> 4 -> 0,9 -> 6 -> 1,"IP 3->4 maps OPT 9->6: LP#840: 9 -> 5 -> 7 -> 2 -> 4 -> 8 -> 1 -> 6 [slot=16-16, slots=1]; LP#847: 9 -> 6 [slot=1-1, slots=1]; LP#849: 9 -> 5 -> 7 -> 3 -> 6 [slot=3-3, slots=1]; LP#869: 9 -> 6 [slot=0-0, slots=1] | IP 4->0 maps OPT 6->1: LP#781: 6 -> 2 -> 7 -> 8 -> 1 [slot=3-3, slots=1]; LP#860: 6 -> 9 -> 5 -> 1 [slot=1-1, slots=1]"
30,30042,best,d3,88,3,5,9,5,3 -> 1 -> 5,9 -> 0 -> 5,"IP 3->1 maps OPT 9->0: LP#59: 9 -> 6 -> 3 -> 7 -> 2 -> 4 -> 0 [slot=8-8, slots=1]; LP#61: 9 -> 6 -> 2 -> 7 -> 8 -> 4 -> 0 [slot=15-15, slots=1]; LP#191: 9 -> 5 -> 7 -> 2 -> 4 -> 0 [slot=10-10, slots=1]; LP#940: 9 -> 5 -> 7 -> 8 -> 4 -> 0 [slot=0-0, slots=1] | IP 1->5 maps OPT 0->5: LP#22: 0 -> 4 -> 8 -> 1 -> 6 -> 2 -> 7 -> 5 [slot=8-8, slots=1]; LP#826: 0 -> 4 -> 8 -> 1 -> 6 -> 2 -> 7 -> 5 [slot=9-9, slots=1]; LP#912: 0 -> 4 -> 2 -> 6 -> 1 -> 5 [slot=3-3, slots=1]"
30,30042,best,d4,43,3,5,9,5,3 -> 0 -> 5,9 -> 1 -> 5,"IP 3->0 maps OPT 9->1: LP#567: 9 -> 6 -> 2 -> 4 -> 8 -> 1 [slot=18-18, slots=1]; LP#742: 9 -> 5 -> 1 [slot=6-6, slots=1] | IP 0->5 maps OPT 1->5: LP#331: 1 -> 8 -> 7 -> 5 [slot=0-0, slots=1]; LP#403: 1 -> 6 -> 3 -> 7 -> 5 [slot=2-2, slots=1]; LP#427: 1 -> 8 -> 7 -> 2 -> 6 -> 9 -> 5 [slot=2-2, slots=1]"
30,30042,best,d5,32,1,4,0,6,1 -> 3 -> 0 -> 4,0 -> 9 -> 1 -> 6,"IP 1->3 maps OPT 0->9: LP#748: 0 -> 4 -> 8 -> 1 -> 5 -> 9 [slot=7-7, slots=1]; LP#806: 0 -> 4 -> 8 -> 1 -> 5 -> 9 [slot=5-5, slots=1]; LP#820: 0 -> 4 -> 8 -> 7 -> 2 -> 6 -> 9 [slot=4-4, slots=1] | IP 3->0 maps OPT 9->1: LP#567: 9 -> 6 -> 2 -> 4 -> 8 -> 1 [slot=18-18, slots=1]; LP#742: 9 -> 5 -> 1 [slot=6-6, slots=1] | IP 0->4 maps OPT 1->6: LP#32: 1 -> 8 -> 4 -> 2 -> 6 [slot=8-8, slots=1]; LP#908: 1 -> 5 -> 7 -> 2 -> 6 [slot=6-6, slots=1]"
30,30042,best,d6,55,5,4,5,6,5 -> 4,5 -> 6,"IP 5->4 maps OPT 5->6: LP#618: 5 -> 7 -> 3 -> 6 [slot=2-2, slots=1]"
30,30042,best,d7,86,4,1,6,0,4 -> 5 -> 1,6 -> 5 -> 0,"IP 4->5 maps OPT 6->5: LP#754: 6 -> 2 -> 7 -> 5 [slot=5-5, slots=1]; LP#843: 6 -> 2 -> 4 -> 8 -> 7 -> 5 [slot=13-13, slots=1]; LP#918: 6 -> 9 -> 5 [slot=5-5, slots=1]; LP#939: 6 -> 3 -> 7 -> 8 -> 1 -> 5 [slot=4-4, slots=1]; LP#943: 6 -> 1 -> 8 -> 4 -> 2 -> 7 -> 5 [slot=4-4, slots=1] | IP 5->1 maps OPT 5->0: LP#867: 5 -> 9 -> 6 -> 2 -> 4 -> 0 [slot=4-4, slots=1]; LP#871: 5 -> 7 -> 8 -> 4 -> 0 [slot=1-1, slots=1]; LP#915: 5 -> 1 -> 6 -> 3 -> 7 -> 8 -> 4 -> 0 [slot=5-5, slots=1]; LP#937: 5 -> 1 -> 6 -> 3 -> 7 -> 2 -> 4 -> 0 [slot=7-7, slots=1]"
30,30042,best,d8,82,1,0,0,1,1 -> 5 -> 0,0 -> 5 -> 1,"IP 1->5 maps OPT 0->5: LP#22: 0 -> 4 -> 8 -> 1 -> 6 -> 2 -> 7 -> 5 [slot=8-8, slots=1]; LP#826: 0 -> 4 -> 8 -> 1 -> 6 -> 2 -> 7 -> 5 [slot=9-9, slots=1]; LP#912: 0 -> 4 -> 2 -> 6 -> 1 -> 5 [slot=3-3, slots=1] | IP 5->0 maps OPT 5->1: LP#787: 5 -> 9 -> 6 -> 3 -> 7 -> 8 -> 1 [slot=10-10, slots=1]; LP#942: 5 -> 7 -> 8 -> 1 [slot=11-11, slots=1]"
30,30042,best,d9,61,0,5,1,5,0 -> 5,1 -> 5,"IP 0->5 maps OPT 1->5: LP#331: 1 -> 8 -> 7 -> 5 [slot=0-0, slots=1]; LP#403: 1 -> 6 -> 3 -> 7 -> 5 [slot=2-2, slots=1]; LP#427: 1 -> 8 -> 7 -> 2 -> 6 -> 9 -> 5 [slot=2-2, slots=1]"
30,30042,best,d10,38,4,5,6,5,4 -> 0 -> 5,6 -> 1 -> 5,"IP 4->0 maps OPT 6->1: LP#781: 6 -> 2 -> 7 -> 8 -> 1 [slot=3-3, slots=1]; LP#860: 6 -> 9 -> 5 -> 1 [slot=1-1, slots=1] | IP 0->5 maps OPT 1->5: LP#331: 1 -> 8 -> 7 -> 5 [slot=0-0, slots=1]; LP#403: 1 -> 6 -> 3 -> 7 -> 5 [slot=2-2, slots=1]; LP#427: 1 -> 8 -> 7 -> 2 -> 6 -> 9 -> 5 [slot=2-2, slots=1]"
30,30042,best,d11,47,4,0,6,1,4 -> 0,6 -> 1,"IP 4->0 maps OPT 6->1: LP#781: 6 -> 2 -> 7 -> 8 -> 1 [slot=3-3, slots=1]; LP#860: 6 -> 9 -> 5 -> 1 [slot=1-1, slots=1]"
30,30042,best,d12,81,4,2,6,4,4 -> 3 -> 2,6 -> 9 -> 4,"IP 4->3 maps OPT 6->9: LP#782: 6 -> 2 -> 7 -> 8 -> 1 -> 5 -> 9 [slot=14-14, slots=1]; LP#949: 6 -> 3 -> 7 -> 5 -> 9 [slot=3-3, slots=1] | IP 3->2 maps OPT 9->4: LP#122: 9 -> 6 -> 2 -> 7 -> 8 -> 4 [slot=16-16, slots=1]; LP#834: 9 -> 5 -> 1 -> 8 -> 4 [slot=13-13, slots=1]; LP#929: 9 -> 6 -> 2 -> 4 [slot=2-2, slots=1]"
30,30042,best,d13,50,0,3,1,9,0 -> 3,1 -> 9,"IP 0->3 maps OPT 1->9: LP#198: 1 -> 8 -> 7 -> 2 -> 6 -> 9 [slot=14-14, slots=1]; LP#582: 1 -> 6 -> 2 -> 7 -> 5 -> 9 [slot=19-19, slots=1]"
30,30042,best,d14,53,2,5,4,5,2 -> 3 -> 4 -> 5,4 -> 9 -> 6 -> 5,"IP 2->3 maps OPT 4->9: LP#69: 4 -> 2 -> 7 -> 3 -> 6 -> 9 [slot=18-18, slots=1]; LP#179: 4 -> 2 -> 7 -> 3 -> 6 -> 9 [slot=11-11, slots=1]; LP#245: 4 -> 2 -> 7 -> 5 -> 9 [slot=17-17, slots=1]; LP#416: 4 -> 2 -> 7 -> 8 -> 1 -> 5 -> 9 [slot=20-20, slots=1]; LP#932: 4 -> 8 -> 7 -> 5 -> 9 [slot=1-1, slots=1] | IP 3->4 maps OPT 9->6: LP#840: 9 -> 5 -> 7 -> 2 -> 4 -> 8 -> 1 -> 6 [slot=16-16, slots=1]; LP#847: 9 -> 6 [slot=1-1, slots=1]; LP#849: 9 -> 5 -> 7 -> 3 -> 6 [slot=3-3, slots=1]; LP#869: 9 -> 6 [slot=0-0, slots=1] | IP 4->5 maps OPT 6->5: LP#754: 6 -> 2 -> 7 -> 5 [slot=5-5, slots=1]; LP#843: 6 -> 2 -> 4 -> 8 -> 7 -> 5 [slot=13-13, slots=1]; LP#918: 6 -> 9 -> 5 [slot=5-5, slots=1]; LP#939: 6 -> 3 -> 7 -> 8 -> 1 -> 5 [slot=4-4, slots=1]; LP#943: 6 -> 1 -> 8 -> 4 -> 2 -> 7 -> 5 [slot=4-4, slots=1]"
30,30042,best,d15,40,5,1,5,0,5 -> 1,5 -> 0,"IP 5->1 maps OPT 5->0: LP#867: 5 -> 9 -> 6 -> 2 -> 4 -> 0 [slot=4-4, slots=1]; LP#871: 5 -> 7 -> 8 -> 4 -> 0 [slot=1-1, slots=1]; LP#915: 5 -> 1 -> 6 -> 3 -> 7 -> 8 -> 4 -> 0 [slot=5-5, slots=1]; LP#937: 5 -> 1 -> 6 -> 3 -> 7 -> 2 -> 4 -> 0 [slot=7-7, slots=1]"
30,30042,best,d16,86,3,1,9,0,3 -> 1,9 -> 0,"IP 3->1 maps OPT 9->0: LP#59: 9 -> 6 -> 3 -> 7 -> 2 -> 4 -> 0 [slot=8-8, slots=1]; LP#61: 9 -> 6 -> 2 -> 7 -> 8 -> 4 -> 0 [slot=15-15, slots=1]; LP#191: 9 -> 5 -> 7 -> 2 -> 4 -> 0 [slot=10-10, slots=1]; LP#940: 9 -> 5 -> 7 -> 8 -> 4 -> 0 [slot=0-0, slots=1]"
30,30042,best,d17,33,0,3,1,9,0 -> 5 -> 1 -> 3,1 -> 5 -> 0 -> 9,"IP 0->5 maps OPT 1->5: LP#331: 1 -> 8 -> 7 -> 5 [slot=0-0, slots=1]; LP#403: 1 -> 6 -> 3 -> 7 -> 5 [slot=2-2, slots=1]; LP#427: 1 -> 8 -> 7 -> 2 -> 6 -> 9 -> 5 [slot=2-2, slots=1] | IP 5->1 maps OPT 5->0: LP#867: 5 -> 9 -> 6 -> 2 -> 4 -> 0 [slot=4-4, slots=1]; LP#871: 5 -> 7 -> 8 -> 4 -> 0 [slot=1-1, slots=1]; LP#915: 5 -> 1 -> 6 -> 3 -> 7 -> 8 -> 4 -> 0 [slot=5-5, slots=1]; LP#937: 5 -> 1 -> 6 -> 3 -> 7 -> 2 -> 4 -> 0 [slot=7-7, slots=1] | IP 1->3 maps OPT 0->9: LP#748: 0 -> 4 -> 8 -> 1 -> 5 -> 9 [slot=7-7, slots=1]; LP#806: 0 -> 4 -> 8 -> 1 -> 5 -> 9 [slot=5-5, slots=1]; LP#820: 0 -> 4 -> 8 -> 7 -> 2 -> 6 -> 9 [slot=4-4, slots=1]"
30,30042,best,d18,94,0,4,1,6,0 -> 4,1 -> 6,"IP 0->4 maps OPT 1->6: LP#32: 1 -> 8 -> 4 -> 2 -> 6 [slot=8-8, slots=1]; LP#908: 1 -> 5 -> 7 -> 2 -> 6 [slot=6-6, slots=1]"
30,30042,best,d19,65,3,2,9,4,3 -> 2,9 -> 4,"IP 3->2 maps OPT 9->4: LP#122: 9 -> 6 -> 2 -> 7 -> 8 -> 4 [slot=16-16, slots=1]; LP#834: 9 -> 5 -> 1 -> 8 -> 4 [slot=13-13, slots=1]; LP#929: 9 -> 6 -> 2 -> 4 [slot=2-2, slots=1]"
30,30042,best,d20,43,2,5,4,5,2 -> 3 -> 4 -> 5,4 -> 9 -> 6 -> 5,"IP 2->3 maps OPT 4->9: LP#69: 4 -> 2 -> 7 -> 3 -> 6 -> 9 [slot=18-18, slots=1]; LP#179: 4 -> 2 -> 7 -> 3 -> 6 -> 9 [slot=11-11, slots=1]; LP#245: 4 -> 2 -> 7 -> 5 -> 9 [slot=17-17, slots=1]; LP#416: 4 -> 2 -> 7 -> 8 -> 1 -> 5 -> 9 [slot=20-20, slots=1]; LP#932: 4 -> 8 -> 7 -> 5 -> 9 [slot=1-1, slots=1] | IP 3->4 maps OPT 9->6: LP#840: 9 -> 5 -> 7 -> 2 -> 4 -> 8 -> 1 -> 6 [slot=16-16, slots=1]; LP#847: 9 -> 6 [slot=1-1, slots=1]; LP#849: 9 -> 5 -> 7 -> 3 -> 6 [slot=3-3, slots=1]; LP#869: 9 -> 6 [slot=0-0, slots=1] | IP 4->5 maps OPT 6->5: LP#754: 6 -> 2 -> 7 -> 5 [slot=5-5, slots=1]; LP#843: 6 -> 2 -> 4 -> 8 -> 7 -> 5 [slot=13-13, slots=1]; LP#918: 6 -> 9 -> 5 [slot=5-5, slots=1]; LP#939: 6 -> 3 -> 7 -> 8 -> 1 -> 5 [slot=4-4, slots=1]; LP#943: 6 -> 1 -> 8 -> 4 -> 2 -> 7 -> 5 [slot=4-4, slots=1]"
30,30042,best,d21,64,2,0,4,1,2 -> 3 -> 0,4 -> 9 -> 1,"IP 2->3 maps OPT 4->9: LP#69: 4 -> 2 -> 7 -> 3 -> 6 -> 9 [slot=18-18, slots=1]; LP#179: 4 -> 2 -> 7 -> 3 -> 6 -> 9 [slot=11-11, slots=1]; LP#245: 4 -> 2 -> 7 -> 5 -> 9 [slot=17-17, slots=1]; LP#416: 4 -> 2 -> 7 -> 8 -> 1 -> 5 -> 9 [slot=20-20, slots=1]; LP#932: 4 -> 8 -> 7 -> 5 -> 9 [slot=1-1, slots=1] | IP 3->0 maps OPT 9->1: LP#567: 9 -> 6 -> 2 -> 4 -> 8 -> 1 [slot=18-18, slots=1]; LP#742: 9 -> 5 -> 1 [slot=6-6, slots=1]"
30,30042,best,d22,32,0,4,1,6,0 -> 3 -> 4,1 -> 9 -> 6,"IP 0->3 maps OPT 1->9: LP#198: 1 -> 8 -> 7 -> 2 -> 6 -> 9 [slot=14-14, slots=1]; LP#582: 1 -> 6 -> 2 -> 7 -> 5 -> 9 [slot=19-19, slots=1] | IP 3->4 maps OPT 9->6: LP#840: 9 -> 5 -> 7 -> 2 -> 4 -> 8 -> 1 -> 6 [slot=16-16, slots=1]; LP#847: 9 -> 6 [slot=1-1, slots=1]; LP#849: 9 -> 5 -> 7 -> 3 -> 6 [slot=3-3, slots=1]; LP#869: 9 -> 6 [slot=0-0, slots=1]"
30,30042,best,d23,63,1,0,0,1,1 -> 5 -> 0,0 -> 5 -> 1,"IP 1->5 maps OPT 0->5: LP#22: 0 -> 4 -> 8 -> 1 -> 6 -> 2 -> 7 -> 5 [slot=8-8, slots=1]; LP#826: 0 -> 4 -> 8 -> 1 -> 6 -> 2 -> 7 -> 5 [slot=9-9, slots=1]; LP#912: 0 -> 4 -> 2 -> 6 -> 1 -> 5 [slot=3-3, slots=1] | IP 5->0 maps OPT 5->1: LP#787: 5 -> 9 -> 6 -> 3 -> 7 -> 8 -> 1 [slot=10-10, slots=1]; LP#942: 5 -> 7 -> 8 -> 1 [slot=11-11, slots=1]"
30,30042,best,d24,72,4,2,6,4,4 -> 3 -> 2,6 -> 9 -> 4,"IP 4->3 maps OPT 6->9: LP#782: 6 -> 2 -> 7 -> 8 -> 1 -> 5 -> 9 [slot=14-14, slots=1]; LP#949: 6 -> 3 -> 7 -> 5 -> 9 [slot=3-3, slots=1] | IP 3->2 maps OPT 9->4: LP#122: 9 -> 6 -> 2 -> 7 -> 8 -> 4 [slot=16-16, slots=1]; LP#834: 9 -> 5 -> 1 -> 8 -> 4 [slot=13-13, slots=1]; LP#929: 9 -> 6 -> 2 -> 4 [slot=2-2, slots=1]"
30,30042,best,d25,93,2,1,4,0,2 -> 3 -> 1,4 -> 9 -> 0,"IP 2->3 maps OPT 4->9: LP#69: 4 -> 2 -> 7 -> 3 -> 6 -> 9 [slot=18-18, slots=1]; LP#179: 4 -> 2 -> 7 -> 3 -> 6 -> 9 [slot=11-11, slots=1]; LP#245: 4 -> 2 -> 7 -> 5 -> 9 [slot=17-17, slots=1]; LP#416: 4 -> 2 -> 7 -> 8 -> 1 -> 5 -> 9 [slot=20-20, slots=1]; LP#932: 4 -> 8 -> 7 -> 5 -> 9 [slot=1-1, slots=1] | IP 3->1 maps OPT 9->0: LP#59: 9 -> 6 -> 3 -> 7 -> 2 -> 4 -> 0 [slot=8-8, slots=1]; LP#61: 9 -> 6 -> 2 -> 7 -> 8 -> 4 -> 0 [slot=15-15, slots=1]; LP#191: 9 -> 5 -> 7 -> 2 -> 4 -> 0 [slot=10-10, slots=1]; LP#940: 9 -> 5 -> 7 -> 8 -> 4 -> 0 [slot=0-0, slots=1]"
30,30042,best,d26,22,0,2,1,4,0 -> 5 -> 1 -> 3 -> 2,1 -> 5 -> 0 -> 9 -> 4,"IP 0->5 maps OPT 1->5: LP#331: 1 -> 8 -> 7 -> 5 [slot=0-0, slots=1]; LP#403: 1 -> 6 -> 3 -> 7 -> 5 [slot=2-2, slots=1]; LP#427: 1 -> 8 -> 7 -> 2 -> 6 -> 9 -> 5 [slot=2-2, slots=1] | IP 5->1 maps OPT 5->0: LP#867: 5 -> 9 -> 6 -> 2 -> 4 -> 0 [slot=4-4, slots=1]; LP#871: 5 -> 7 -> 8 -> 4 -> 0 [slot=1-1, slots=1]; LP#915: 5 -> 1 -> 6 -> 3 -> 7 -> 8 -> 4 -> 0 [slot=5-5, slots=1]; LP#937: 5 -> 1 -> 6 -> 3 -> 7 -> 2 -> 4 -> 0 [slot=7-7, slots=1] | IP 1->3 maps OPT 0->9: LP#748: 0 -> 4 -> 8 -> 1 -> 5 -> 9 [slot=7-7, slots=1]; LP#806: 0 -> 4 -> 8 -> 1 -> 5 -> 9 [slot=5-5, slots=1]; LP#820: 0 -> 4 -> 8 -> 7 -> 2 -> 6 -> 9 [slot=4-4, slots=1] | IP 3->2 maps OPT 9->4: LP#122: 9 -> 6 -> 2 -> 7 -> 8 -> 4 [slot=16-16, slots=1]; LP#834: 9 -> 5 -> 1 -> 8 -> 4 [slot=13-13, slots=1]; LP#929: 9 -> 6 -> 2 -> 4 [slot=2-2, slots=1]"
30,30042,best,d27,88,2,5,4,5,2 -> 3 -> 4 -> 5,4 -> 9 -> 6 -> 5,"IP 2->3 maps OPT 4->9: LP#69: 4 -> 2 -> 7 -> 3 -> 6 -> 9 [slot=18-18, slots=1]; LP#179: 4 -> 2 -> 7 -> 3 -> 6 -> 9 [slot=11-11, slots=1]; LP#245: 4 -> 2 -> 7 -> 5 -> 9 [slot=17-17, slots=1]; LP#416: 4 -> 2 -> 7 -> 8 -> 1 -> 5 -> 9 [slot=20-20, slots=1]; LP#932: 4 -> 8 -> 7 -> 5 -> 9 [slot=1-1, slots=1] | IP 3->4 maps OPT 9->6: LP#840: 9 -> 5 -> 7 -> 2 -> 4 -> 8 -> 1 -> 6 [slot=16-16, slots=1]; LP#847: 9 -> 6 [slot=1-1, slots=1]; LP#849: 9 -> 5 -> 7 -> 3 -> 6 [slot=3-3, slots=1]; LP#869: 9 -> 6 [slot=0-0, slots=1] | IP 4->5 maps OPT 6->5: LP#754: 6 -> 2 -> 7 -> 5 [slot=5-5, slots=1]; LP#843: 6 -> 2 -> 4 -> 8 -> 7 -> 5 [slot=13-13, slots=1]; LP#918: 6 -> 9 -> 5 [slot=5-5, slots=1]; LP#939: 6 -> 3 -> 7 -> 8 -> 1 -> 5 [slot=4-4, slots=1]; LP#943: 6 -> 1 -> 8 -> 4 -> 2 -> 7 -> 5 [slot=4-4, slots=1]"
30,30042,best,d28,40,0,5,1,5,0 -> 5,1 -> 5,"IP 0->5 maps OPT 1->5: LP#331: 1 -> 8 -> 7 -> 5 [slot=0-0, slots=1]; LP#403: 1 -> 6 -> 3 -> 7 -> 5 [slot=2-2, slots=1]; LP#427: 1 -> 8 -> 7 -> 2 -> 6 -> 9 -> 5 [slot=2-2, slots=1]"
30,30042,best,d29,23,4,0,6,1,4 -> 0,6 -> 1,"IP 4->0 maps OPT 6->1: LP#781: 6 -> 2 -> 7 -> 8 -> 1 [slot=3-3, slots=1]; LP#860: 6 -> 9 -> 5 -> 1 [slot=1-1, slots=1]"
30,30042,lns,d0,96,4,3,6,9,4 -> 3,6 -> 9,"IP 4->3 maps OPT 6->9: LP#34: 6 -> 2 -> 7 -> 8 -> 1 -> 5 -> 9 [slot=14-14, slots=1]; LP#35: 6 -> 1 -> 5 -> 9 [slot=2-2, slots=1]; LP#72: 6 -> 9 [slot=3-3, slots=1]; LP#73: 6 -> 9 [slot=7-7, slots=1]"
30,30042,lns,d1,31,1,3,0,9,1 -> 3,0 -> 9,"IP 1->3 maps OPT 0->9: LP#17: 0 -> 4 -> 8 -> 1 -> 5 -> 9 [slot=5-5, slots=1]; LP#19: 0 -> 4 -> 2 -> 7 -> 5 -> 9 [slot=1-1, slots=1]; LP#20: 0 -> 4 -> 8 -> 1 -> 5 -> 9 [slot=7-7, slots=1]"
30,30042,lns,d2,49,3,0,9,1,3 -> 4 -> 0,9 -> 6 -> 1,"IP 3->4 maps OPT 9->6: LP#37: 9 -> 6 [slot=0-0, slots=1]; LP#38: 9 -> 5 -> 1 -> 8 -> 4 -> 2 -> 6 [slot=9-9, slots=1]; LP#41: 9 -> 6 [slot=1-1, slots=1] | IP 4->0 maps OPT 6->1: LP#4: 6 -> 2 -> 7 -> 8 -> 1 [slot=2-2, slots=1]; LP#5: 6 -> 2 -> 7 -> 8 -> 1 [slot=3-3, slots=1]"
30,30042,lns,d3,88,3,5,9,5,3 -> 4 -> 5,9 -> 6 -> 5,"IP 3->4 maps OPT 9->6: LP#37: 9 -> 6 [slot=0-0, slots=1]; LP#38: 9 -> 5 -> 1 -> 8 -> 4 -> 2 -> 6 [slot=9-9, slots=1]; LP#41: 9 -> 6 [slot=1-1, slots=1] | IP 4->5 maps OPT 6->5: LP#44: 6 -> 2 -> 7 -> 5 [slot=5-5, slots=1]; LP#45: 6 -> 2 -> 7 -> 5 [slot=7-7, slots=1]; LP#46: 6 -> 9 -> 5 [slot=5-5, slots=1]; LP#47: 6 -> 2 -> 4 -> 8 -> 1 -> 5 [slot=17-17, slots=1]"
30,30042,lns,d4,43,3,5,9,5,3 -> 4 -> 5,9 -> 6 -> 5,"IP 3->4 maps OPT 9->6: LP#37: 9 -> 6 [slot=0-0, slots=1]; LP#38: 9 -> 5 -> 1 -> 8 -> 4 -> 2 -> 6 [slot=9-9, slots=1]; LP#41: 9 -> 6 [slot=1-1, slots=1] | IP 4->5 maps OPT 6->5: LP#44: 6 -> 2 -> 7 -> 5 [slot=5-5, slots=1]; LP#45: 6 -> 2 -> 7 -> 5 [slot=7-7, slots=1]; LP#46: 6 -> 9 -> 5 [slot=5-5, slots=1]; LP#47: 6 -> 2 -> 4 -> 8 -> 1 -> 5 [slot=17-17, slots=1]"
30,30042,lns,d5,32,1,4,0,6,1 -> 3 -> 0 -> 4,0 -> 9 -> 1 -> 6,"IP 1->3 maps OPT 0->9: LP#17: 0 -> 4 -> 8 -> 1 -> 5 -> 9 [slot=5-5, slots=1]; LP#19: 0 -> 4 -> 2 -> 7 -> 5 -> 9 [slot=1-1, slots=1]; LP#20: 0 -> 4 -> 8 -> 1 -> 5 -> 9 [slot=7-7, slots=1] | IP 3->0 maps OPT 9->1: LP#51: 9 -> 6 -> 2 -> 7 -> 5 -> 1 [slot=12-12, slots=1]; LP#52: 9 -> 6 -> 2 -> 4 -> 8 -> 1 [slot=18-18, slots=1]; LP#53: 9 -> 5 -> 1 [slot=6-6, slots=1]; LP#76: 9 -> 5 -> 1 [slot=0-0, slots=1] | IP 0->4 maps OPT 1->6: LP#30: 1 -> 5 -> 7 -> 2 -> 6 [slot=6-6, slots=1]; LP#31: 1 -> 8 -> 4 -> 2 -> 6 [slot=7-7, slots=1]; LP#32: 1 -> 8 -> 4 -> 2 -> 6 [slot=8-8, slots=1]; LP#33: 1 -> 8 -> 7 -> 5 -> 9 -> 6 [slot=11-11, slots=1]"
30,30042,lns,d6,55,5,4,5,6,5 -> 0 -> 4,5 -> 1 -> 6,"IP 5->0 maps OPT 5->1: LP#26: 5 -> 7 -> 2 -> 4 -> 8 -> 1 [slot=11-11, slots=1]; LP#27: 5 -> 7 -> 2 -> 4 -> 8 -> 1 [slot=12-12, slots=1] | IP 0->4 maps OPT 1->6: LP#30: 1 -> 5 -> 7 -> 2 -> 6 [slot=6-6, slots=1]; LP#31: 1 -> 8 -> 4 -> 2 -> 6 [slot=7-7, slots=1]; LP#32: 1 -> 8 -> 4 -> 2 -> 6 [slot=8-8, slots=1]; LP#33: 1 -> 8 -> 7 -> 5 -> 9 -> 6 [slot=11-11, slots=1]"
30,30042,lns,d7,86,4,1,6,0,4 -> 5 -> 1,6 -> 5 -> 0,"IP 4->5 maps OPT 6->5: LP#44: 6 -> 2 -> 7 -> 5 [slot=5-5, slots=1]; LP#45: 6 -> 2 -> 7 -> 5 [slot=7-7, slots=1]; LP#46: 6 -> 9 -> 5 [slot=5-5, slots=1]; LP#47: 6 -> 2 -> 4 -> 8 -> 1 -> 5 [slot=17-17, slots=1] | IP 5->1 maps OPT 5->0: LP#11: 5 -> 1 -> 8 -> 7 -> 2 -> 4 -> 0 [slot=3-3, slots=1]; LP#14: 5 -> 7 -> 8 -> 4 -> 0 [slot=0-0, slots=1]; LP#15: 5 -> 7 -> 8 -> 4 -> 0 [slot=1-1, slots=1]"
30,30042,lns,d8,82,1,0,0,1,1 -> 3 -> 0,0 -> 9 -> 1,"IP 1->3 maps OPT 0->9: LP#17: 0 -> 4 -> 8 -> 1 -> 5 -> 9 [slot=5-5, slots=1]; LP#19: 0 -> 4 -> 2 -> 7 -> 5 -> 9 [slot=1-1, slots=1]; LP#20: 0 -> 4 -> 8 -> 1 -> 5 -> 9 [slot=7-7, slots=1] | IP 3->0 maps OPT 9->1: LP#51: 9 -> 6 -> 2 -> 7 -> 5 -> 1 [slot=12-12, slots=1]; LP#52: 9 -> 6 -> 2 -> 4 -> 8 -> 1 [slot=18-18, slots=1]; LP#53: 9 -> 5 -> 1 [slot=6-6, slots=1]; LP#76: 9 -> 5 -> 1 [slot=0-0, slots=1]"
30,30042,lns,d9,61,0,5,1,5,0 -> 5,1 -> 5,"IP 0->5 maps OPT 1->5: LP#6: 1 -> 8 -> 7 -> 5 [slot=0-0, slots=1]; LP#9: 1 -> 5 [slot=0-0, slots=1]"
30,30042,lns,d10,38,4,5,6,5,4 -> 0 -> 3 -> 1 -> 5,6 -> 1 -> 9 -> 0 -> 5,"IP 4->0 maps OPT 6->1: LP#4: 6 -> 2 -> 7 -> 8 -> 1 [slot=2-2, slots=1]; LP#5: 6 -> 2 -> 7 -> 8 -> 1 [slot=3-3, slots=1] | IP 0->3 maps OPT 1->9: LP#54: 1 -> 8 -> 7 -> 2 -> 6 -> 9 [slot=14-14, slots=1] | IP 3->1 maps OPT 9->0: LP#58: 9 -> 5 -> 1 -> 8 -> 7 -> 2 -> 4 -> 0 [slot=19-19, slots=1]; LP#60: 9 -> 5 -> 7 -> 2 -> 4 -> 0 [slot=10-10, slots=1]; LP#61: 9 -> 6 -> 2 -> 7 -> 8 -> 4 -> 0 [slot=15-15, slots=1]; LP#74: 9 -> 6 -> 2 -> 4 -> 0 [slot=4-4, slots=1] | IP 1->5 maps OPT 0->5: LP#23: 0 -> 4 -> 2 -> 6 -> 1 -> 5 [slot=3-3, slots=1]; LP#25: 0 -> 4 -> 8 -> 7 -> 3 -> 6 -> 1 -> 5 [slot=10-10, slots=1]; LP#75: 0 -> 4 -> 8 -> 1 -> 5 [slot=8-8, slots=1]"
30,30042,lns,d11,47,4,0,6,1,4 -> 0,6 -> 1,"IP 4->0 maps OPT 6->1: LP#4: 6 -> 2 -> 7 -> 8 -> 1 [slot=2-2, slots=1]; LP#5: 6 -> 2 -> 7 -> 8 -> 1 [slot=3-3, slots=1]"
30,30042,lns,d12,81,4,2,6,4,4 -> 3 -> 2,6 -> 9 -> 4,"IP 4->3 maps OPT 6->9: LP#34: 6 -> 2 -> 7 -> 8 -> 1 -> 5 -> 9 [slot=14-14, slots=1]; LP#35: 6 -> 1 -> 5 -> 9 [slot=2-2, slots=1]; LP#72: 6 -> 9 [slot=3-3, slots=1]; LP#73: 6 -> 9 [slot=7-7, slots=1] | IP 3->2 maps OPT 9->4: LP#62: 9 -> 5 -> 1 -> 8 -> 4 [slot=13-13, slots=1]; LP#63: 9 -> 6 -> 2 -> 7 -> 8 -> 4 [slot=16-16, slots=1]; LP#64: 9 -> 5 -> 7 -> 8 -> 4 [slot=17-17, slots=1]"
30,30042,lns,d13,50,0,3,1,9,0 -> 4 -> 3,1 -> 6 -> 9,"IP 0->4 maps OPT 1->6: LP#30: 1 -> 5 -> 7 -> 2 -> 6 [slot=6-6, slots=1]; LP#31: 1 -> 8 -> 4 -> 2 -> 6 [slot=7-7, slots=1]; LP#32: 1 -> 8 -> 4 -> 2 -> 6 [slot=8-8, slots=1]; LP#33: 1 -> 8 -> 7 -> 5 -> 9 -> 6 [slot=11-11, slots=1] | IP 4->3 maps OPT 6->9: LP#34: 6 -> 2 -> 7 -> 8 -> 1 -> 5 -> 9 [slot=14-14, slots=1]; LP#35: 6 -> 1 -> 5 -> 9 [slot=2-2, slots=1]; LP#72: 6 -> 9 [slot=3-3, slots=1]; LP#73: 6 -> 9 [slot=7-7, slots=1]"
30,30042,lns,d14,53,2,5,4,5,2 -> 3 -> 1 -> 5,4 -> 9 -> 0 -> 5,"IP 2->3 maps OPT 4->9: LP#65: 4 -> 2 -> 7 -> 8 -> 1 -> 5 -> 9 [slot=20-20, slots=1]; LP#66: 4 -> 2 -> 7 -> 3 -> 6 -> 9 [slot=11-11, slots=1]; LP#67: 4 -> 8 -> 7 -> 2 -> 6 -> 9 [slot=20-20, slots=1]; LP#68: 4 -> 2 -> 7 -> 5 -> 9 [slot=17-17, slots=1]; LP#69: 4 -> 2 -> 7 -> 3 -> 6 -> 9 [slot=18-18, slots=1] | IP 3->1 maps OPT 9->0: LP#58: 9 -> 5 -> 1 -> 8 -> 7 -> 2 -> 4 -> 0 [slot=19-19, slots=1]; LP#60: 9 -> 5 -> 7 -> 2 -> 4 -> 0 [slot=10-10, slots=1]; LP#61: 9 -> 6 -> 2 -> 7 -> 8 -> 4 -> 0 [slot=15-15, slots=1]; LP#74: 9 -> 6 -> 2 -> 4 -> 0 [slot=4-4, slots=1] | IP 1->5 maps OPT 0->5: LP#23: 0 -> 4 -> 2 -> 6 -> 1 -> 5 [slot=3-3, slots=1]; LP#25: 0 -> 4 -> 8 -> 7 -> 3 -> 6 -> 1 -> 5 [slot=10-10, slots=1]; LP#75: 0 -> 4 -> 8 -> 1 -> 5 [slot=8-8, slots=1]"
30,30042,lns,d15,40,5,1,5,0,5 -> 1,5 -> 0,"IP 5->1 maps OPT 5->0: LP#11: 5 -> 1 -> 8 -> 7 -> 2 -> 4 -> 0 [slot=3-3, slots=1]; LP#14: 5 -> 7 -> 8 -> 4 -> 0 [slot=0-0, slots=1]; LP#15: 5 -> 7 -> 8 -> 4 -> 0 [slot=1-1, slots=1]"
30,30042,lns,d16,86,3,1,9,0,3 -> 1,9 -> 0,"IP 3->1 maps OPT 9->0: LP#58: 9 -> 5 -> 1 -> 8 -> 7 -> 2 -> 4 -> 0 [slot=19-19, slots=1]; LP#60: 9 -> 5 -> 7 -> 2 -> 4 -> 0 [slot=10-10, slots=1]; LP#61: 9 -> 6 -> 2 -> 7 -> 8 -> 4 -> 0 [slot=15-15, slots=1]; LP#74: 9 -> 6 -> 2 -> 4 -> 0 [slot=4-4, slots=1]"
30,30042,lns,d17,33,0,3,1,9,0 -> 4 -> 5 -> 1 -> 3,1 -> 6 -> 5 -> 0 -> 9,"IP 0->4 maps OPT 1->6: LP#30: 1 -> 5 -> 7 -> 2 -> 6 [slot=6-6, slots=1]; LP#31: 1 -> 8 -> 4 -> 2 -> 6 [slot=7-7, slots=1]; LP#32: 1 -> 8 -> 4 -> 2 -> 6 [slot=8-8, slots=1]; LP#33: 1 -> 8 -> 7 -> 5 -> 9 -> 6 [slot=11-11, slots=1] | IP 4->5 maps OPT 6->5: LP#44: 6 -> 2 -> 7 -> 5 [slot=5-5, slots=1]; LP#45: 6 -> 2 -> 7 -> 5 [slot=7-7, slots=1]; LP#46: 6 -> 9 -> 5 [slot=5-5, slots=1]; LP#47: 6 -> 2 -> 4 -> 8 -> 1 -> 5 [slot=17-17, slots=1] | IP 5->1 maps OPT 5->0: LP#11: 5 -> 1 -> 8 -> 7 -> 2 -> 4 -> 0 [slot=3-3, slots=1]; LP#14: 5 -> 7 -> 8 -> 4 -> 0 [slot=0-0, slots=1]; LP#15: 5 -> 7 -> 8 -> 4 -> 0 [slot=1-1, slots=1] | IP 1->3 maps OPT 0->9: LP#17: 0 -> 4 -> 8 -> 1 -> 5 -> 9 [slot=5-5, slots=1]; LP#19: 0 -> 4 -> 2 -> 7 -> 5 -> 9 [slot=1-1, slots=1]; LP#20: 0 -> 4 -> 8 -> 1 -> 5 -> 9 [slot=7-7, slots=1]"
30,30042,lns,d18,94,0,4,1,6,0 -> 4,1 -> 6,"IP 0->4 maps OPT 1->6: LP#30: 1 -> 5 -> 7 -> 2 -> 6 [slot=6-6, slots=1]; LP#31: 1 -> 8 -> 4 -> 2 -> 6 [slot=7-7, slots=1]; LP#32: 1 -> 8 -> 4 -> 2 -> 6 [slot=8-8, slots=1]; LP#33: 1 -> 8 -> 7 -> 5 -> 9 -> 6 [slot=11-11, slots=1]"
30,30042,lns,d19,65,3,2,9,4,3 -> 2,9 -> 4,"IP 3->2 maps OPT 9->4: LP#62: 9 -> 5 -> 1 -> 8 -> 4 [slot=13-13, slots=1]; LP#63: 9 -> 6 -> 2 -> 7 -> 8 -> 4 [slot=16-16, slots=1]; LP#64: 9 -> 5 -> 7 -> 8 -> 4 [slot=17-17, slots=1]"
30,30042,lns,d20,43,2,5,4,5,2 -> 3 -> 1 -> 5,4 -> 9 -> 0 -> 5,"IP 2->3 maps OPT 4->9: LP#65: 4 -> 2 -> 7 -> 8 -> 1 -> 5 -> 9 [slot=20-20, slots=1]; LP#66: 4 -> 2 -> 7 -> 3 -> 6 -> 9 [slot=11-11, slots=1]; LP#67: 4 -> 8 -> 7 -> 2 -> 6 -> 9 [slot=20-20, slots=1]; LP#68: 4 -> 2 -> 7 -> 5 -> 9 [slot=17-17, slots=1]; LP#69: 4 -> 2 -> 7 -> 3 -> 6 -> 9 [slot=18-18, slots=1] | IP 3->1 maps OPT 9->0: LP#58: 9 -> 5 -> 1 -> 8 -> 7 -> 2 -> 4 -> 0 [slot=19-19, slots=1]; LP#60: 9 -> 5 -> 7 -> 2 -> 4 -> 0 [slot=10-10, slots=1]; LP#61: 9 -> 6 -> 2 -> 7 -> 8 -> 4 -> 0 [slot=15-15, slots=1]; LP#74: 9 -> 6 -> 2 -> 4 -> 0 [slot=4-4, slots=1] | IP 1->5 maps OPT 0->5: LP#23: 0 -> 4 -> 2 -> 6 -> 1 -> 5 [slot=3-3, slots=1]; LP#25: 0 -> 4 -> 8 -> 7 -> 3 -> 6 -> 1 -> 5 [slot=10-10, slots=1]; LP#75: 0 -> 4 -> 8 -> 1 -> 5 [slot=8-8, slots=1]"
30,30042,lns,d21,64,2,0,4,1,2 -> 3 -> 0,4 -> 9 -> 1,"IP 2->3 maps OPT 4->9: LP#65: 4 -> 2 -> 7 -> 8 -> 1 -> 5 -> 9 [slot=20-20, slots=1]; LP#66: 4 -> 2 -> 7 -> 3 -> 6 -> 9 [slot=11-11, slots=1]; LP#67: 4 -> 8 -> 7 -> 2 -> 6 -> 9 [slot=20-20, slots=1]; LP#68: 4 -> 2 -> 7 -> 5 -> 9 [slot=17-17, slots=1]; LP#69: 4 -> 2 -> 7 -> 3 -> 6 -> 9 [slot=18-18, slots=1] | IP 3->0 maps OPT 9->1: LP#51: 9 -> 6 -> 2 -> 7 -> 5 -> 1 [slot=12-12, slots=1]; LP#52: 9 -> 6 -> 2 -> 4 -> 8 -> 1 [slot=18-18, slots=1]; LP#53: 9 -> 5 -> 1 [slot=6-6, slots=1]; LP#76: 9 -> 5 -> 1 [slot=0-0, slots=1]"
30,30042,lns,d22,32,0,4,1,6,0 -> 4,1 -> 6,"IP 0->4 maps OPT 1->6: LP#30: 1 -> 5 -> 7 -> 2 -> 6 [slot=6-6, slots=1]; LP#31: 1 -> 8 -> 4 -> 2 -> 6 [slot=7-7, slots=1]; LP#32: 1 -> 8 -> 4 -> 2 -> 6 [slot=8-8, slots=1]; LP#33: 1 -> 8 -> 7 -> 5 -> 9 -> 6 [slot=11-11, slots=1]"
30,30042,lns,d23,63,1,0,0,1,1 -> 5 -> 0,0 -> 5 -> 1,"IP 1->5 maps OPT 0->5: LP#23: 0 -> 4 -> 2 -> 6 -> 1 -> 5 [slot=3-3, slots=1]; LP#25: 0 -> 4 -> 8 -> 7 -> 3 -> 6 -> 1 -> 5 [slot=10-10, slots=1]; LP#75: 0 -> 4 -> 8 -> 1 -> 5 [slot=8-8, slots=1] | IP 5->0 maps OPT 5->1: LP#26: 5 -> 7 -> 2 -> 4 -> 8 -> 1 [slot=11-11, slots=1]; LP#27: 5 -> 7 -> 2 -> 4 -> 8 -> 1 [slot=12-12, slots=1]"
30,30042,lns,d24,72,4,2,6,4,4 -> 3 -> 2,6 -> 9 -> 4,"IP 4->3 maps OPT 6->9: LP#34: 6 -> 2 -> 7 -> 8 -> 1 -> 5 -> 9 [slot=14-14, slots=1]; LP#35: 6 -> 1 -> 5 -> 9 [slot=2-2, slots=1]; LP#72: 6 -> 9 [slot=3-3, slots=1]; LP#73: 6 -> 9 [slot=7-7, slots=1] | IP 3->2 maps OPT 9->4: LP#62: 9 -> 5 -> 1 -> 8 -> 4 [slot=13-13, slots=1]; LP#63: 9 -> 6 -> 2 -> 7 -> 8 -> 4 [slot=16-16, slots=1]; LP#64: 9 -> 5 -> 7 -> 8 -> 4 [slot=17-17, slots=1]"
30,30042,lns,d25,93,2,1,4,0,2 -> 3 -> 1,4 -> 9 -> 0,"IP 2->3 maps OPT 4->9: LP#65: 4 -> 2 -> 7 -> 8 -> 1 -> 5 -> 9 [slot=20-20, slots=1]; LP#66: 4 -> 2 -> 7 -> 3 -> 6 -> 9 [slot=11-11, slots=1]; LP#67: 4 -> 8 -> 7 -> 2 -> 6 -> 9 [slot=20-20, slots=1]; LP#68: 4 -> 2 -> 7 -> 5 -> 9 [slot=17-17, slots=1]; LP#69: 4 -> 2 -> 7 -> 3 -> 6 -> 9 [slot=18-18, slots=1] | IP 3->1 maps OPT 9->0: LP#58: 9 -> 5 -> 1 -> 8 -> 7 -> 2 -> 4 -> 0 [slot=19-19, slots=1]; LP#60: 9 -> 5 -> 7 -> 2 -> 4 -> 0 [slot=10-10, slots=1]; LP#61: 9 -> 6 -> 2 -> 7 -> 8 -> 4 -> 0 [slot=15-15, slots=1]; LP#74: 9 -> 6 -> 2 -> 4 -> 0 [slot=4-4, slots=1]"
30,30042,lns,d26,22,0,2,1,4,0 -> 4 -> 5 -> 1 -> 3 -> 2,1 -> 6 -> 5 -> 0 -> 9 -> 4,"IP 0->4 maps OPT 1->6: LP#30: 1 -> 5 -> 7 -> 2 -> 6 [slot=6-6, slots=1]; LP#31: 1 -> 8 -> 4 -> 2 -> 6 [slot=7-7, slots=1]; LP#32: 1 -> 8 -> 4 -> 2 -> 6 [slot=8-8, slots=1]; LP#33: 1 -> 8 -> 7 -> 5 -> 9 -> 6 [slot=11-11, slots=1] | IP 4->5 maps OPT 6->5: LP#44: 6 -> 2 -> 7 -> 5 [slot=5-5, slots=1]; LP#45: 6 -> 2 -> 7 -> 5 [slot=7-7, slots=1]; LP#46: 6 -> 9 -> 5 [slot=5-5, slots=1]; LP#47: 6 -> 2 -> 4 -> 8 -> 1 -> 5 [slot=17-17, slots=1] | IP 5->1 maps OPT 5->0: LP#11: 5 -> 1 -> 8 -> 7 -> 2 -> 4 -> 0 [slot=3-3, slots=1]; LP#14: 5 -> 7 -> 8 -> 4 -> 0 [slot=0-0, slots=1]; LP#15: 5 -> 7 -> 8 -> 4 -> 0 [slot=1-1, slots=1] | IP 1->3 maps OPT 0->9: LP#17: 0 -> 4 -> 8 -> 1 -> 5 -> 9 [slot=5-5, slots=1]; LP#19: 0 -> 4 -> 2 -> 7 -> 5 -> 9 [slot=1-1, slots=1]; LP#20: 0 -> 4 -> 8 -> 1 -> 5 -> 9 [slot=7-7, slots=1] | IP 3->2 maps OPT 9->4: LP#62: 9 -> 5 -> 1 -> 8 -> 4 [slot=13-13, slots=1]; LP#63: 9 -> 6 -> 2 -> 7 -> 8 -> 4 [slot=16-16, slots=1]; LP#64: 9 -> 5 -> 7 -> 8 -> 4 [slot=17-17, slots=1]"
30,30042,lns,d27,88,2,5,4,5,2 -> 3 -> 0 -> 5,4 -> 9 -> 1 -> 5,"IP 2->3 maps OPT 4->9: LP#65: 4 -> 2 -> 7 -> 8 -> 1 -> 5 -> 9 [slot=20-20, slots=1]; LP#66: 4 -> 2 -> 7 -> 3 -> 6 -> 9 [slot=11-11, slots=1]; LP#67: 4 -> 8 -> 7 -> 2 -> 6 -> 9 [slot=20-20, slots=1]; LP#68: 4 -> 2 -> 7 -> 5 -> 9 [slot=17-17, slots=1]; LP#69: 4 -> 2 -> 7 -> 3 -> 6 -> 9 [slot=18-18, slots=1] | IP 3->0 maps OPT 9->1: LP#51: 9 -> 6 -> 2 -> 7 -> 5 -> 1 [slot=12-12, slots=1]; LP#52: 9 -> 6 -> 2 -> 4 -> 8 -> 1 [slot=18-18, slots=1]; LP#53: 9 -> 5 -> 1 [slot=6-6, slots=1]; LP#76: 9 -> 5 -> 1 [slot=0-0, slots=1] | IP 0->5 maps OPT 1->5: LP#6: 1 -> 8 -> 7 -> 5 [slot=0-0, slots=1]; LP#9: 1 -> 5 [slot=0-0, slots=1]"
30,30042,lns,d28,40,0,5,1,5,0 -> 3 -> 4 -> 5,1 -> 9 -> 6 -> 5,"IP 0->3 maps OPT 1->9: LP#54: 1 -> 8 -> 7 -> 2 -> 6 -> 9 [slot=14-14, slots=1] | IP 3->4 maps OPT 9->6: LP#37: 9 -> 6 [slot=0-0, slots=1]; LP#38: 9 -> 5 -> 1 -> 8 -> 4 -> 2 -> 6 [slot=9-9, slots=1]; LP#41: 9 -> 6 [slot=1-1, slots=1] | IP 4->5 maps OPT 6->5: LP#44: 6 -> 2 -> 7 -> 5 [slot=5-5, slots=1]; LP#45: 6 -> 2 -> 7 -> 5 [slot=7-7, slots=1]; LP#46: 6 -> 9 -> 5 [slot=5-5, slots=1]; LP#47: 6 -> 2 -> 4 -> 8 -> 1 -> 5 [slot=17-17, slots=1]"
30,30042,lns,d29,23,4,0,6,1,4 -> 0,6 -> 1,"IP 4->0 maps OPT 6->1: LP#4: 6 -> 2 -> 7 -> 8 -> 1 [slot=2-2, slots=1]; LP#5: 6 -> 2 -> 7 -> 8 -> 1 [slot=3-3, slots=1]"
40,40042,initial,d0,36,3,4,9,6,3 -> 0 -> 5 -> 4,9 -> 1 -> 5 -> 6,"IP 3->0 maps OPT 9->1: LP#0: 9 -> 5 -> 7 -> 3 -> 6 -> 1 [slot=0-0, slots=1]; LP#1: 9 -> 5 -> 7 -> 2 -> 6 -> 1 [slot=1-1, slots=1]; LP#2: 9 -> 6 -> 3 -> 7 -> 8 -> 1 [slot=0-0, slots=1]; LP#3: 9 -> 6 -> 2 -> 7 -> 5 -> 1 [slot=1-1, slots=1]; LP#4: 9 -> 6 -> 2 -> 4 -> 8 -> 1 [slot=2-2, slots=1]; LP#5: 9 -> 6 -> 2 -> 7 -> 5 -> 1 [slot=3-3, slots=1]; LP#6: 9 -> 6 -> 3 -> 7 -> 5 -> 1 [slot=4-4, slots=1] | IP 0->5 maps OPT 1->5: LP#7: 1 -> 8 -> 7 -> 3 -> 6 -> 9 -> 5 [slot=2-2, slots=1]; LP#8: 1 -> 8 -> 4 -> 2 -> 7 -> 5 [slot=0-0, slots=1]; LP#9: 1 -> 8 -> 7 -> 2 -> 6 -> 9 -> 5 [slot=3-3, slots=1]; LP#10: 1 -> 8 -> 4 -> 2 -> 7 -> 5 [slot=5-5, slots=1] | IP 5->4 maps OPT 5->6: LP#11: 5 -> 7 -> 8 -> 4 -> 2 -> 6 [slot=2-2, slots=1]; LP#12: 5 -> 1 -> 6 [slot=0-0, slots=1]; LP#13: 5 -> 7 -> 2 -> 6 [slot=4-4, slots=1]; LP#14: 5 -> 7 -> 8 -> 1 -> 6 [slot=3-3, slots=1]; LP#15: 5 -> 7 -> 2 -> 6 [slot=5-5, slots=1]"
40,40042,initial,d1,94,0,5,1,5,0 -> 4 -> 3 -> 1 -> 5,1 -> 6 -> 9 -> 0 -> 5,"IP 0->4 maps OPT 1->6: LP#16: 1 -> 8 -> 7 -> 2 -> 6 [slot=6-6, slots=1]; LP#17: 1 -> 8 -> 7 -> 5 -> 9 -> 6 [slot=7-7, slots=1]; LP#18: 1 -> 5 -> 7 -> 3 -> 6 [slot=6-6, slots=1]; LP#19: 1 -> 8 -> 7 -> 5 -> 9 -> 6 [slot=8-8, slots=1]; LP#20: 1 -> 8 -> 4 -> 2 -> 7 -> 3 -> 6 [slot=4-4, slots=1]; LP#21: 1 -> 5 -> 7 -> 3 -> 6 [slot=7-7, slots=1]; LP#22: 1 -> 8 -> 7 -> 5 -> 9 -> 6 [slot=9-9, slots=1]; LP#23: 1 -> 8 -> 4 -> 2 -> 6 [slot=10-10, slots=1] | IP 4->3 maps OPT 6->9: LP#24: 6 -> 3 -> 7 -> 8 -> 1 -> 5 -> 9 [slot=1-1, slots=1]; LP#25: 6 -> 3 -> 7 -> 5 -> 9 [slot=2-2, slots=1]; LP#26: 6 -> 1 -> 5 -> 9 [slot=3-3, slots=1]; LP#27: 6 -> 3 -> 7 -> 5 -> 9 [slot=6-6, slots=1] | IP 3->1 maps OPT 9->0: LP#28: 9 -> 5 -> 7 -> 2 -> 4 -> 0 [slot=8-8, slots=1]; LP#29: 9 -> 5 -> 1 -> 8 -> 4 -> 0 [slot=11-11, slots=1]; LP#30: 9 -> 6 -> 1 -> 8 -> 4 -> 0 [slot=12-12, slots=1]; LP#31: 9 -> 5 -> 1 -> 6 -> 2 -> 4 -> 0 [slot=5-5, slots=1]; LP#32: 9 -> 6 -> 2 -> 7 -> 8 -> 4 -> 0 [slot=6-6, slots=1]; LP#33: 9 -> 6 -> 2 -> 7 -> 8 -> 4 -> 0 [slot=13-13, slots=1]; LP#34: 9 -> 5 -> 7 -> 2 -> 4 -> 0 [slot=9-9, slots=1]; LP#35: 9 -> 5 -> 1 -> 8 -> 7 -> 2 -> 4 -> 0 [slot=14-14, slots=1]; LP#36: 9 -> 6 -> 3 -> 7 -> 2 -> 4 -> 0 [slot=10-10, slots=1] | IP 1->5 maps OPT 0->5: LP#37: 0 -> 4 -> 8 -> 7 -> 5 [slot=10-10, slots=1]; LP#38: 0 -> 4 -> 2 -> 6 -> 9 -> 5 [slot=7-7, slots=1]; LP#39: 0 -> 4 -> 2 -> 6 -> 1 -> 5 [slot=8-8, slots=1]; LP#40: 0 -> 4 -> 8 -> 7 -> 3 -> 6 -> 1 -> 5 [slot=5-5, slots=1]; LP#41: 0 -> 4 -> 8 -> 1 -> 6 -> 2 -> 7 -> 5 [slot=11-11, slots=1]; LP#42: 0 -> 4 -> 8 -> 7 -> 3 -> 6 -> 1 -> 5 [slot=13-13, slots=1]; LP#43: 0 -> 4 -> 2 -> 6 -> 1 -> 5 [slot=9-9, slots=1]"
40,40042,initial,d2,82,2,4,4,6,2 -> 3 -> 0 -> 4,4 -> 9 -> 1 -> 6,"IP 2->3 maps OPT 4->9: LP#44: 4 -> 8 -> 1 -> 6 -> 9 [slot=4-4, slots=1]; LP#45: 4 -> 2 -> 7 -> 5 -> 9 [slot=12-12, slots=1]; LP#46: 4 -> 2 -> 7 -> 5 -> 9 [slot=14-14, slots=1]; LP#47: 4 -> 2 -> 7 -> 3 -> 6 -> 9 [slot=15-15, slots=1] | IP 3->0 maps OPT 9->1: LP#0: 9 -> 5 -> 7 -> 3 -> 6 -> 1 [slot=0-0, slots=1]; LP#1: 9 -> 5 -> 7 -> 2 -> 6 -> 1 [slot=1-1, slots=1]; LP#2: 9 -> 6 -> 3 -> 7 -> 8 -> 1 [slot=0-0, slots=1]; LP#3: 9 -> 6 -> 2 -> 7 -> 5 -> 1 [slot=1-1, slots=1]; LP#4: 9 -> 6 -> 2 -> 4 -> 8 -> 1 [slot=2-2, slots=1]; LP#5: 9 -> 6 -> 2 -> 7 -> 5 -> 1 [slot=3-3, slots=1]; LP#6: 9 -> 6 -> 3 -> 7 -> 5 -> 1 [slot=4-4, slots=1] | IP 0->4 maps OPT 1->6: LP#16: 1 -> 8 -> 7 -> 2 -> 6 [slot=6-6, slots=1]; LP#17: 1 -> 8 -> 7 -> 5 -> 9 -> 6 [slot=7-7, slots=1]; LP#18: 1 -> 5 -> 7 -> 3 -> 6 [slot=6-6, slots=1]; LP#19: 1 -> 8 -> 7 -> 5 -> 9 -> 6 [slot=8-8, slots=1]; LP#20: 1 -> 8 -> 4 -> 2 -> 7 -> 3 -> 6 [slot=4-4, slots=1]; LP#21: 1 -> 5 -> 7 -> 3 -> 6 [slot=7-7, slots=1]; LP#22: 1 -> 8 -> 7 -> 5 -> 9 -> 6 [slot=9-9, slots=1]; LP#23: 1 -> 8 -> 4 -> 2 -> 6 [slot=10-10, slots=1]"
40,40042,initial,d3,79,5,1,5,0,5 -> 0 -> 3 -> 1,5 -> 1 -> 9 -> 0,"IP 5->0 maps OPT 5->1: LP#48: 5 -> 9 -> 6 -> 2 -> 4 -> 8 -> 1 [slot=15-15, slots=1]; LP#49: 5 -> 7 -> 2 -> 4 -> 8 -> 1 [slot=12-12, slots=1]; LP#50: 5 -> 7 -> 3 -> 6 -> 1 [slot=10-10, slots=1] | IP 0->3 maps OPT 1->9: LP#51: 1 -> 6 -> 9 [slot=1-1, slots=1]; LP#52: 1 -> 5 -> 7 -> 3 -> 6 -> 9 [slot=11-11, slots=1]; LP#53: 1 -> 8 -> 4 -> 2 -> 6 -> 9 [slot=16-16, slots=1]; LP#54: 1 -> 5 -> 9 [slot=0-0, slots=1]; LP#55: 1 -> 8 -> 7 -> 5 -> 9 [slot=17-17, slots=1]; LP#56: 1 -> 6 -> 2 -> 7 -> 5 -> 9 [slot=16-16, slots=1]; LP#57: 1 -> 8 -> 7 -> 3 -> 6 -> 9 [slot=18-18, slots=1] | IP 3->1 maps OPT 9->0: LP#28: 9 -> 5 -> 7 -> 2 -> 4 -> 0 [slot=8-8, slots=1]; LP#29: 9 -> 5 -> 1 -> 8 -> 4 -> 0 [slot=11-11, slots=1]; LP#30: 9 -> 6 -> 1 -> 8 -> 4 -> 0 [slot=12-12, slots=1]; LP#31: 9 -> 5 -> 1 -> 6 -> 2 -> 4 -> 0 [slot=5-5, slots=1]; LP#32: 9 -> 6 -> 2 -> 7 -> 8 -> 4 -> 0 [slot=6-6, slots=1]; LP#33: 9 -> 6 -> 2 -> 7 -> 8 -> 4 -> 0 [slot=13-13, slots=1]; LP#34: 9 -> 5 -> 7 -> 2 -> 4 -> 0 [slot=9-9, slots=1]; LP#35: 9 -> 5 -> 1 -> 8 -> 7 -> 2 -> 4 -> 0 [slot=14-14, slots=1]; LP#36: 9 -> 6 -> 3 -> 7 -> 2 -> 4 -> 0 [slot=10-10, slots=1]"
40,40042,initial,d4,26,1,5,0,5,1 -> 3 -> 4 -> 5,0 -> 9 -> 6 -> 5,"IP 1->3 maps OPT 0->9: LP#58: 0 -> 4 -> 2 -> 7 -> 5 -> 9 [slot=18-18, slots=1]; LP#59: 0 -> 4 -> 2 -> 7 -> 3 -> 6 -> 9 [slot=17-17, slots=1]; LP#60: 0 -> 4 -> 8 -> 7 -> 5 -> 9 [slot=19-19, slots=1]; LP#61: 0 -> 4 -> 2 -> 6 -> 1 -> 5 -> 9 [slot=20-20, slots=1]; LP#62: 0 -> 4 -> 8 -> 7 -> 5 -> 9 [slot=21-21, slots=1]; LP#63: 0 -> 4 -> 2 -> 6 -> 1 -> 5 -> 9 [slot=22-22, slots=1] | IP 3->4 maps OPT 9->6: LP#64: 9 -> 5 -> 7 -> 2 -> 4 -> 8 -> 1 -> 6 [slot=17-17, slots=1]; LP#65: 9 -> 5 -> 7 -> 3 -> 6 [slot=16-16, slots=1]; LP#66: 9 -> 5 -> 1 -> 6 [slot=6-6, slots=1]; LP#67: 9 -> 5 -> 7 -> 2 -> 4 -> 8 -> 1 -> 6 [slot=18-18, slots=1] | IP 4->5 maps OPT 6->5: LP#68: 6 -> 3 -> 7 -> 8 -> 1 -> 5 [slot=14-14, slots=1]; LP#69: 6 -> 1 -> 5 [slot=2-2, slots=1]; LP#70: 6 -> 2 -> 4 -> 8 -> 1 -> 5 [slot=23-23, slots=1]; LP#71: 6 -> 1 -> 8 -> 7 -> 5 [slot=15-15, slots=1]; LP#72: 6 -> 1 -> 5 [slot=4-4, slots=1]; LP#73: 6 -> 2 -> 7 -> 8 -> 1 -> 5 [slot=10-10, slots=1]; LP#74: 6 -> 9 -> 5 [slot=10-10, slots=1]; LP#75: 6 -> 2 -> 4 -> 8 -> 1 -> 5 [slot=24-24, slots=1]; LP#76: 6 -> 3 -> 7 -> 5 [slot=13-13, slots=1]; LP#77: 6 -> 1 -> 8 -> 7 -> 5 [slot=23-23, slots=1]"
40,40042,initial,d5,77,1,2,0,4,1 -> 3 -> 2,0 -> 9 -> 4,"IP 1->3 maps OPT 0->9: LP#58: 0 -> 4 -> 2 -> 7 -> 5 -> 9 [slot=18-18, slots=1]; LP#59: 0 -> 4 -> 2 -> 7 -> 3 -> 6 -> 9 [slot=17-17, slots=1]; LP#60: 0 -> 4 -> 8 -> 7 -> 5 -> 9 [slot=19-19, slots=1]; LP#61: 0 -> 4 -> 2 -> 6 -> 1 -> 5 -> 9 [slot=20-20, slots=1]; LP#62: 0 -> 4 -> 8 -> 7 -> 5 -> 9 [slot=21-21, slots=1]; LP#63: 0 -> 4 -> 2 -> 6 -> 1 -> 5 -> 9 [slot=22-22, slots=1] | IP 3->2 maps OPT 9->4: LP#78: 9 -> 5 -> 1 -> 8 -> 7 -> 2 -> 4 [slot=20-20, slots=1]; LP#79: 9 -> 5 -> 1 -> 8 -> 4 [slot=19-19, slots=1]; LP#80: 9 -> 5 -> 1 -> 8 -> 4 [slot=21-21, slots=1]; LP#81: 9 -> 5 -> 1 -> 6 -> 2 -> 4 [slot=22-22, slots=1]; LP#82: 9 -> 6 -> 3 -> 7 -> 2 -> 4 [slot=11-11, slots=1]"
40,40042,initial,d6,53,0,1,1,0,0 -> 4 -> 5 -> 1,1 -> 6 -> 5 -> 0,"IP 0->4 maps OPT 1->6: LP#16: 1 -> 8 -> 7 -> 2 -> 6 [slot=6-6, slots=1]; LP#17: 1 -> 8 -> 7 -> 5 -> 9 -> 6 [slot=7-7, slots=1]; LP#18: 1 -> 5 -> 7 -> 3 -> 6 [slot=6-6, slots=1]; LP#19: 1 -> 8 -> 7 -> 5 -> 9 -> 6 [slot=8-8, slots=1]; LP#20: 1 -> 8 -> 4 -> 2 -> 7 -> 3 -> 6 [slot=4-4, slots=1]; LP#21: 1 -> 5 -> 7 -> 3 -> 6 [slot=7-7, slots=1]; LP#22: 1 -> 8 -> 7 -> 5 -> 9 -> 6 [slot=9-9, slots=1]; LP#23: 1 -> 8 -> 4 -> 2 -> 6 [slot=10-10, slots=1] | IP 4->5 maps OPT 6->5: LP#68: 6 -> 3 -> 7 -> 8 -> 1 -> 5 [slot=14-14, slots=1]; LP#69: 6 -> 1 -> 5 [slot=2-2, slots=1]; LP#70: 6 -> 2 -> 4 -> 8 -> 1 -> 5 [slot=23-23, slots=1]; LP#71: 6 -> 1 -> 8 -> 7 -> 5 [slot=15-15, slots=1]; LP#72: 6 -> 1 -> 5 [slot=4-4, slots=1]; LP#73: 6 -> 2 -> 7 -> 8 -> 1 -> 5 [slot=10-10, slots=1]; LP#74: 6 -> 9 -> 5 [slot=10-10, slots=1]; LP#75: 6 -> 2 -> 4 -> 8 -> 1 -> 5 [slot=24-24, slots=1]; LP#76: 6 -> 3 -> 7 -> 5 [slot=13-13, slots=1]; LP#77: 6 -> 1 -> 8 -> 7 -> 5 [slot=23-23, slots=1] | IP 5->1 maps OPT 5->0: LP#83: 5 -> 1 -> 6 -> 2 -> 7 -> 8 -> 4 -> 0 [slot=7-7, slots=1]; LP#84: 5 -> 7 -> 2 -> 4 -> 0 [slot=19-19, slots=1]; LP#85: 5 -> 1 -> 6 -> 3 -> 7 -> 2 -> 4 -> 0 [slot=25-25, slots=1]; LP#86: 5 -> 1 -> 8 -> 4 -> 0 [slot=24-24, slots=1]; LP#87: 5 -> 7 -> 2 -> 6 -> 1 -> 8 -> 4 -> 0 [slot=26-26, slots=1]; LP#88: 5 -> 1 -> 6 -> 3 -> 7 -> 8 -> 4 -> 0 [slot=15-15, slots=1]; LP#89: 5 -> 7 -> 2 -> 4 -> 0 [slot=21-21, slots=1]; LP#90: 5 -> 1 -> 8 -> 7 -> 2 -> 4 -> 0 [slot=27-27, slots=1]; LP#91: 5 -> 1 -> 6 -> 2 -> 7 -> 8 -> 4 -> 0 [slot=28-28, slots=1]"
40,40042,initial,d7,74,4,5,6,5,4 -> 5,6 -> 5,"IP 4->5 maps OPT 6->5: LP#68: 6 -> 3 -> 7 -> 8 -> 1 -> 5 [slot=14-14, slots=1]; LP#69: 6 -> 1 -> 5 [slot=2-2, slots=1]; LP#70: 6 -> 2 -> 4 -> 8 -> 1 -> 5 [slot=23-23, slots=1]; LP#71: 6 -> 1 -> 8 -> 7 -> 5 [slot=15-15, slots=1]; LP#72: 6 -> 1 -> 5 [slot=4-4, slots=1]; LP#73: 6 -> 2 -> 7 -> 8 -> 1 -> 5 [slot=10-10, slots=1]; LP#74: 6 -> 9 -> 5 [slot=10-10, slots=1]; LP#75: 6 -> 2 -> 4 -> 8 -> 1 -> 5 [slot=24-24, slots=1]; LP#76: 6 -> 3 -> 7 -> 5 [slot=13-13, slots=1]; LP#77: 6 -> 1 -> 8 -> 7 -> 5 [slot=23-23, slots=1]"
40,40042,initial,d8,31,4,3,6,9,4 -> 0 -> 3,6 -> 1 -> 9,"IP 4->0 maps OPT 6->1: LP#92: 6 -> 9 -> 5 -> 7 -> 8 -> 1 [slot=25-25, slots=1]; LP#93: 6 -> 3 -> 7 -> 8 -> 1 [slot=5-5, slots=1]; LP#94: 6 -> 3 -> 7 -> 2 -> 4 -> 8 -> 1 [slot=7-7, slots=1]; LP#95: 6 -> 3 -> 7 -> 8 -> 1 [slot=8-8, slots=1] | IP 0->3 maps OPT 1->9: LP#51: 1 -> 6 -> 9 [slot=1-1, slots=1]; LP#52: 1 -> 5 -> 7 -> 3 -> 6 -> 9 [slot=11-11, slots=1]; LP#53: 1 -> 8 -> 4 -> 2 -> 6 -> 9 [slot=16-16, slots=1]; LP#54: 1 -> 5 -> 9 [slot=0-0, slots=1]; LP#55: 1 -> 8 -> 7 -> 5 -> 9 [slot=17-17, slots=1]; LP#56: 1 -> 6 -> 2 -> 7 -> 5 -> 9 [slot=16-16, slots=1]; LP#57: 1 -> 8 -> 7 -> 3 -> 6 -> 9 [slot=18-18, slots=1]"
40,40042,initial,d9,91,3,1,9,0,3 -> 0 -> 4 -> 5 -> 1,9 -> 1 -> 6 -> 5 -> 0,"IP 3->0 maps OPT 9->1: LP#0: 9 -> 5 -> 7 -> 3 -> 6 -> 1 [slot=0-0, slots=1]; LP#1: 9 -> 5 -> 7 -> 2 -> 6 -> 1 [slot=1-1, slots=1]; LP#2: 9 -> 6 -> 3 -> 7 -> 8 -> 1 [slot=0-0, slots=1]; LP#3: 9 -> 6 -> 2 -> 7 -> 5 -> 1 [slot=1-1, slots=1]; LP#4: 9 -> 6 -> 2 -> 4 -> 8 -> 1 [slot=2-2, slots=1]; LP#5: 9 -> 6 -> 2 -> 7 -> 5 -> 1 [slot=3-3, slots=1]; LP#6: 9 -> 6 -> 3 -> 7 -> 5 -> 1 [slot=4-4, slots=1] | IP 0->4 maps OPT 1->6: LP#16: 1 -> 8 -> 7 -> 2 -> 6 [slot=6-6, slots=1]; LP#17: 1 -> 8 -> 7 -> 5 -> 9 -> 6 [slot=7-7, slots=1]; LP#18: 1 -> 5 -> 7 -> 3 -> 6 [slot=6-6, slots=1]; LP#19: 1 -> 8 -> 7 -> 5 -> 9 -> 6 [slot=8-8, slots=1]; LP#20: 1 -> 8 -> 4 -> 2 -> 7 -> 3 -> 6 [slot=4-4, slots=1]; LP#21: 1 -> 5 -> 7 -> 3 -> 6 [slot=7-7, slots=1]; LP#22: 1 -> 8 -> 7 -> 5 -> 9 -> 6 [slot=9-9, slots=1]; LP#23: 1 -> 8 -> 4 -> 2 -> 6 [slot=10-10, slots=1] | IP 4->5 maps OPT 6->5: LP#68: 6 -> 3 -> 7 -> 8 -> 1 -> 5 [slot=14-14, slots=1]; LP#69: 6 -> 1 -> 5 [slot=2-2, slots=1]; LP#70: 6 -> 2 -> 4 -> 8 -> 1 -> 5 [slot=23-23, slots=1]; LP#71: 6 -> 1 -> 8 -> 7 -> 5 [slot=15-15, slots=1]; LP#72: 6 -> 1 -> 5 [slot=4-4, slots=1]; LP#73: 6 -> 2 -> 7 -> 8 -> 1 -> 5 [slot=10-10, slots=1]; LP#74: 6 -> 9 -> 5 [slot=10-10, slots=1]; LP#75: 6 -> 2 -> 4 -> 8 -> 1 -> 5 [slot=24-24, slots=1]; LP#76: 6 -> 3 -> 7 -> 5 [slot=13-13, slots=1]; LP#77: 6 -> 1 -> 8 -> 7 -> 5 [slot=23-23, slots=1] | IP 5->1 maps OPT 5->0: LP#83: 5 -> 1 -> 6 -> 2 -> 7 -> 8 -> 4 -> 0 [slot=7-7, slots=1]; LP#84: 5 -> 7 -> 2 -> 4 -> 0 [slot=19-19, slots=1]; LP#85: 5 -> 1 -> 6 -> 3 -> 7 -> 2 -> 4 -> 0 [slot=25-25, slots=1]; LP#86: 5 -> 1 -> 8 -> 4 -> 0 [slot=24-24, slots=1]; LP#87: 5 -> 7 -> 2 -> 6 -> 1 -> 8 -> 4 -> 0 [slot=26-26, slots=1]; LP#88: 5 -> 1 -> 6 -> 3 -> 7 -> 8 -> 4 -> 0 [slot=15-15, slots=1]; LP#89: 5 -> 7 -> 2 -> 4 -> 0 [slot=21-21, slots=1]; LP#90: 5 -> 1 -> 8 -> 7 -> 2 -> 4 -> 0 [slot=27-27, slots=1]; LP#91: 5 -> 1 -> 6 -> 2 -> 7 -> 8 -> 4 -> 0 [slot=28-28, slots=1]"
40,40042,initial,d10,54,1,2,0,4,1 -> 3 -> 2,0 -> 9 -> 4,"IP 1->3 maps OPT 0->9: LP#58: 0 -> 4 -> 2 -> 7 -> 5 -> 9 [slot=18-18, slots=1]; LP#59: 0 -> 4 -> 2 -> 7 -> 3 -> 6 -> 9 [slot=17-17, slots=1]; LP#60: 0 -> 4 -> 8 -> 7 -> 5 -> 9 [slot=19-19, slots=1]; LP#61: 0 -> 4 -> 2 -> 6 -> 1 -> 5 -> 9 [slot=20-20, slots=1]; LP#62: 0 -> 4 -> 8 -> 7 -> 5 -> 9 [slot=21-21, slots=1]; LP#63: 0 -> 4 -> 2 -> 6 -> 1 -> 5 -> 9 [slot=22-22, slots=1] | IP 3->2 maps OPT 9->4: LP#78: 9 -> 5 -> 1 -> 8 -> 7 -> 2 -> 4 [slot=20-20, slots=1]; LP#79: 9 -> 5 -> 1 -> 8 -> 4 [slot=19-19, slots=1]; LP#80: 9 -> 5 -> 1 -> 8 -> 4 [slot=21-21, slots=1]; LP#81: 9 -> 5 -> 1 -> 6 -> 2 -> 4 [slot=22-22, slots=1]; LP#82: 9 -> 6 -> 3 -> 7 -> 2 -> 4 [slot=11-11, slots=1]"
40,40042,initial,d11,62,1,2,0,4,1 -> 5 -> 4 -> 0 -> 3 -> 2,0 -> 5 -> 6 -> 1 -> 9 -> 4,"IP 1->5 maps OPT 0->5: LP#37: 0 -> 4 -> 8 -> 7 -> 5 [slot=10-10, slots=1]; LP#38: 0 -> 4 -> 2 -> 6 -> 9 -> 5 [slot=7-7, slots=1]; LP#39: 0 -> 4 -> 2 -> 6 -> 1 -> 5 [slot=8-8, slots=1]; LP#40: 0 -> 4 -> 8 -> 7 -> 3 -> 6 -> 1 -> 5 [slot=5-5, slots=1]; LP#41: 0 -> 4 -> 8 -> 1 -> 6 -> 2 -> 7 -> 5 [slot=11-11, slots=1]; LP#42: 0 -> 4 -> 8 -> 7 -> 3 -> 6 -> 1 -> 5 [slot=13-13, slots=1]; LP#43: 0 -> 4 -> 2 -> 6 -> 1 -> 5 [slot=9-9, slots=1] | IP 5->4 maps OPT 5->6: LP#11: 5 -> 7 -> 8 -> 4 -> 2 -> 6 [slot=2-2, slots=1]; LP#12: 5 -> 1 -> 6 [slot=0-0, slots=1]; LP#13: 5 -> 7 -> 2 -> 6 [slot=4-4, slots=1]; LP#14: 5 -> 7 -> 8 -> 1 -> 6 [slot=3-3, slots=1]; LP#15: 5 -> 7 -> 2 -> 6 [slot=5-5, slots=1] | IP 4->0 maps OPT 6->1: LP#92: 6 -> 9 -> 5 -> 7 -> 8 -> 1 [slot=25-25, slots=1]; LP#93: 6 -> 3 -> 7 -> 8 -> 1 [slot=5-5, slots=1]; LP#94: 6 -> 3 -> 7 -> 2 -> 4 -> 8 -> 1 [slot=7-7, slots=1]; LP#95: 6 -> 3 -> 7 -> 8 -> 1 [slot=8-8, slots=1] | IP 0->3 maps OPT 1->9: LP#51: 1 -> 6 -> 9 [slot=1-1, slots=1]; LP#52: 1 -> 5 -> 7 -> 3 -> 6 -> 9 [slot=11-11, slots=1]; LP#53: 1 -> 8 -> 4 -> 2 -> 6 -> 9 [slot=16-16, slots=1]; LP#54: 1 -> 5 -> 9 [slot=0-0, slots=1]; LP#55: 1 -> 8 -> 7 -> 5 -> 9 [slot=17-17, slots=1]; LP#56: 1 -> 6 -> 2 -> 7 -> 5 -> 9 [slot=16-16, slots=1]; LP#57: 1 -> 8 -> 7 -> 3 -> 6 -> 9 [slot=18-18, slots=1] | IP 3->2 maps OPT 9->4: LP#78: 9 -> 5 -> 1 -> 8 -> 7 -> 2 -> 4 [slot=20-20, slots=1]; LP#79: 9 -> 5 -> 1 -> 8 -> 4 [slot=19-19, slots=1]; LP#80: 9 -> 5 -> 1 -> 8 -> 4 [slot=21-21, slots=1]; LP#81: 9 -> 5 -> 1 -> 6 -> 2 -> 4 [slot=22-22, slots=1]; LP#82: 9 -> 6 -> 3 -> 7 -> 2 -> 4 [slot=11-11, slots=1]"
40,40042,initial,d12,44,5,3,5,9,5 -> 1 -> 3,5 -> 0 -> 9,"IP 5->1 maps OPT 5->0: LP#83: 5 -> 1 -> 6 -> 2 -> 7 -> 8 -> 4 -> 0 [slot=7-7, slots=1]; LP#84: 5 -> 7 -> 2 -> 4 -> 0 [slot=19-19, slots=1]; LP#85: 5 -> 1 -> 6 -> 3 -> 7 -> 2 -> 4 -> 0 [slot=25-25, slots=1]; LP#86: 5 -> 1 -> 8 -> 4 -> 0 [slot=24-24, slots=1]; LP#87: 5 -> 7 -> 2 -> 6 -> 1 -> 8 -> 4 -> 0 [slot=26-26, slots=1]; LP#88: 5 -> 1 -> 6 -> 3 -> 7 -> 8 -> 4 -> 0 [slot=15-15, slots=1]; LP#89: 5 -> 7 -> 2 -> 4 -> 0 [slot=21-21, slots=1]; LP#90: 5 -> 1 -> 8 -> 7 -> 2 -> 4 -> 0 [slot=27-27, slots=1]; LP#91: 5 -> 1 -> 6 -> 2 -> 7 -> 8 -> 4 -> 0 [slot=28-28, slots=1] | IP 1->3 maps OPT 0->9: LP#58: 0 -> 4 -> 2 -> 7 -> 5 -> 9 [slot=18-18, slots=1]; LP#59: 0 -> 4 -> 2 -> 7 -> 3 -> 6 -> 9 [slot=17-17, slots=1]; LP#60: 0 -> 4 -> 8 -> 7 -> 5 -> 9 [slot=19-19, slots=1]; LP#61: 0 -> 4 -> 2 -> 6 -> 1 -> 5 -> 9 [slot=20-20, slots=1]; LP#62: 0 -> 4 -> 8 -> 7 -> 5 -> 9 [slot=21-21, slots=1]; LP#63: 0 -> 4 -> 2 -> 6 -> 1 -> 5 -> 9 [slot=22-22, slots=1]"
40,40042,initial,d13,80,0,1,1,0,0 -> 5 -> 1,1 -> 5 -> 0,"IP 0->5 maps OPT 1->5: LP#7: 1 -> 8 -> 7 -> 3 -> 6 -> 9 -> 5 [slot=2-2, slots=1]; LP#8: 1 -> 8 -> 4 -> 2 -> 7 -> 5 [slot=0-0, slots=1]; LP#9: 1 -> 8 -> 7 -> 2 -> 6 -> 9 -> 5 [slot=3-3, slots=1]; LP#10: 1 -> 8 -> 4 -> 2 -> 7 -> 5 [slot=5-5, slots=1] | IP 5->1 maps OPT 5->0: LP#83: 5 -> 1 -> 6 -> 2 -> 7 -> 8 -> 4 -> 0 [slot=7-7, slots=1]; LP#84: 5 -> 7 -> 2 -> 4 -> 0 [slot=19-19, slots=1]; LP#85: 5 -> 1 -> 6 -> 3 -> 7 -> 2 -> 4 -> 0 [slot=25-25, slots=1]; LP#86: 5 -> 1 -> 8 -> 4 -> 0 [slot=24-24, slots=1]; LP#87: 5 -> 7 -> 2 -> 6 -> 1 -> 8 -> 4 -> 0 [slot=26-26, slots=1]; LP#88: 5 -> 1 -> 6 -> 3 -> 7 -> 8 -> 4 -> 0 [slot=15-15, slots=1]; LP#89: 5 -> 7 -> 2 -> 4 -> 0 [slot=21-21, slots=1]; LP#90: 5 -> 1 -> 8 -> 7 -> 2 -> 4 -> 0 [slot=27-27, slots=1]; LP#91: 5 -> 1 -> 6 -> 2 -> 7 -> 8 -> 4 -> 0 [slot=28-28, slots=1]"
40,40042,initial,d14,80,1,0,0,1,1 -> 3 -> 0,0 -> 9 -> 1,"IP 1->3 maps OPT 0->9: LP#58: 0 -> 4 -> 2 -> 7 -> 5 -> 9 [slot=18-18, slots=1]; LP#59: 0 -> 4 -> 2 -> 7 -> 3 -> 6 -> 9 [slot=17-17, slots=1]; LP#60: 0 -> 4 -> 8 -> 7 -> 5 -> 9 [slot=19-19, slots=1]; LP#61: 0 -> 4 -> 2 -> 6 -> 1 -> 5 -> 9 [slot=20-20, slots=1]; LP#62: 0 -> 4 -> 8 -> 7 -> 5 -> 9 [slot=21-21, slots=1]; LP#63: 0 -> 4 -> 2 -> 6 -> 1 -> 5 -> 9 [slot=22-22, slots=1] | IP 3->0 maps OPT 9->1: LP#0: 9 -> 5 -> 7 -> 3 -> 6 -> 1 [slot=0-0, slots=1]; LP#1: 9 -> 5 -> 7 -> 2 -> 6 -> 1 [slot=1-1, slots=1]; LP#2: 9 -> 6 -> 3 -> 7 -> 8 -> 1 [slot=0-0, slots=1]; LP#3: 9 -> 6 -> 2 -> 7 -> 5 -> 1 [slot=1-1, slots=1]; LP#4: 9 -> 6 -> 2 -> 4 -> 8 -> 1 [slot=2-2, slots=1]; LP#5: 9 -> 6 -> 2 -> 7 -> 5 -> 1 [slot=3-3, slots=1]; LP#6: 9 -> 6 -> 3 -> 7 -> 5 -> 1 [slot=4-4, slots=1]"
40,40042,initial,d15,50,4,1,6,0,4 -> 5 -> 1,6 -> 5 -> 0,"IP 4->5 maps OPT 6->5: LP#68: 6 -> 3 -> 7 -> 8 -> 1 -> 5 [slot=14-14, slots=1]; LP#69: 6 -> 1 -> 5 [slot=2-2, slots=1]; LP#70: 6 -> 2 -> 4 -> 8 -> 1 -> 5 [slot=23-23, slots=1]; LP#71: 6 -> 1 -> 8 -> 7 -> 5 [slot=15-15, slots=1]; LP#72: 6 -> 1 -> 5 [slot=4-4, slots=1]; LP#73: 6 -> 2 -> 7 -> 8 -> 1 -> 5 [slot=10-10, slots=1]; LP#74: 6 -> 9 -> 5 [slot=10-10, slots=1]; LP#75: 6 -> 2 -> 4 -> 8 -> 1 -> 5 [slot=24-24, slots=1]; LP#76: 6 -> 3 -> 7 -> 5 [slot=13-13, slots=1]; LP#77: 6 -> 1 -> 8 -> 7 -> 5 [slot=23-23, slots=1] | IP 5->1 maps OPT 5->0: LP#83: 5 -> 1 -> 6 -> 2 -> 7 -> 8 -> 4 -> 0 [slot=7-7, slots=1]; LP#84: 5 -> 7 -> 2 -> 4 -> 0 [slot=19-19, slots=1]; LP#85: 5 -> 1 -> 6 -> 3 -> 7 -> 2 -> 4 -> 0 [slot=25-25, slots=1]; LP#86: 5 -> 1 -> 8 -> 4 -> 0 [slot=24-24, slots=1]; LP#87: 5 -> 7 -> 2 -> 6 -> 1 -> 8 -> 4 -> 0 [slot=26-26, slots=1]; LP#88: 5 -> 1 -> 6 -> 3 -> 7 -> 8 -> 4 -> 0 [slot=15-15, slots=1]; LP#89: 5 -> 7 -> 2 -> 4 -> 0 [slot=21-21, slots=1]; LP#90: 5 -> 1 -> 8 -> 7 -> 2 -> 4 -> 0 [slot=27-27, slots=1]; LP#91: 5 -> 1 -> 6 -> 2 -> 7 -> 8 -> 4 -> 0 [slot=28-28, slots=1]"
40,40042,initial,d16,51,5,4,5,6,5 -> 1 -> 3 -> 0 -> 4,5 -> 0 -> 9 -> 1 -> 6,"IP 5->1 maps OPT 5->0: LP#83: 5 -> 1 -> 6 -> 2 -> 7 -> 8 -> 4 -> 0 [slot=7-7, slots=1]; LP#84: 5 -> 7 -> 2 -> 4 -> 0 [slot=19-19, slots=1]; LP#85: 5 -> 1 -> 6 -> 3 -> 7 -> 2 -> 4 -> 0 [slot=25-25, slots=1]; LP#86: 5 -> 1 -> 8 -> 4 -> 0 [slot=24-24, slots=1]; LP#87: 5 -> 7 -> 2 -> 6 -> 1 -> 8 -> 4 -> 0 [slot=26-26, slots=1]; LP#88: 5 -> 1 -> 6 -> 3 -> 7 -> 8 -> 4 -> 0 [slot=15-15, slots=1]; LP#89: 5 -> 7 -> 2 -> 4 -> 0 [slot=21-21, slots=1]; LP#90: 5 -> 1 -> 8 -> 7 -> 2 -> 4 -> 0 [slot=27-27, slots=1]; LP#91: 5 -> 1 -> 6 -> 2 -> 7 -> 8 -> 4 -> 0 [slot=28-28, slots=1] | IP 1->3 maps OPT 0->9: LP#58: 0 -> 4 -> 2 -> 7 -> 5 -> 9 [slot=18-18, slots=1]; LP#59: 0 -> 4 -> 2 -> 7 -> 3 -> 6 -> 9 [slot=17-17, slots=1]; LP#60: 0 -> 4 -> 8 -> 7 -> 5 -> 9 [slot=19-19, slots=1]; LP#61: 0 -> 4 -> 2 -> 6 -> 1 -> 5 -> 9 [slot=20-20, slots=1]; LP#62: 0 -> 4 -> 8 -> 7 -> 5 -> 9 [slot=21-21, slots=1]; LP#63: 0 -> 4 -> 2 -> 6 -> 1 -> 5 -> 9 [slot=22-22, slots=1] | IP 3->0 maps OPT 9->1: LP#0: 9 -> 5 -> 7 -> 3 -> 6 -> 1 [slot=0-0, slots=1]; LP#1: 9 -> 5 -> 7 -> 2 -> 6 -> 1 [slot=1-1, slots=1]; LP#2: 9 -> 6 -> 3 -> 7 -> 8 -> 1 [slot=0-0, slots=1]; LP#3: 9 -> 6 -> 2 -> 7 -> 5 -> 1 [slot=1-1, slots=1]; LP#4: 9 -> 6 -> 2 -> 4 -> 8 -> 1 [slot=2-2, slots=1]; LP#5: 9 -> 6 -> 2 -> 7 -> 5 -> 1 [slot=3-3, slots=1]; LP#6: 9 -> 6 -> 3 -> 7 -> 5 -> 1 [slot=4-4, slots=1] | IP 0->4 maps OPT 1->6: LP#16: 1 -> 8 -> 7 -> 2 -> 6 [slot=6-6, slots=1]; LP#17: 1 -> 8 -> 7 -> 5 -> 9 -> 6 [slot=7-7, slots=1]; LP#18: 1 -> 5 -> 7 -> 3 -> 6 [slot=6-6, slots=1]; LP#19: 1 -> 8 -> 7 -> 5 -> 9 -> 6 [slot=8-8, slots=1]; LP#20: 1 -> 8 -> 4 -> 2 -> 7 -> 3 -> 6 [slot=4-4, slots=1]; LP#21: 1 -> 5 -> 7 -> 3 -> 6 [slot=7-7, slots=1]; LP#22: 1 -> 8 -> 7 -> 5 -> 9 -> 6 [slot=9-9, slots=1]; LP#23: 1 -> 8 -> 4 -> 2 -> 6 [slot=10-10, slots=1]"
40,40042,initial,d17,55,0,5,1,5,0 -> 3 -> 1 -> 5,1 -> 9 -> 0 -> 5,"IP 0->3 maps OPT 1->9: LP#51: 1 -> 6 -> 9 [slot=1-1, slots=1]; LP#52: 1 -> 5 -> 7 -> 3 -> 6 -> 9 [slot=11-11, slots=1]; LP#53: 1 -> 8 -> 4 -> 2 -> 6 -> 9 [slot=16-16, slots=1]; LP#54: 1 -> 5 -> 9 [slot=0-0, slots=1]; LP#55: 1 -> 8 -> 7 -> 5 -> 9 [slot=17-17, slots=1]; LP#56: 1 -> 6 -> 2 -> 7 -> 5 -> 9 [slot=16-16, slots=1]; LP#57: 1 -> 8 -> 7 -> 3 -> 6 -> 9 [slot=18-18, slots=1] | IP 3->1 maps OPT 9->0: LP#28: 9 -> 5 -> 7 -> 2 -> 4 -> 0 [slot=8-8, slots=1]; LP#29: 9 -> 5 -> 1 -> 8 -> 4 -> 0 [slot=11-11, slots=1]; LP#30: 9 -> 6 -> 1 -> 8 -> 4 -> 0 [slot=12-12, slots=1]; LP#31: 9 -> 5 -> 1 -> 6 -> 2 -> 4 -> 0 [slot=5-5, slots=1]; LP#32: 9 -> 6 -> 2 -> 7 -> 8 -> 4 -> 0 [slot=6-6, slots=1]; LP#33: 9 -> 6 -> 2 -> 7 -> 8 -> 4 -> 0 [slot=13-13, slots=1]; LP#34: 9 -> 5 -> 7 -> 2 -> 4 -> 0 [slot=9-9, slots=1]; LP#35: 9 -> 5 -> 1 -> 8 -> 7 -> 2 -> 4 -> 0 [slot=14-14, slots=1]; LP#36: 9 -> 6 -> 3 -> 7 -> 2 -> 4 -> 0 [slot=10-10, slots=1] | IP 1->5 maps OPT 0->5: LP#37: 0 -> 4 -> 8 -> 7 -> 5 [slot=10-10, slots=1]; LP#38: 0 -> 4 -> 2 -> 6 -> 9 -> 5 [slot=7-7, slots=1]; LP#39: 0 -> 4 -> 2 -> 6 -> 1 -> 5 [slot=8-8, slots=1]; LP#40: 0 -> 4 -> 8 -> 7 -> 3 -> 6 -> 1 -> 5 [slot=5-5, slots=1]; LP#41: 0 -> 4 -> 8 -> 1 -> 6 -> 2 -> 7 -> 5 [slot=11-11, slots=1]; LP#42: 0 -> 4 -> 8 -> 7 -> 3 -> 6 -> 1 -> 5 [slot=13-13, slots=1]; LP#43: 0 -> 4 -> 2 -> 6 -> 1 -> 5 [slot=9-9, slots=1]"
40,40042,initial,d18,71,5,1,5,0,5 -> 4 -> 0 -> 3 -> 1,5 -> 6 -> 1 -> 9 -> 0,"IP 5->4 maps OPT 5->6: LP#11: 5 -> 7 -> 8 -> 4 -> 2 -> 6 [slot=2-2, slots=1]; LP#12: 5 -> 1 -> 6 [slot=0-0, slots=1]; LP#13: 5 -> 7 -> 2 -> 6 [slot=4-4, slots=1]; LP#14: 5 -> 7 -> 8 -> 1 -> 6 [slot=3-3, slots=1]; LP#15: 5 -> 7 -> 2 -> 6 [slot=5-5, slots=1] | IP 4->0 maps OPT 6->1: LP#92: 6 -> 9 -> 5 -> 7 -> 8 -> 1 [slot=25-25, slots=1]; LP#93: 6 -> 3 -> 7 -> 8 -> 1 [slot=5-5, slots=1]; LP#94: 6 -> 3 -> 7 -> 2 -> 4 -> 8 -> 1 [slot=7-7, slots=1]; LP#95: 6 -> 3 -> 7 -> 8 -> 1 [slot=8-8, slots=1] | IP 0->3 maps OPT 1->9: LP#51: 1 -> 6 -> 9 [slot=1-1, slots=1]; LP#52: 1 -> 5 -> 7 -> 3 -> 6 -> 9 [slot=11-11, slots=1]; LP#53: 1 -> 8 -> 4 -> 2 -> 6 -> 9 [slot=16-16, slots=1]; LP#54: 1 -> 5 -> 9 [slot=0-0, slots=1]; LP#55: 1 -> 8 -> 7 -> 5 -> 9 [slot=17-17, slots=1]; LP#56: 1 -> 6 -> 2 -> 7 -> 5 -> 9 [slot=16-16, slots=1]; LP#57: 1 -> 8 -> 7 -> 3 -> 6 -> 9 [slot=18-18, slots=1] | IP 3->1 maps OPT 9->0: LP#28: 9 -> 5 -> 7 -> 2 -> 4 -> 0 [slot=8-8, slots=1]; LP#29: 9 -> 5 -> 1 -> 8 -> 4 -> 0 [slot=11-11, slots=1]; LP#30: 9 -> 6 -> 1 -> 8 -> 4 -> 0 [slot=12-12, slots=1]; LP#31: 9 -> 5 -> 1 -> 6 -> 2 -> 4 -> 0 [slot=5-5, slots=1]; LP#32: 9 -> 6 -> 2 -> 7 -> 8 -> 4 -> 0 [slot=6-6, slots=1]; LP#33: 9 -> 6 -> 2 -> 7 -> 8 -> 4 -> 0 [slot=13-13, slots=1]; LP#34: 9 -> 5 -> 7 -> 2 -> 4 -> 0 [slot=9-9, slots=1]; LP#35: 9 -> 5 -> 1 -> 8 -> 7 -> 2 -> 4 -> 0 [slot=14-14, slots=1]; LP#36: 9 -> 6 -> 3 -> 7 -> 2 -> 4 -> 0 [slot=10-10, slots=1]"
40,40042,initial,d19,33,2,5,4,5,2 -> 3 -> 0 -> 5,4 -> 9 -> 1 -> 5,"IP 2->3 maps OPT 4->9: LP#44: 4 -> 8 -> 1 -> 6 -> 9 [slot=4-4, slots=1]; LP#45: 4 -> 2 -> 7 -> 5 -> 9 [slot=12-12, slots=1]; LP#46: 4 -> 2 -> 7 -> 5 -> 9 [slot=14-14, slots=1]; LP#47: 4 -> 2 -> 7 -> 3 -> 6 -> 9 [slot=15-15, slots=1] | IP 3->0 maps OPT 9->1: LP#0: 9 -> 5 -> 7 -> 3 -> 6 -> 1 [slot=0-0, slots=1]; LP#1: 9 -> 5 -> 7 -> 2 -> 6 -> 1 [slot=1-1, slots=1]; LP#2: 9 -> 6 -> 3 -> 7 -> 8 -> 1 [slot=0-0, slots=1]; LP#3: 9 -> 6 -> 2 -> 7 -> 5 -> 1 [slot=1-1, slots=1]; LP#4: 9 -> 6 -> 2 -> 4 -> 8 -> 1 [slot=2-2, slots=1]; LP#5: 9 -> 6 -> 2 -> 7 -> 5 -> 1 [slot=3-3, slots=1]; LP#6: 9 -> 6 -> 3 -> 7 -> 5 -> 1 [slot=4-4, slots=1] | IP 0->5 maps OPT 1->5: LP#7: 1 -> 8 -> 7 -> 3 -> 6 -> 9 -> 5 [slot=2-2, slots=1]; LP#8: 1 -> 8 -> 4 -> 2 -> 7 -> 5 [slot=0-0, slots=1]; LP#9: 1 -> 8 -> 7 -> 2 -> 6 -> 9 -> 5 [slot=3-3, slots=1]; LP#10: 1 -> 8 -> 4 -> 2 -> 7 -> 5 [slot=5-5, slots=1]"
40,40042,initial,d20,58,3,4,9,6,3 -> 1 -> 5 -> 0 -> 4,9 -> 0 -> 5 -> 1 -> 6,"IP 3->1 maps OPT 9->0: LP#28: 9 -> 5 -> 7 -> 2 -> 4 -> 0 [slot=8-8, slots=1]; LP#29: 9 -> 5 -> 1 -> 8 -> 4 -> 0 [slot=11-11, slots=1]; LP#30: 9 -> 6 -> 1 -> 8 -> 4 -> 0 [slot=12-12, slots=1]; LP#31: 9 -> 5 -> 1 -> 6 -> 2 -> 4 -> 0 [slot=5-5, slots=1]; LP#32: 9 -> 6 -> 2 -> 7 -> 8 -> 4 -> 0 [slot=6-6, slots=1]; LP#33: 9 -> 6 -> 2 -> 7 -> 8 -> 4 -> 0 [slot=13-13, slots=1]; LP#34: 9 -> 5 -> 7 -> 2 -> 4 -> 0 [slot=9-9, slots=1]; LP#35: 9 -> 5 -> 1 -> 8 -> 7 -> 2 -> 4 -> 0 [slot=14-14, slots=1]; LP#36: 9 -> 6 -> 3 -> 7 -> 2 -> 4 -> 0 [slot=10-10, slots=1] | IP 1->5 maps OPT 0->5: LP#37: 0 -> 4 -> 8 -> 7 -> 5 [slot=10-10, slots=1]; LP#38: 0 -> 4 -> 2 -> 6 -> 9 -> 5 [slot=7-7, slots=1]; LP#39: 0 -> 4 -> 2 -> 6 -> 1 -> 5 [slot=8-8, slots=1]; LP#40: 0 -> 4 -> 8 -> 7 -> 3 -> 6 -> 1 -> 5 [slot=5-5, slots=1]; LP#41: 0 -> 4 -> 8 -> 1 -> 6 -> 2 -> 7 -> 5 [slot=11-11, slots=1]; LP#42: 0 -> 4 -> 8 -> 7 -> 3 -> 6 -> 1 -> 5 [slot=13-13, slots=1]; LP#43: 0 -> 4 -> 2 -> 6 -> 1 -> 5 [slot=9-9, slots=1] | IP 5->0 maps OPT 5->1: LP#48: 5 -> 9 -> 6 -> 2 -> 4 -> 8 -> 1 [slot=15-15, slots=1]; LP#49: 5 -> 7 -> 2 -> 4 -> 8 -> 1 [slot=12-12, slots=1]; LP#50: 5 -> 7 -> 3 -> 6 -> 1 [slot=10-10, slots=1] | IP 0->4 maps OPT 1->6: LP#16: 1 -> 8 -> 7 -> 2 -> 6 [slot=6-6, slots=1]; LP#17: 1 -> 8 -> 7 -> 5 -> 9 -> 6 [slot=7-7, slots=1]; LP#18: 1 -> 5 -> 7 -> 3 -> 6 [slot=6-6, slots=1]; LP#19: 1 -> 8 -> 7 -> 5 -> 9 -> 6 [slot=8-8, slots=1]; LP#20: 1 -> 8 -> 4 -> 2 -> 7 -> 3 -> 6 [slot=4-4, slots=1]; LP#21: 1 -> 5 -> 7 -> 3 -> 6 [slot=7-7, slots=1]; LP#22: 1 -> 8 -> 7 -> 5 -> 9 -> 6 [slot=9-9, slots=1]; LP#23: 1 -> 8 -> 4 -> 2 -> 6 [slot=10-10, slots=1]"
40,40042,initial,d21,50,4,0,6,1,4 -> 5 -> 0,6 -> 5 -> 1,"IP 4->5 maps OPT 6->5: LP#68: 6 -> 3 -> 7 -> 8 -> 1 -> 5 [slot=14-14, slots=1]; LP#69: 6 -> 1 -> 5 [slot=2-2, slots=1]; LP#70: 6 -> 2 -> 4 -> 8 -> 1 -> 5 [slot=23-23, slots=1]; LP#71: 6 -> 1 -> 8 -> 7 -> 5 [slot=15-15, slots=1]; LP#72: 6 -> 1 -> 5 [slot=4-4, slots=1]; LP#73: 6 -> 2 -> 7 -> 8 -> 1 -> 5 [slot=10-10, slots=1]; LP#74: 6 -> 9 -> 5 [slot=10-10, slots=1]; LP#75: 6 -> 2 -> 4 -> 8 -> 1 -> 5 [slot=24-24, slots=1]; LP#76: 6 -> 3 -> 7 -> 5 [slot=13-13, slots=1]; LP#77: 6 -> 1 -> 8 -> 7 -> 5 [slot=23-23, slots=1] | IP 5->0 maps OPT 5->1: LP#48: 5 -> 9 -> 6 -> 2 -> 4 -> 8 -> 1 [slot=15-15, slots=1]; LP#49: 5 -> 7 -> 2 -> 4 -> 8 -> 1 [slot=12-12, slots=1]; LP#50: 5 -> 7 -> 3 -> 6 -> 1 [slot=10-10, slots=1]"
40,40042,initial,d22,23,4,5,6,5,4 -> 3 -> 0 -> 5,6 -> 9 -> 1 -> 5,"IP 4->3 maps OPT 6->9: LP#24: 6 -> 3 -> 7 -> 8 -> 1 -> 5 -> 9 [slot=1-1, slots=1]; LP#25: 6 -> 3 -> 7 -> 5 -> 9 [slot=2-2, slots=1]; LP#26: 6 -> 1 -> 5 -> 9 [slot=3-3, slots=1]; LP#27: 6 -> 3 -> 7 -> 5 -> 9 [slot=6-6, slots=1] | IP 3->0 maps OPT 9->1: LP#0: 9 -> 5 -> 7 -> 3 -> 6 -> 1 [slot=0-0, slots=1]; LP#1: 9 -> 5 -> 7 -> 2 -> 6 -> 1 [slot=1-1, slots=1]; LP#2: 9 -> 6 -> 3 -> 7 -> 8 -> 1 [slot=0-0, slots=1]; LP#3: 9 -> 6 -> 2 -> 7 -> 5 -> 1 [slot=1-1, slots=1]; LP#4: 9 -> 6 -> 2 -> 4 -> 8 -> 1 [slot=2-2, slots=1]; LP#5: 9 -> 6 -> 2 -> 7 -> 5 -> 1 [slot=3-3, slots=1]; LP#6: 9 -> 6 -> 3 -> 7 -> 5 -> 1 [slot=4-4, slots=1] | IP 0->5 maps OPT 1->5: LP#7: 1 -> 8 -> 7 -> 3 -> 6 -> 9 -> 5 [slot=2-2, slots=1]; LP#8: 1 -> 8 -> 4 -> 2 -> 7 -> 5 [slot=0-0, slots=1]; LP#9: 1 -> 8 -> 7 -> 2 -> 6 -> 9 -> 5 [slot=3-3, slots=1]; LP#10: 1 -> 8 -> 4 -> 2 -> 7 -> 5 [slot=5-5, slots=1]"
40,40042,initial,d23,89,4,2,6,4,4 -> 3 -> 2,6 -> 9 -> 4,"IP 4->3 maps OPT 6->9: LP#24: 6 -> 3 -> 7 -> 8 -> 1 -> 5 -> 9 [slot=1-1, slots=1]; LP#25: 6 -> 3 -> 7 -> 5 -> 9 [slot=2-2, slots=1]; LP#26: 6 -> 1 -> 5 -> 9 [slot=3-3, slots=1]; LP#27: 6 -> 3 -> 7 -> 5 -> 9 [slot=6-6, slots=1] | IP 3->2 maps OPT 9->4: LP#78: 9 -> 5 -> 1 -> 8 -> 7 -> 2 -> 4 [slot=20-20, slots=1]; LP#79: 9 -> 5 -> 1 -> 8 -> 4 [slot=19-19, slots=1]; LP#80: 9 -> 5 -> 1 -> 8 -> 4 [slot=21-21, slots=1]; LP#81: 9 -> 5 -> 1 -> 6 -> 2 -> 4 [slot=22-22, slots=1]; LP#82: 9 -> 6 -> 3 -> 7 -> 2 -> 4 [slot=11-11, slots=1]"
40,40042,initial,d24,99,4,5,6,5,4 -> 5,6 -> 5,"IP 4->5 maps OPT 6->5: LP#68: 6 -> 3 -> 7 -> 8 -> 1 -> 5 [slot=14-14, slots=1]; LP#69: 6 -> 1 -> 5 [slot=2-2, slots=1]; LP#70: 6 -> 2 -> 4 -> 8 -> 1 -> 5 [slot=23-23, slots=1]; LP#71: 6 -> 1 -> 8 -> 7 -> 5 [slot=15-15, slots=1]; LP#72: 6 -> 1 -> 5 [slot=4-4, slots=1]; LP#73: 6 -> 2 -> 7 -> 8 -> 1 -> 5 [slot=10-10, slots=1]; LP#74: 6 -> 9 -> 5 [slot=10-10, slots=1]; LP#75: 6 -> 2 -> 4 -> 8 -> 1 -> 5 [slot=24-24, slots=1]; LP#76: 6 -> 3 -> 7 -> 5 [slot=13-13, slots=1]; LP#77: 6 -> 1 -> 8 -> 7 -> 5 [slot=23-23, slots=1]"
40,40042,initial,d25,33,5,4,5,6,5 -> 4,5 -> 6,"IP 5->4 maps OPT 5->6: LP#11: 5 -> 7 -> 8 -> 4 -> 2 -> 6 [slot=2-2, slots=1]; LP#12: 5 -> 1 -> 6 [slot=0-0, slots=1]; LP#13: 5 -> 7 -> 2 -> 6 [slot=4-4, slots=1]; LP#14: 5 -> 7 -> 8 -> 1 -> 6 [slot=3-3, slots=1]; LP#15: 5 -> 7 -> 2 -> 6 [slot=5-5, slots=1]"
40,40042,initial,d26,23,3,1,9,0,3 -> 4 -> 5 -> 1,9 -> 6 -> 5 -> 0,"IP 3->4 maps OPT 9->6: LP#64: 9 -> 5 -> 7 -> 2 -> 4 -> 8 -> 1 -> 6 [slot=17-17, slots=1]; LP#65: 9 -> 5 -> 7 -> 3 -> 6 [slot=16-16, slots=1]; LP#66: 9 -> 5 -> 1 -> 6 [slot=6-6, slots=1]; LP#67: 9 -> 5 -> 7 -> 2 -> 4 -> 8 -> 1 -> 6 [slot=18-18, slots=1] | IP 4->5 maps OPT 6->5: LP#68: 6 -> 3 -> 7 -> 8 -> 1 -> 5 [slot=14-14, slots=1]; LP#69: 6 -> 1 -> 5 [slot=2-2, slots=1]; LP#70: 6 -> 2 -> 4 -> 8 -> 1 -> 5 [slot=23-23, slots=1]; LP#71: 6 -> 1 -> 8 -> 7 -> 5 [slot=15-15, slots=1]; LP#72: 6 -> 1 -> 5 [slot=4-4, slots=1]; LP#73: 6 -> 2 -> 7 -> 8 -> 1 -> 5 [slot=10-10, slots=1]; LP#74: 6 -> 9 -> 5 [slot=10-10, slots=1]; LP#75: 6 -> 2 -> 4 -> 8 -> 1 -> 5 [slot=24-24, slots=1]; LP#76: 6 -> 3 -> 7 -> 5 [slot=13-13, slots=1]; LP#77: 6 -> 1 -> 8 -> 7 -> 5 [slot=23-23, slots=1] | IP 5->1 maps OPT 5->0: LP#83: 5 -> 1 -> 6 -> 2 -> 7 -> 8 -> 4 -> 0 [slot=7-7, slots=1]; LP#84: 5 -> 7 -> 2 -> 4 -> 0 [slot=19-19, slots=1]; LP#85: 5 -> 1 -> 6 -> 3 -> 7 -> 2 -> 4 -> 0 [slot=25-25, slots=1]; LP#86: 5 -> 1 -> 8 -> 4 -> 0 [slot=24-24, slots=1]; LP#87: 5 -> 7 -> 2 -> 6 -> 1 -> 8 -> 4 -> 0 [slot=26-26, slots=1]; LP#88: 5 -> 1 -> 6 -> 3 -> 7 -> 8 -> 4 -> 0 [slot=15-15, slots=1]; LP#89: 5 -> 7 -> 2 -> 4 -> 0 [slot=21-21, slots=1]; LP#90: 5 -> 1 -> 8 -> 7 -> 2 -> 4 -> 0 [slot=27-27, slots=1]; LP#91: 5 -> 1 -> 6 -> 2 -> 7 -> 8 -> 4 -> 0 [slot=28-28, slots=1]"
40,40042,initial,d27,79,2,3,4,9,2 -> 3,4 -> 9,"IP 2->3 maps OPT 4->9: LP#44: 4 -> 8 -> 1 -> 6 -> 9 [slot=4-4, slots=1]; LP#45: 4 -> 2 -> 7 -> 5 -> 9 [slot=12-12, slots=1]; LP#46: 4 -> 2 -> 7 -> 5 -> 9 [slot=14-14, slots=1]; LP#47: 4 -> 2 -> 7 -> 3 -> 6 -> 9 [slot=15-15, slots=1]"
40,40042,initial,d28,82,3,4,9,6,3 -> 1 -> 5 -> 4,9 -> 0 -> 5 -> 6,"IP 3->1 maps OPT 9->0: LP#28: 9 -> 5 -> 7 -> 2 -> 4 -> 0 [slot=8-8, slots=1]; LP#29: 9 -> 5 -> 1 -> 8 -> 4 -> 0 [slot=11-11, slots=1]; LP#30: 9 -> 6 -> 1 -> 8 -> 4 -> 0 [slot=12-12, slots=1]; LP#31: 9 -> 5 -> 1 -> 6 -> 2 -> 4 -> 0 [slot=5-5, slots=1]; LP#32: 9 -> 6 -> 2 -> 7 -> 8 -> 4 -> 0 [slot=6-6, slots=1]; LP#33: 9 -> 6 -> 2 -> 7 -> 8 -> 4 -> 0 [slot=13-13, slots=1]; LP#34: 9 -> 5 -> 7 -> 2 -> 4 -> 0 [slot=9-9, slots=1]; LP#35: 9 -> 5 -> 1 -> 8 -> 7 -> 2 -> 4 -> 0 [slot=14-14, slots=1]; LP#36: 9 -> 6 -> 3 -> 7 -> 2 -> 4 -> 0 [slot=10-10, slots=1] | IP 1->5 maps OPT 0->5: LP#37: 0 -> 4 -> 8 -> 7 -> 5 [slot=10-10, slots=1]; LP#38: 0 -> 4 -> 2 -> 6 -> 9 -> 5 [slot=7-7, slots=1]; LP#39: 0 -> 4 -> 2 -> 6 -> 1 -> 5 [slot=8-8, slots=1]; LP#40: 0 -> 4 -> 8 -> 7 -> 3 -> 6 -> 1 -> 5 [slot=5-5, slots=1]; LP#41: 0 -> 4 -> 8 -> 1 -> 6 -> 2 -> 7 -> 5 [slot=11-11, slots=1]; LP#42: 0 -> 4 -> 8 -> 7 -> 3 -> 6 -> 1 -> 5 [slot=13-13, slots=1]; LP#43: 0 -> 4 -> 2 -> 6 -> 1 -> 5 [slot=9-9, slots=1] | IP 5->4 maps OPT 5->6: LP#11: 5 -> 7 -> 8 -> 4 -> 2 -> 6 [slot=2-2, slots=1]; LP#12: 5 -> 1 -> 6 [slot=0-0, slots=1]; LP#13: 5 -> 7 -> 2 -> 6 [slot=4-4, slots=1]; LP#14: 5 -> 7 -> 8 -> 1 -> 6 [slot=3-3, slots=1]; LP#15: 5 -> 7 -> 2 -> 6 [slot=5-5, slots=1]"
40,40042,initial,d29,95,0,5,1,5,0 -> 3 -> 4 -> 5,1 -> 9 -> 6 -> 5,"IP 0->3 maps OPT 1->9: LP#51: 1 -> 6 -> 9 [slot=1-1, slots=1]; LP#52: 1 -> 5 -> 7 -> 3 -> 6 -> 9 [slot=11-11, slots=1]; LP#53: 1 -> 8 -> 4 -> 2 -> 6 -> 9 [slot=16-16, slots=1]; LP#54: 1 -> 5 -> 9 [slot=0-0, slots=1]; LP#55: 1 -> 8 -> 7 -> 5 -> 9 [slot=17-17, slots=1]; LP#56: 1 -> 6 -> 2 -> 7 -> 5 -> 9 [slot=16-16, slots=1]; LP#57: 1 -> 8 -> 7 -> 3 -> 6 -> 9 [slot=18-18, slots=1] | IP 3->4 maps OPT 9->6: LP#64: 9 -> 5 -> 7 -> 2 -> 4 -> 8 -> 1 -> 6 [slot=17-17, slots=1]; LP#65: 9 -> 5 -> 7 -> 3 -> 6 [slot=16-16, slots=1]; LP#66: 9 -> 5 -> 1 -> 6 [slot=6-6, slots=1]; LP#67: 9 -> 5 -> 7 -> 2 -> 4 -> 8 -> 1 -> 6 [slot=18-18, slots=1] | IP 4->5 maps OPT 6->5: LP#68: 6 -> 3 -> 7 -> 8 -> 1 -> 5 [slot=14-14, slots=1]; LP#69: 6 -> 1 -> 5 [slot=2-2, slots=1]; LP#70: 6 -> 2 -> 4 -> 8 -> 1 -> 5 [slot=23-23, slots=1]; LP#71: 6 -> 1 -> 8 -> 7 -> 5 [slot=15-15, slots=1]; LP#72: 6 -> 1 -> 5 [slot=4-4, slots=1]; LP#73: 6 -> 2 -> 7 -> 8 -> 1 -> 5 [slot=10-10, slots=1]; LP#74: 6 -> 9 -> 5 [slot=10-10, slots=1]; LP#75: 6 -> 2 -> 4 -> 8 -> 1 -> 5 [slot=24-24, slots=1]; LP#76: 6 -> 3 -> 7 -> 5 [slot=13-13, slots=1]; LP#77: 6 -> 1 -> 8 -> 7 -> 5 [slot=23-23, slots=1]"
40,40042,initial,d30,73,2,1,4,0,2 -> 3 -> 4 -> 5 -> 1,4 -> 9 -> 6 -> 5 -> 0,"IP 2->3 maps OPT 4->9: LP#44: 4 -> 8 -> 1 -> 6 -> 9 [slot=4-4, slots=1]; LP#45: 4 -> 2 -> 7 -> 5 -> 9 [slot=12-12, slots=1]; LP#46: 4 -> 2 -> 7 -> 5 -> 9 [slot=14-14, slots=1]; LP#47: 4 -> 2 -> 7 -> 3 -> 6 -> 9 [slot=15-15, slots=1] | IP 3->4 maps OPT 9->6: LP#64: 9 -> 5 -> 7 -> 2 -> 4 -> 8 -> 1 -> 6 [slot=17-17, slots=1]; LP#65: 9 -> 5 -> 7 -> 3 -> 6 [slot=16-16, slots=1]; LP#66: 9 -> 5 -> 1 -> 6 [slot=6-6, slots=1]; LP#67: 9 -> 5 -> 7 -> 2 -> 4 -> 8 -> 1 -> 6 [slot=18-18, slots=1] | IP 4->5 maps OPT 6->5: LP#68: 6 -> 3 -> 7 -> 8 -> 1 -> 5 [slot=14-14, slots=1]; LP#69: 6 -> 1 -> 5 [slot=2-2, slots=1]; LP#70: 6 -> 2 -> 4 -> 8 -> 1 -> 5 [slot=23-23, slots=1]; LP#71: 6 -> 1 -> 8 -> 7 -> 5 [slot=15-15, slots=1]; LP#72: 6 -> 1 -> 5 [slot=4-4, slots=1]; LP#73: 6 -> 2 -> 7 -> 8 -> 1 -> 5 [slot=10-10, slots=1]; LP#74: 6 -> 9 -> 5 [slot=10-10, slots=1]; LP#75: 6 -> 2 -> 4 -> 8 -> 1 -> 5 [slot=24-24, slots=1]; LP#76: 6 -> 3 -> 7 -> 5 [slot=13-13, slots=1]; LP#77: 6 -> 1 -> 8 -> 7 -> 5 [slot=23-23, slots=1] | IP 5->1 maps OPT 5->0: LP#83: 5 -> 1 -> 6 -> 2 -> 7 -> 8 -> 4 -> 0 [slot=7-7, slots=1]; LP#84: 5 -> 7 -> 2 -> 4 -> 0 [slot=19-19, slots=1]; LP#85: 5 -> 1 -> 6 -> 3 -> 7 -> 2 -> 4 -> 0 [slot=25-25, slots=1]; LP#86: 5 -> 1 -> 8 -> 4 -> 0 [slot=24-24, slots=1]; LP#87: 5 -> 7 -> 2 -> 6 -> 1 -> 8 -> 4 -> 0 [slot=26-26, slots=1]; LP#88: 5 -> 1 -> 6 -> 3 -> 7 -> 8 -> 4 -> 0 [slot=15-15, slots=1]; LP#89: 5 -> 7 -> 2 -> 4 -> 0 [slot=21-21, slots=1]; LP#90: 5 -> 1 -> 8 -> 7 -> 2 -> 4 -> 0 [slot=27-27, slots=1]; LP#91: 5 -> 1 -> 6 -> 2 -> 7 -> 8 -> 4 -> 0 [slot=28-28, slots=1]"
40,40042,initial,d31,50,0,4,1,6,0 -> 5 -> 1 -> 3 -> 4,1 -> 5 -> 0 -> 9 -> 6,"IP 0->5 maps OPT 1->5: LP#7: 1 -> 8 -> 7 -> 3 -> 6 -> 9 -> 5 [slot=2-2, slots=1]; LP#8: 1 -> 8 -> 4 -> 2 -> 7 -> 5 [slot=0-0, slots=1]; LP#9: 1 -> 8 -> 7 -> 2 -> 6 -> 9 -> 5 [slot=3-3, slots=1]; LP#10: 1 -> 8 -> 4 -> 2 -> 7 -> 5 [slot=5-5, slots=1] | IP 5->1 maps OPT 5->0: LP#83: 5 -> 1 -> 6 -> 2 -> 7 -> 8 -> 4 -> 0 [slot=7-7, slots=1]; LP#84: 5 -> 7 -> 2 -> 4 -> 0 [slot=19-19, slots=1]; LP#85: 5 -> 1 -> 6 -> 3 -> 7 -> 2 -> 4 -> 0 [slot=25-25, slots=1]; LP#86: 5 -> 1 -> 8 -> 4 -> 0 [slot=24-24, slots=1]; LP#87: 5 -> 7 -> 2 -> 6 -> 1 -> 8 -> 4 -> 0 [slot=26-26, slots=1]; LP#88: 5 -> 1 -> 6 -> 3 -> 7 -> 8 -> 4 -> 0 [slot=15-15, slots=1]; LP#89: 5 -> 7 -> 2 -> 4 -> 0 [slot=21-21, slots=1]; LP#90: 5 -> 1 -> 8 -> 7 -> 2 -> 4 -> 0 [slot=27-27, slots=1]; LP#91: 5 -> 1 -> 6 -> 2 -> 7 -> 8 -> 4 -> 0 [slot=28-28, slots=1] | IP 1->3 maps OPT 0->9: LP#58: 0 -> 4 -> 2 -> 7 -> 5 -> 9 [slot=18-18, slots=1]; LP#59: 0 -> 4 -> 2 -> 7 -> 3 -> 6 -> 9 [slot=17-17, slots=1]; LP#60: 0 -> 4 -> 8 -> 7 -> 5 -> 9 [slot=19-19, slots=1]; LP#61: 0 -> 4 -> 2 -> 6 -> 1 -> 5 -> 9 [slot=20-20, slots=1]; LP#62: 0 -> 4 -> 8 -> 7 -> 5 -> 9 [slot=21-21, slots=1]; LP#63: 0 -> 4 -> 2 -> 6 -> 1 -> 5 -> 9 [slot=22-22, slots=1] | IP 3->4 maps OPT 9->6: LP#64: 9 -> 5 -> 7 -> 2 -> 4 -> 8 -> 1 -> 6 [slot=17-17, slots=1]; LP#65: 9 -> 5 -> 7 -> 3 -> 6 [slot=16-16, slots=1]; LP#66: 9 -> 5 -> 1 -> 6 [slot=6-6, slots=1]; LP#67: 9 -> 5 -> 7 -> 2 -> 4 -> 8 -> 1 -> 6 [slot=18-18, slots=1]"
40,40042,initial,d32,92,0,1,1,0,0 -> 4 -> 3 -> 1,1 -> 6 -> 9 -> 0,"IP 0->4 maps OPT 1->6: LP#16: 1 -> 8 -> 7 -> 2 -> 6 [slot=6-6, slots=1]; LP#17: 1 -> 8 -> 7 -> 5 -> 9 -> 6 [slot=7-7, slots=1]; LP#18: 1 -> 5 -> 7 -> 3 -> 6 [slot=6-6, slots=1]; LP#19: 1 -> 8 -> 7 -> 5 -> 9 -> 6 [slot=8-8, slots=1]; LP#20: 1 -> 8 -> 4 -> 2 -> 7 -> 3 -> 6 [slot=4-4, slots=1]; LP#21: 1 -> 5 -> 7 -> 3 -> 6 [slot=7-7, slots=1]; LP#22: 1 -> 8 -> 7 -> 5 -> 9 -> 6 [slot=9-9, slots=1]; LP#23: 1 -> 8 -> 4 -> 2 -> 6 [slot=10-10, slots=1] | IP 4->3 maps OPT 6->9: LP#24: 6 -> 3 -> 7 -> 8 -> 1 -> 5 -> 9 [slot=1-1, slots=1]; LP#25: 6 -> 3 -> 7 -> 5 -> 9 [slot=2-2, slots=1]; LP#26: 6 -> 1 -> 5 -> 9 [slot=3-3, slots=1]; LP#27: 6 -> 3 -> 7 -> 5 -> 9 [slot=6-6, slots=1] | IP 3->1 maps OPT 9->0: LP#28: 9 -> 5 -> 7 -> 2 -> 4 -> 0 [slot=8-8, slots=1]; LP#29: 9 -> 5 -> 1 -> 8 -> 4 -> 0 [slot=11-11, slots=1]; LP#30: 9 -> 6 -> 1 -> 8 -> 4 -> 0 [slot=12-12, slots=1]; LP#31: 9 -> 5 -> 1 -> 6 -> 2 -> 4 -> 0 [slot=5-5, slots=1]; LP#32: 9 -> 6 -> 2 -> 7 -> 8 -> 4 -> 0 [slot=6-6, slots=1]; LP#33: 9 -> 6 -> 2 -> 7 -> 8 -> 4 -> 0 [slot=13-13, slots=1]; LP#34: 9 -> 5 -> 7 -> 2 -> 4 -> 0 [slot=9-9, slots=1]; LP#35: 9 -> 5 -> 1 -> 8 -> 7 -> 2 -> 4 -> 0 [slot=14-14, slots=1]; LP#36: 9 -> 6 -> 3 -> 7 -> 2 -> 4 -> 0 [slot=10-10, slots=1]"
40,40042,initial,d33,46,4,2,6,4,4 -> 5 -> 0 -> 3 -> 2,6 -> 5 -> 1 -> 9 -> 4,"IP 4->5 maps OPT 6->5: LP#68: 6 -> 3 -> 7 -> 8 -> 1 -> 5 [slot=14-14, slots=1]; LP#69: 6 -> 1 -> 5 [slot=2-2, slots=1]; LP#70: 6 -> 2 -> 4 -> 8 -> 1 -> 5 [slot=23-23, slots=1]; LP#71: 6 -> 1 -> 8 -> 7 -> 5 [slot=15-15, slots=1]; LP#72: 6 -> 1 -> 5 [slot=4-4, slots=1]; LP#73: 6 -> 2 -> 7 -> 8 -> 1 -> 5 [slot=10-10, slots=1]; LP#74: 6 -> 9 -> 5 [slot=10-10, slots=1]; LP#75: 6 -> 2 -> 4 -> 8 -> 1 -> 5 [slot=24-24, slots=1]; LP#76: 6 -> 3 -> 7 -> 5 [slot=13-13, slots=1]; LP#77: 6 -> 1 -> 8 -> 7 -> 5 [slot=23-23, slots=1] | IP 5->0 maps OPT 5->1: LP#48: 5 -> 9 -> 6 -> 2 -> 4 -> 8 -> 1 [slot=15-15, slots=1]; LP#49: 5 -> 7 -> 2 -> 4 -> 8 -> 1 [slot=12-12, slots=1]; LP#50: 5 -> 7 -> 3 -> 6 -> 1 [slot=10-10, slots=1] | IP 0->3 maps OPT 1->9: LP#51: 1 -> 6 -> 9 [slot=1-1, slots=1]; LP#52: 1 -> 5 -> 7 -> 3 -> 6 -> 9 [slot=11-11, slots=1]; LP#53: 1 -> 8 -> 4 -> 2 -> 6 -> 9 [slot=16-16, slots=1]; LP#54: 1 -> 5 -> 9 [slot=0-0, slots=1]; LP#55: 1 -> 8 -> 7 -> 5 -> 9 [slot=17-17, slots=1]; LP#56: 1 -> 6 -> 2 -> 7 -> 5 -> 9 [slot=16-16, slots=1]; LP#57: 1 -> 8 -> 7 -> 3 -> 6 -> 9 [slot=18-18, slots=1] | IP 3->2 maps OPT 9->4: LP#78: 9 -> 5 -> 1 -> 8 -> 7 -> 2 -> 4 [slot=20-20, slots=1]; LP#79: 9 -> 5 -> 1 -> 8 -> 4 [slot=19-19, slots=1]; LP#80: 9 -> 5 -> 1 -> 8 -> 4 [slot=21-21, slots=1]; LP#81: 9 -> 5 -> 1 -> 6 -> 2 -> 4 [slot=22-22, slots=1]; LP#82: 9 -> 6 -> 3 -> 7 -> 2 -> 4 [slot=11-11, slots=1]"
40,40042,initial,d34,61,4,5,6,5,4 -> 0 -> 3 -> 1 -> 5,6 -> 1 -> 9 -> 0 -> 5,"IP 4->0 maps OPT 6->1: LP#92: 6 -> 9 -> 5 -> 7 -> 8 -> 1 [slot=25-25, slots=1]; LP#93: 6 -> 3 -> 7 -> 8 -> 1 [slot=5-5, slots=1]; LP#94: 6 -> 3 -> 7 -> 2 -> 4 -> 8 -> 1 [slot=7-7, slots=1]; LP#95: 6 -> 3 -> 7 -> 8 -> 1 [slot=8-8, slots=1] | IP 0->3 maps OPT 1->9: LP#51: 1 -> 6 -> 9 [slot=1-1, slots=1]; LP#52: 1 -> 5 -> 7 -> 3 -> 6 -> 9 [slot=11-11, slots=1]; LP#53: 1 -> 8 -> 4 -> 2 -> 6 -> 9 [slot=16-16, slots=1]; LP#54: 1 -> 5 -> 9 [slot=0-0, slots=1]; LP#55: 1 -> 8 -> 7 -> 5 -> 9 [slot=17-17, slots=1]; LP#56: 1 -> 6 -> 2 -> 7 -> 5 -> 9 [slot=16-16, slots=1]; LP#57: 1 -> 8 -> 7 -> 3 -> 6 -> 9 [slot=18-18, slots=1] | IP 3->1 maps OPT 9->0: LP#28: 9 -> 5 -> 7 -> 2 -> 4 -> 0 [slot=8-8, slots=1]; LP#29: 9 -> 5 -> 1 -> 8 -> 4 -> 0 [slot=11-11, slots=1]; LP#30: 9 -> 6 -> 1 -> 8 -> 4 -> 0 [slot=12-12, slots=1]; LP#31: 9 -> 5 -> 1 -> 6 -> 2 -> 4 -> 0 [slot=5-5, slots=1]; LP#32: 9 -> 6 -> 2 -> 7 -> 8 -> 4 -> 0 [slot=6-6, slots=1]; LP#33: 9 -> 6 -> 2 -> 7 -> 8 -> 4 -> 0 [slot=13-13, slots=1]; LP#34: 9 -> 5 -> 7 -> 2 -> 4 -> 0 [slot=9-9, slots=1]; LP#35: 9 -> 5 -> 1 -> 8 -> 7 -> 2 -> 4 -> 0 [slot=14-14, slots=1]; LP#36: 9 -> 6 -> 3 -> 7 -> 2 -> 4 -> 0 [slot=10-10, slots=1] | IP 1->5 maps OPT 0->5: LP#37: 0 -> 4 -> 8 -> 7 -> 5 [slot=10-10, slots=1]; LP#38: 0 -> 4 -> 2 -> 6 -> 9 -> 5 [slot=7-7, slots=1]; LP#39: 0 -> 4 -> 2 -> 6 -> 1 -> 5 [slot=8-8, slots=1]; LP#40: 0 -> 4 -> 8 -> 7 -> 3 -> 6 -> 1 -> 5 [slot=5-5, slots=1]; LP#41: 0 -> 4 -> 8 -> 1 -> 6 -> 2 -> 7 -> 5 [slot=11-11, slots=1]; LP#42: 0 -> 4 -> 8 -> 7 -> 3 -> 6 -> 1 -> 5 [slot=13-13, slots=1]; LP#43: 0 -> 4 -> 2 -> 6 -> 1 -> 5 [slot=9-9, slots=1]"
40,40042,initial,d35,60,3,1,9,0,3 -> 0 -> 4 -> 5 -> 1,9 -> 1 -> 6 -> 5 -> 0,"IP 3->0 maps OPT 9->1: LP#0: 9 -> 5 -> 7 -> 3 -> 6 -> 1 [slot=0-0, slots=1]; LP#1: 9 -> 5 -> 7 -> 2 -> 6 -> 1 [slot=1-1, slots=1]; LP#2: 9 -> 6 -> 3 -> 7 -> 8 -> 1 [slot=0-0, slots=1]; LP#3: 9 -> 6 -> 2 -> 7 -> 5 -> 1 [slot=1-1, slots=1]; LP#4: 9 -> 6 -> 2 -> 4 -> 8 -> 1 [slot=2-2, slots=1]; LP#5: 9 -> 6 -> 2 -> 7 -> 5 -> 1 [slot=3-3, slots=1]; LP#6: 9 -> 6 -> 3 -> 7 -> 5 -> 1 [slot=4-4, slots=1] | IP 0->4 maps OPT 1->6: LP#16: 1 -> 8 -> 7 -> 2 -> 6 [slot=6-6, slots=1]; LP#17: 1 -> 8 -> 7 -> 5 -> 9 -> 6 [slot=7-7, slots=1]; LP#18: 1 -> 5 -> 7 -> 3 -> 6 [slot=6-6, slots=1]; LP#19: 1 -> 8 -> 7 -> 5 -> 9 -> 6 [slot=8-8, slots=1]; LP#20: 1 -> 8 -> 4 -> 2 -> 7 -> 3 -> 6 [slot=4-4, slots=1]; LP#21: 1 -> 5 -> 7 -> 3 -> 6 [slot=7-7, slots=1]; LP#22: 1 -> 8 -> 7 -> 5 -> 9 -> 6 [slot=9-9, slots=1]; LP#23: 1 -> 8 -> 4 -> 2 -> 6 [slot=10-10, slots=1] | IP 4->5 maps OPT 6->5: LP#68: 6 -> 3 -> 7 -> 8 -> 1 -> 5 [slot=14-14, slots=1]; LP#69: 6 -> 1 -> 5 [slot=2-2, slots=1]; LP#70: 6 -> 2 -> 4 -> 8 -> 1 -> 5 [slot=23-23, slots=1]; LP#71: 6 -> 1 -> 8 -> 7 -> 5 [slot=15-15, slots=1]; LP#72: 6 -> 1 -> 5 [slot=4-4, slots=1]; LP#73: 6 -> 2 -> 7 -> 8 -> 1 -> 5 [slot=10-10, slots=1]; LP#74: 6 -> 9 -> 5 [slot=10-10, slots=1]; LP#75: 6 -> 2 -> 4 -> 8 -> 1 -> 5 [slot=24-24, slots=1]; LP#76: 6 -> 3 -> 7 -> 5 [slot=13-13, slots=1]; LP#77: 6 -> 1 -> 8 -> 7 -> 5 [slot=23-23, slots=1] | IP 5->1 maps OPT 5->0: LP#83: 5 -> 1 -> 6 -> 2 -> 7 -> 8 -> 4 -> 0 [slot=7-7, slots=1]; LP#84: 5 -> 7 -> 2 -> 4 -> 0 [slot=19-19, slots=1]; LP#85: 5 -> 1 -> 6 -> 3 -> 7 -> 2 -> 4 -> 0 [slot=25-25, slots=1]; LP#86: 5 -> 1 -> 8 -> 4 -> 0 [slot=24-24, slots=1]; LP#87: 5 -> 7 -> 2 -> 6 -> 1 -> 8 -> 4 -> 0 [slot=26-26, slots=1]; LP#88: 5 -> 1 -> 6 -> 3 -> 7 -> 8 -> 4 -> 0 [slot=15-15, slots=1]; LP#89: 5 -> 7 -> 2 -> 4 -> 0 [slot=21-21, slots=1]; LP#90: 5 -> 1 -> 8 -> 7 -> 2 -> 4 -> 0 [slot=27-27, slots=1]; LP#91: 5 -> 1 -> 6 -> 2 -> 7 -> 8 -> 4 -> 0 [slot=28-28, slots=1]"
40,40042,initial,d36,41,2,0,4,1,2 -> 3 -> 1 -> 5 -> 4 -> 0,4 -> 9 -> 0 -> 5 -> 6 -> 1,"IP 2->3 maps OPT 4->9: LP#44: 4 -> 8 -> 1 -> 6 -> 9 [slot=4-4, slots=1]; LP#45: 4 -> 2 -> 7 -> 5 -> 9 [slot=12-12, slots=1]; LP#46: 4 -> 2 -> 7 -> 5 -> 9 [slot=14-14, slots=1]; LP#47: 4 -> 2 -> 7 -> 3 -> 6 -> 9 [slot=15-15, slots=1] | IP 3->1 maps OPT 9->0: LP#28: 9 -> 5 -> 7 -> 2 -> 4 -> 0 [slot=8-8, slots=1]; LP#29: 9 -> 5 -> 1 -> 8 -> 4 -> 0 [slot=11-11, slots=1]; LP#30: 9 -> 6 -> 1 -> 8 -> 4 -> 0 [slot=12-12, slots=1]; LP#31: 9 -> 5 -> 1 -> 6 -> 2 -> 4 -> 0 [slot=5-5, slots=1]; LP#32: 9 -> 6 -> 2 -> 7 -> 8 -> 4 -> 0 [slot=6-6, slots=1]; LP#33: 9 -> 6 -> 2 -> 7 -> 8 -> 4 -> 0 [slot=13-13, slots=1]; LP#34: 9 -> 5 -> 7 -> 2 -> 4 -> 0 [slot=9-9, slots=1]; LP#35: 9 -> 5 -> 1 -> 8 -> 7 -> 2 -> 4 -> 0 [slot=14-14, slots=1]; LP#36: 9 -> 6 -> 3 -> 7 -> 2 -> 4 -> 0 [slot=10-10, slots=1] | IP 1->5 maps OPT 0->5: LP#37: 0 -> 4 -> 8 -> 7 -> 5 [slot=10-10, slots=1]; LP#38: 0 -> 4 -> 2 -> 6 -> 9 -> 5 [slot=7-7, slots=1]; LP#39: 0 -> 4 -> 2 -> 6 -> 1 -> 5 [slot=8-8, slots=1]; LP#40: 0 -> 4 -> 8 -> 7 -> 3 -> 6 -> 1 -> 5 [slot=5-5, slots=1]; LP#41: 0 -> 4 -> 8 -> 1 -> 6 -> 2 -> 7 -> 5 [slot=11-11, slots=1]; LP#42: 0 -> 4 -> 8 -> 7 -> 3 -> 6 -> 1 -> 5 [slot=13-13, slots=1]; LP#43: 0 -> 4 -> 2 -> 6 -> 1 -> 5 [slot=9-9, slots=1] | IP 5->4 maps OPT 5->6: LP#11: 5 -> 7 -> 8 -> 4 -> 2 -> 6 [slot=2-2, slots=1]; LP#12: 5 -> 1 -> 6 [slot=0-0, slots=1]; LP#13: 5 -> 7 -> 2 -> 6 [slot=4-4, slots=1]; LP#14: 5 -> 7 -> 8 -> 1 -> 6 [slot=3-3, slots=1]; LP#15: 5 -> 7 -> 2 -> 6 [slot=5-5, slots=1] | IP 4->0 maps OPT 6->1: LP#92: 6 -> 9 -> 5 -> 7 -> 8 -> 1 [slot=25-25, slots=1]; LP#93: 6 -> 3 -> 7 -> 8 -> 1 [slot=5-5, slots=1]; LP#94: 6 -> 3 -> 7 -> 2 -> 4 -> 8 -> 1 [slot=7-7, slots=1]; LP#95: 6 -> 3 -> 7 -> 8 -> 1 [slot=8-8, slots=1]"
40,40042,initial,d37,86,5,3,5,9,5 -> 1 -> 3,5 -> 0 -> 9,"IP 5->1 maps OPT 5->0: LP#83: 5 -> 1 -> 6 -> 2 -> 7 -> 8 -> 4 -> 0 [slot=7-7, slots=1]; LP#84: 5 -> 7 -> 2 -> 4 -> 0 [slot=19-19, slots=1]; LP#85: 5 -> 1 -> 6 -> 3 -> 7 -> 2 -> 4 -> 0 [slot=25-25, slots=1]; LP#86: 5 -> 1 -> 8 -> 4 -> 0 [slot=24-24, slots=1]; LP#87: 5 -> 7 -> 2 -> 6 -> 1 -> 8 -> 4 -> 0 [slot=26-26, slots=1]; LP#88: 5 -> 1 -> 6 -> 3 -> 7 -> 8 -> 4 -> 0 [slot=15-15, slots=1]; LP#89: 5 -> 7 -> 2 -> 4 -> 0 [slot=21-21, slots=1]; LP#90: 5 -> 1 -> 8 -> 7 -> 2 -> 4 -> 0 [slot=27-27, slots=1]; LP#91: 5 -> 1 -> 6 -> 2 -> 7 -> 8 -> 4 -> 0 [slot=28-28, slots=1] | IP 1->3 maps OPT 0->9: LP#58: 0 -> 4 -> 2 -> 7 -> 5 -> 9 [slot=18-18, slots=1]; LP#59: 0 -> 4 -> 2 -> 7 -> 3 -> 6 -> 9 [slot=17-17, slots=1]; LP#60: 0 -> 4 -> 8 -> 7 -> 5 -> 9 [slot=19-19, slots=1]; LP#61: 0 -> 4 -> 2 -> 6 -> 1 -> 5 -> 9 [slot=20-20, slots=1]; LP#62: 0 -> 4 -> 8 -> 7 -> 5 -> 9 [slot=21-21, slots=1]; LP#63: 0 -> 4 -> 2 -> 6 -> 1 -> 5 -> 9 [slot=22-22, slots=1]"
40,40042,initial,d38,38,3,5,9,5,3 -> 1 -> 5,9 -> 0 -> 5,"IP 3->1 maps OPT 9->0: LP#28: 9 -> 5 -> 7 -> 2 -> 4 -> 0 [slot=8-8, slots=1]; LP#29: 9 -> 5 -> 1 -> 8 -> 4 -> 0 [slot=11-11, slots=1]; LP#30: 9 -> 6 -> 1 -> 8 -> 4 -> 0 [slot=12-12, slots=1]; LP#31: 9 -> 5 -> 1 -> 6 -> 2 -> 4 -> 0 [slot=5-5, slots=1]; LP#32: 9 -> 6 -> 2 -> 7 -> 8 -> 4 -> 0 [slot=6-6, slots=1]; LP#33: 9 -> 6 -> 2 -> 7 -> 8 -> 4 -> 0 [slot=13-13, slots=1]; LP#34: 9 -> 5 -> 7 -> 2 -> 4 -> 0 [slot=9-9, slots=1]; LP#35: 9 -> 5 -> 1 -> 8 -> 7 -> 2 -> 4 -> 0 [slot=14-14, slots=1]; LP#36: 9 -> 6 -> 3 -> 7 -> 2 -> 4 -> 0 [slot=10-10, slots=1] | IP 1->5 maps OPT 0->5: LP#37: 0 -> 4 -> 8 -> 7 -> 5 [slot=10-10, slots=1]; LP#38: 0 -> 4 -> 2 -> 6 -> 9 -> 5 [slot=7-7, slots=1]; LP#39: 0 -> 4 -> 2 -> 6 -> 1 -> 5 [slot=8-8, slots=1]; LP#40: 0 -> 4 -> 8 -> 7 -> 3 -> 6 -> 1 -> 5 [slot=5-5, slots=1]; LP#41: 0 -> 4 -> 8 -> 1 -> 6 -> 2 -> 7 -> 5 [slot=11-11, slots=1]; LP#42: 0 -> 4 -> 8 -> 7 -> 3 -> 6 -> 1 -> 5 [slot=13-13, slots=1]; LP#43: 0 -> 4 -> 2 -> 6 -> 1 -> 5 [slot=9-9, slots=1]"
40,40042,initial,d39,31,3,5,9,5,3 -> 0 -> 5,9 -> 1 -> 5,"IP 3->0 maps OPT 9->1: LP#0: 9 -> 5 -> 7 -> 3 -> 6 -> 1 [slot=0-0, slots=1]; LP#1: 9 -> 5 -> 7 -> 2 -> 6 -> 1 [slot=1-1, slots=1]; LP#2: 9 -> 6 -> 3 -> 7 -> 8 -> 1 [slot=0-0, slots=1]; LP#3: 9 -> 6 -> 2 -> 7 -> 5 -> 1 [slot=1-1, slots=1]; LP#4: 9 -> 6 -> 2 -> 4 -> 8 -> 1 [slot=2-2, slots=1]; LP#5: 9 -> 6 -> 2 -> 7 -> 5 -> 1 [slot=3-3, slots=1]; LP#6: 9 -> 6 -> 3 -> 7 -> 5 -> 1 [slot=4-4, slots=1] | IP 0->5 maps OPT 1->5: LP#7: 1 -> 8 -> 7 -> 3 -> 6 -> 9 -> 5 [slot=2-2, slots=1]; LP#8: 1 -> 8 -> 4 -> 2 -> 7 -> 5 [slot=0-0, slots=1]; LP#9: 1 -> 8 -> 7 -> 2 -> 6 -> 9 -> 5 [slot=3-3, slots=1]; LP#10: 1 -> 8 -> 4 -> 2 -> 7 -> 5 [slot=5-5, slots=1]"
40,40042,best,d0,36,3,4,9,6,3 -> 4,9 -> 6,"IP 3->4 maps OPT 9->6: LP#67: 9 -> 5 -> 7 -> 2 -> 4 -> 8 -> 1 -> 6 [slot=18-18, slots=1]; LP#208: 9 -> 5 -> 7 -> 2 -> 4 -> 8 -> 1 -> 6 [slot=17-17, slots=1]; LP#256: 9 -> 5 -> 7 -> 8 -> 4 -> 2 -> 6 [slot=23-23, slots=1]"
40,40042,best,d1,94,0,5,1,5,0 -> 4 -> 3 -> 1 -> 5,1 -> 6 -> 9 -> 0 -> 5,"IP 0->4 maps OPT 1->6: LP#17: 1 -> 8 -> 7 -> 5 -> 9 -> 6 [slot=7-7, slots=1]; LP#19: 1 -> 8 -> 7 -> 5 -> 9 -> 6 [slot=8-8, slots=1]; LP#20: 1 -> 8 -> 4 -> 2 -> 7 -> 3 -> 6 [slot=4-4, slots=1]; LP#23: 1 -> 8 -> 4 -> 2 -> 6 [slot=10-10, slots=1]; LP#232: 1 -> 8 -> 7 -> 5 -> 9 -> 6 [slot=9-9, slots=1]; LP#253: 1 -> 8 -> 7 -> 2 -> 6 [slot=6-6, slots=1] | IP 4->3 maps OPT 6->9: LP#24: 6 -> 3 -> 7 -> 8 -> 1 -> 5 -> 9 [slot=1-1, slots=1]; LP#25: 6 -> 3 -> 7 -> 5 -> 9 [slot=2-2, slots=1]; LP#26: 6 -> 1 -> 5 -> 9 [slot=3-3, slots=1]; LP#27: 6 -> 3 -> 7 -> 5 -> 9 [slot=6-6, slots=1] | IP 3->1 maps OPT 9->0: LP#28: 9 -> 5 -> 7 -> 2 -> 4 -> 0 [slot=8-8, slots=1]; LP#31: 9 -> 5 -> 1 -> 6 -> 2 -> 4 -> 0 [slot=5-5, slots=1]; LP#33: 9 -> 6 -> 2 -> 7 -> 8 -> 4 -> 0 [slot=13-13, slots=1]; LP#36: 9 -> 6 -> 3 -> 7 -> 2 -> 4 -> 0 [slot=10-10, slots=1]; LP#189: 9 -> 6 -> 1 -> 8 -> 4 -> 0 [slot=12-12, slots=1]; LP#197: 9 -> 6 -> 2 -> 7 -> 8 -> 4 -> 0 [slot=6-6, slots=1]; LP#257: 9 -> 5 -> 1 -> 8 -> 4 -> 0 [slot=11-11, slots=1] | IP 1->5 maps OPT 0->5: LP#42: 0 -> 4 -> 8 -> 7 -> 3 -> 6 -> 1 -> 5 [slot=13-13, slots=1]; LP#43: 0 -> 4 -> 2 -> 6 -> 1 -> 5 [slot=9-9, slots=1]; LP#171: 0 -> 4 -> 2 -> 6 -> 1 -> 5 [slot=8-8, slots=1]; LP#259: 0 -> 4 -> 2 -> 6 -> 9 -> 5 [slot=7-7, slots=1]"
40,40042,best,d2,82,2,4,4,6,2 -> 3 -> 0 -> 4,4 -> 9 -> 1 -> 6,"IP 2->3 maps OPT 4->9: LP#44: 4 -> 8 -> 1 -> 6 -> 9 [slot=4-4, slots=1]; LP#45: 4 -> 2 -> 7 -> 5 -> 9 [slot=12-12, slots=1]; LP#46: 4 -> 2 -> 7 -> 5 -> 9 [slot=14-14, slots=1]; LP#47: 4 -> 2 -> 7 -> 3 -> 6 -> 9 [slot=15-15, slots=1] | IP 3->0 maps OPT 9->1: LP#2: 9 -> 6 -> 3 -> 7 -> 8 -> 1 [slot=0-0, slots=1]; LP#4: 9 -> 6 -> 2 -> 4 -> 8 -> 1 [slot=2-2, slots=1]; LP#6: 9 -> 6 -> 3 -> 7 -> 5 -> 1 [slot=4-4, slots=1]; LP#261: 9 -> 6 -> 2 -> 7 -> 5 -> 1 [slot=1-1, slots=1]; LP#262: 9 -> 5 -> 7 -> 3 -> 6 -> 1 [slot=0-0, slots=1] | IP 0->4 maps OPT 1->6: LP#17: 1 -> 8 -> 7 -> 5 -> 9 -> 6 [slot=7-7, slots=1]; LP#19: 1 -> 8 -> 7 -> 5 -> 9 -> 6 [slot=8-8, slots=1]; LP#20: 1 -> 8 -> 4 -> 2 -> 7 -> 3 -> 6 [slot=4-4, slots=1]; LP#23: 1 -> 8 -> 4 -> 2 -> 6 [slot=10-10, slots=1]; LP#232: 1 -> 8 -> 7 -> 5 -> 9 -> 6 [slot=9-9, slots=1]; LP#253: 1 -> 8 -> 7 -> 2 -> 6 [slot=6-6, slots=1]"
40,40042,best,d3,79,5,1,5,0,5 -> 1,5 -> 0,"IP 5->1 maps OPT 5->0: LP#83: 5 -> 1 -> 6 -> 2 -> 7 -> 8 -> 4 -> 0 [slot=7-7, slots=1]; LP#84: 5 -> 7 -> 2 -> 4 -> 0 [slot=19-19, slots=1]; LP#85: 5 -> 1 -> 6 -> 3 -> 7 -> 2 -> 4 -> 0 [slot=25-25, slots=1]; LP#88: 5 -> 1 -> 6 -> 3 -> 7 -> 8 -> 4 -> 0 [slot=15-15, slots=1]; LP#89: 5 -> 7 -> 2 -> 4 -> 0 [slot=21-21, slots=1]; LP#90: 5 -> 1 -> 8 -> 7 -> 2 -> 4 -> 0 [slot=27-27, slots=1]"
40,40042,best,d4,26,1,5,0,5,1 -> 5,0 -> 5,"IP 1->5 maps OPT 0->5: LP#42: 0 -> 4 -> 8 -> 7 -> 3 -> 6 -> 1 -> 5 [slot=13-13, slots=1]; LP#43: 0 -> 4 -> 2 -> 6 -> 1 -> 5 [slot=9-9, slots=1]; LP#171: 0 -> 4 -> 2 -> 6 -> 1 -> 5 [slot=8-8, slots=1]; LP#259: 0 -> 4 -> 2 -> 6 -> 9 -> 5 [slot=7-7, slots=1]"
40,40042,best,d5,77,1,2,0,4,1 -> 3 -> 2,0 -> 9 -> 4,"IP 1->3 maps OPT 0->9: LP#58: 0 -> 4 -> 2 -> 7 -> 5 -> 9 [slot=18-18, slots=1]; LP#60: 0 -> 4 -> 8 -> 7 -> 5 -> 9 [slot=19-19, slots=1]; LP#61: 0 -> 4 -> 2 -> 6 -> 1 -> 5 -> 9 [slot=20-20, slots=1]; LP#210: 0 -> 4 -> 2 -> 6 -> 1 -> 5 -> 9 [slot=22-22, slots=1]; LP#258: 0 -> 4 -> 2 -> 7 -> 8 -> 1 -> 6 -> 9 [slot=26-26, slots=1] | IP 3->2 maps OPT 9->4: LP#78: 9 -> 5 -> 1 -> 8 -> 7 -> 2 -> 4 [slot=20-20, slots=1]; LP#80: 9 -> 5 -> 1 -> 8 -> 4 [slot=21-21, slots=1]; LP#131: 9 -> 6 -> 3 -> 7 -> 2 -> 4 [slot=11-11, slots=1]; LP#242: 9 -> 5 -> 1 -> 8 -> 4 [slot=19-19, slots=1]; LP#254: 9 -> 6 -> 2 -> 4 [slot=15-15, slots=1]"
40,40042,best,d6,53,0,1,1,0,0 -> 3 -> 4 -> 5 -> 1,1 -> 9 -> 6 -> 5 -> 0,"IP 0->3 maps OPT 1->9: LP#53: 1 -> 8 -> 4 -> 2 -> 6 -> 9 [slot=16-16, slots=1]; LP#56: 1 -> 6 -> 2 -> 7 -> 5 -> 9 [slot=16-16, slots=1]; LP#203: 1 -> 5 -> 9 [slot=0-0, slots=1]; LP#226: 1 -> 6 -> 9 [slot=1-1, slots=1] | IP 3->4 maps OPT 9->6: LP#67: 9 -> 5 -> 7 -> 2 -> 4 -> 8 -> 1 -> 6 [slot=18-18, slots=1]; LP#208: 9 -> 5 -> 7 -> 2 -> 4 -> 8 -> 1 -> 6 [slot=17-17, slots=1]; LP#256: 9 -> 5 -> 7 -> 8 -> 4 -> 2 -> 6 [slot=23-23, slots=1] | IP 4->5 maps OPT 6->5: LP#70: 6 -> 2 -> 4 -> 8 -> 1 -> 5 [slot=23-23, slots=1]; LP#72: 6 -> 1 -> 5 [slot=4-4, slots=1]; LP#75: 6 -> 2 -> 4 -> 8 -> 1 -> 5 [slot=24-24, slots=1]; LP#175: 6 -> 3 -> 7 -> 5 [slot=20-20, slots=1]; LP#176: 6 -> 2 -> 7 -> 8 -> 1 -> 5 [slot=10-10, slots=1]; LP#178: 6 -> 3 -> 7 -> 5 [slot=13-13, slots=1]; LP#184: 6 -> 1 -> 5 [slot=2-2, slots=1]; LP#215: 6 -> 3 -> 7 -> 8 -> 1 -> 5 [slot=14-14, slots=1] | IP 5->1 maps OPT 5->0: LP#83: 5 -> 1 -> 6 -> 2 -> 7 -> 8 -> 4 -> 0 [slot=7-7, slots=1]; LP#84: 5 -> 7 -> 2 -> 4 -> 0 [slot=19-19, slots=1]; LP#85: 5 -> 1 -> 6 -> 3 -> 7 -> 2 -> 4 -> 0 [slot=25-25, slots=1]; LP#88: 5 -> 1 -> 6 -> 3 -> 7 -> 8 -> 4 -> 0 [slot=15-15, slots=1]; LP#89: 5 -> 7 -> 2 -> 4 -> 0 [slot=21-21, slots=1]; LP#90: 5 -> 1 -> 8 -> 7 -> 2 -> 4 -> 0 [slot=27-27, slots=1]"
40,40042,best,d7,74,4,5,6,5,4 -> 5,6 -> 5,"IP 4->5 maps OPT 6->5: LP#70: 6 -> 2 -> 4 -> 8 -> 1 -> 5 [slot=23-23, slots=1]; LP#72: 6 -> 1 -> 5 [slot=4-4, slots=1]; LP#75: 6 -> 2 -> 4 -> 8 -> 1 -> 5 [slot=24-24, slots=1]; LP#175: 6 -> 3 -> 7 -> 5 [slot=20-20, slots=1]; LP#176: 6 -> 2 -> 7 -> 8 -> 1 -> 5 [slot=10-10, slots=1]; LP#178: 6 -> 3 -> 7 -> 5 [slot=13-13, slots=1]; LP#184: 6 -> 1 -> 5 [slot=2-2, slots=1]; LP#215: 6 -> 3 -> 7 -> 8 -> 1 -> 5 [slot=14-14, slots=1]"
40,40042,best,d8,31,4,3,6,9,4 -> 3,6 -> 9,"IP 4->3 maps OPT 6->9: LP#24: 6 -> 3 -> 7 -> 8 -> 1 -> 5 -> 9 [slot=1-1, slots=1]; LP#25: 6 -> 3 -> 7 -> 5 -> 9 [slot=2-2, slots=1]; LP#26: 6 -> 1 -> 5 -> 9 [slot=3-3, slots=1]; LP#27: 6 -> 3 -> 7 -> 5 -> 9 [slot=6-6, slots=1]"
40,40042,best,d9,91,3,1,9,0,3 -> 0 -> 4 -> 5 -> 1,9 -> 1 -> 6 -> 5 -> 0,"IP 3->0 maps OPT 9->1: LP#2: 9 -> 6 -> 3 -> 7 -> 8 -> 1 [slot=0-0, slots=1]; LP#4: 9 -> 6 -> 2 -> 4 -> 8 -> 1 [slot=2-2, slots=1]; LP#6: 9 -> 6 -> 3 -> 7 -> 5 -> 1 [slot=4-4, slots=1]; LP#261: 9 -> 6 -> 2 -> 7 -> 5 -> 1 [slot=1-1, slots=1]; LP#262: 9 -> 5 -> 7 -> 3 -> 6 -> 1 [slot=0-0, slots=1] | IP 0->4 maps OPT 1->6: LP#17: 1 -> 8 -> 7 -> 5 -> 9 -> 6 [slot=7-7, slots=1]; LP#19: 1 -> 8 -> 7 -> 5 -> 9 -> 6 [slot=8-8, slots=1]; LP#20: 1 -> 8 -> 4 -> 2 -> 7 -> 3 -> 6 [slot=4-4, slots=1]; LP#23: 1 -> 8 -> 4 -> 2 -> 6 [slot=10-10, slots=1]; LP#232: 1 -> 8 -> 7 -> 5 -> 9 -> 6 [slot=9-9, slots=1]; LP#253: 1 -> 8 -> 7 -> 2 -> 6 [slot=6-6, slots=1] | IP 4->5 maps OPT 6->5: LP#70: 6 -> 2 -> 4 -> 8 -> 1 -> 5 [slot=23-23, slots=1]; LP#72: 6 -> 1 -> 5 [slot=4-4, slots=1]; LP#75: 6 -> 2 -> 4 -> 8 -> 1 -> 5 [slot=24-24, slots=1]; LP#175: 6 -> 3 -> 7 -> 5 [slot=20-20, slots=1]; LP#176: 6 -> 2 -> 7 -> 8 -> 1 -> 5 [slot=10-10, slots=1]; LP#178: 6 -> 3 -> 7 -> 5 [slot=13-13, slots=1]; LP#184: 6 -> 1 -> 5 [slot=2-2, slots=1]; LP#215: 6 -> 3 -> 7 -> 8 -> 1 -> 5 [slot=14-14, slots=1] | IP 5->1 maps OPT 5->0: LP#83: 5 -> 1 -> 6 -> 2 -> 7 -> 8 -> 4 -> 0 [slot=7-7, slots=1]; LP#84: 5 -> 7 -> 2 -> 4 -> 0 [slot=19-19, slots=1]; LP#85: 5 -> 1 -> 6 -> 3 -> 7 -> 2 -> 4 -> 0 [slot=25-25, slots=1]; LP#88: 5 -> 1 -> 6 -> 3 -> 7 -> 8 -> 4 -> 0 [slot=15-15, slots=1]; LP#89: 5 -> 7 -> 2 -> 4 -> 0 [slot=21-21, slots=1]; LP#90: 5 -> 1 -> 8 -> 7 -> 2 -> 4 -> 0 [slot=27-27, slots=1]"
40,40042,best,d10,54,1,2,0,4,1 -> 3 -> 2,0 -> 9 -> 4,"IP 1->3 maps OPT 0->9: LP#58: 0 -> 4 -> 2 -> 7 -> 5 -> 9 [slot=18-18, slots=1]; LP#60: 0 -> 4 -> 8 -> 7 -> 5 -> 9 [slot=19-19, slots=1]; LP#61: 0 -> 4 -> 2 -> 6 -> 1 -> 5 -> 9 [slot=20-20, slots=1]; LP#210: 0 -> 4 -> 2 -> 6 -> 1 -> 5 -> 9 [slot=22-22, slots=1]; LP#258: 0 -> 4 -> 2 -> 7 -> 8 -> 1 -> 6 -> 9 [slot=26-26, slots=1] | IP 3->2 maps OPT 9->4: LP#78: 9 -> 5 -> 1 -> 8 -> 7 -> 2 -> 4 [slot=20-20, slots=1]; LP#80: 9 -> 5 -> 1 -> 8 -> 4 [slot=21-21, slots=1]; LP#131: 9 -> 6 -> 3 -> 7 -> 2 -> 4 [slot=11-11, slots=1]; LP#242: 9 -> 5 -> 1 -> 8 -> 4 [slot=19-19, slots=1]; LP#254: 9 -> 6 -> 2 -> 4 [slot=15-15, slots=1]"
40,40042,best,d11,62,1,2,0,4,1 -> 3 -> 2,0 -> 9 -> 4,"IP 1->3 maps OPT 0->9: LP#58: 0 -> 4 -> 2 -> 7 -> 5 -> 9 [slot=18-18, slots=1]; LP#60: 0 -> 4 -> 8 -> 7 -> 5 -> 9 [slot=19-19, slots=1]; LP#61: 0 -> 4 -> 2 -> 6 -> 1 -> 5 -> 9 [slot=20-20, slots=1]; LP#210: 0 -> 4 -> 2 -> 6 -> 1 -> 5 -> 9 [slot=22-22, slots=1]; LP#258: 0 -> 4 -> 2 -> 7 -> 8 -> 1 -> 6 -> 9 [slot=26-26, slots=1] | IP 3->2 maps OPT 9->4: LP#78: 9 -> 5 -> 1 -> 8 -> 7 -> 2 -> 4 [slot=20-20, slots=1]; LP#80: 9 -> 5 -> 1 -> 8 -> 4 [slot=21-21, slots=1]; LP#131: 9 -> 6 -> 3 -> 7 -> 2 -> 4 [slot=11-11, slots=1]; LP#242: 9 -> 5 -> 1 -> 8 -> 4 [slot=19-19, slots=1]; LP#254: 9 -> 6 -> 2 -> 4 [slot=15-15, slots=1]"
40,40042,best,d12,44,5,3,5,9,5 -> 0 -> 3,5 -> 1 -> 9,"IP 5->0 maps OPT 5->1: LP#49: 5 -> 7 -> 2 -> 4 -> 8 -> 1 [slot=12-12, slots=1] | IP 0->3 maps OPT 1->9: LP#53: 1 -> 8 -> 4 -> 2 -> 6 -> 9 [slot=16-16, slots=1]; LP#56: 1 -> 6 -> 2 -> 7 -> 5 -> 9 [slot=16-16, slots=1]; LP#203: 1 -> 5 -> 9 [slot=0-0, slots=1]; LP#226: 1 -> 6 -> 9 [slot=1-1, slots=1]"
40,40042,best,d13,80,0,1,1,0,0 -> 5 -> 1,1 -> 5 -> 0,"IP 0->5 maps OPT 1->5: LP#151: 1 -> 8 -> 7 -> 2 -> 6 -> 9 -> 5 [slot=3-3, slots=1]; LP#235: 1 -> 8 -> 4 -> 2 -> 7 -> 5 [slot=0-0, slots=1] | IP 5->1 maps OPT 5->0: LP#83: 5 -> 1 -> 6 -> 2 -> 7 -> 8 -> 4 -> 0 [slot=7-7, slots=1]; LP#84: 5 -> 7 -> 2 -> 4 -> 0 [slot=19-19, slots=1]; LP#85: 5 -> 1 -> 6 -> 3 -> 7 -> 2 -> 4 -> 0 [slot=25-25, slots=1]; LP#88: 5 -> 1 -> 6 -> 3 -> 7 -> 8 -> 4 -> 0 [slot=15-15, slots=1]; LP#89: 5 -> 7 -> 2 -> 4 -> 0 [slot=21-21, slots=1]; LP#90: 5 -> 1 -> 8 -> 7 -> 2 -> 4 -> 0 [slot=27-27, slots=1]"
40,40042,best,d14,80,1,0,0,1,1 -> 3 -> 0,0 -> 9 -> 1,"IP 1->3 maps OPT 0->9: LP#58: 0 -> 4 -> 2 -> 7 -> 5 -> 9 [slot=18-18, slots=1]; LP#60: 0 -> 4 -> 8 -> 7 -> 5 -> 9 [slot=19-19, slots=1]; LP#61: 0 -> 4 -> 2 -> 6 -> 1 -> 5 -> 9 [slot=20-20, slots=1]; LP#210: 0 -> 4 -> 2 -> 6 -> 1 -> 5 -> 9 [slot=22-22, slots=1]; LP#258: 0 -> 4 -> 2 -> 7 -> 8 -> 1 -> 6 -> 9 [slot=26-26, slots=1] | IP 3->0 maps OPT 9->1: LP#2: 9 -> 6 -> 3 -> 7 -> 8 -> 1 [slot=0-0, slots=1]; LP#4: 9 -> 6 -> 2 -> 4 -> 8 -> 1 [slot=2-2, slots=1]; LP#6: 9 -> 6 -> 3 -> 7 -> 5 -> 1 [slot=4-4, slots=1]; LP#261: 9 -> 6 -> 2 -> 7 -> 5 -> 1 [slot=1-1, slots=1]; LP#262: 9 -> 5 -> 7 -> 3 -> 6 -> 1 [slot=0-0, slots=1]"
40,40042,best,d15,50,4,1,6,0,4 -> 5 -> 1,6 -> 5 -> 0,"IP 4->5 maps OPT 6->5: LP#70: 6 -> 2 -> 4 -> 8 -> 1 -> 5 [slot=23-23, slots=1]; LP#72: 6 -> 1 -> 5 [slot=4-4, slots=1]; LP#75: 6 -> 2 -> 4 -> 8 -> 1 -> 5 [slot=24-24, slots=1]; LP#175: 6 -> 3 -> 7 -> 5 [slot=20-20, slots=1]; LP#176: 6 -> 2 -> 7 -> 8 -> 1 -> 5 [slot=10-10, slots=1]; LP#178: 6 -> 3 -> 7 -> 5 [slot=13-13, slots=1]; LP#184: 6 -> 1 -> 5 [slot=2-2, slots=1]; LP#215: 6 -> 3 -> 7 -> 8 -> 1 -> 5 [slot=14-14, slots=1] | IP 5->1 maps OPT 5->0: LP#83: 5 -> 1 -> 6 -> 2 -> 7 -> 8 -> 4 -> 0 [slot=7-7, slots=1]; LP#84: 5 -> 7 -> 2 -> 4 -> 0 [slot=19-19, slots=1]; LP#85: 5 -> 1 -> 6 -> 3 -> 7 -> 2 -> 4 -> 0 [slot=25-25, slots=1]; LP#88: 5 -> 1 -> 6 -> 3 -> 7 -> 8 -> 4 -> 0 [slot=15-15, slots=1]; LP#89: 5 -> 7 -> 2 -> 4 -> 0 [slot=21-21, slots=1]; LP#90: 5 -> 1 -> 8 -> 7 -> 2 -> 4 -> 0 [slot=27-27, slots=1]"
40,40042,best,d16,51,5,4,5,6,5 -> 4,5 -> 6,"IP 5->4 maps OPT 5->6: LP#15: 5 -> 7 -> 2 -> 6 [slot=5-5, slots=1]; LP#115: 5 -> 1 -> 6 [slot=0-0, slots=1]; LP#219: 5 -> 7 -> 8 -> 4 -> 2 -> 6 [slot=2-2, slots=1]"
40,40042,best,d17,55,0,5,1,5,0 -> 3 -> 1 -> 5,1 -> 9 -> 0 -> 5,"IP 0->3 maps OPT 1->9: LP#53: 1 -> 8 -> 4 -> 2 -> 6 -> 9 [slot=16-16, slots=1]; LP#56: 1 -> 6 -> 2 -> 7 -> 5 -> 9 [slot=16-16, slots=1]; LP#203: 1 -> 5 -> 9 [slot=0-0, slots=1]; LP#226: 1 -> 6 -> 9 [slot=1-1, slots=1] | IP 3->1 maps OPT 9->0: LP#28: 9 -> 5 -> 7 -> 2 -> 4 -> 0 [slot=8-8, slots=1]; LP#31: 9 -> 5 -> 1 -> 6 -> 2 -> 4 -> 0 [slot=5-5, slots=1]; LP#33: 9 -> 6 -> 2 -> 7 -> 8 -> 4 -> 0 [slot=13-13, slots=1]; LP#36: 9 -> 6 -> 3 -> 7 -> 2 -> 4 -> 0 [slot=10-10, slots=1]; LP#189: 9 -> 6 -> 1 -> 8 -> 4 -> 0 [slot=12-12, slots=1]; LP#197: 9 -> 6 -> 2 -> 7 -> 8 -> 4 -> 0 [slot=6-6, slots=1]; LP#257: 9 -> 5 -> 1 -> 8 -> 4 -> 0 [slot=11-11, slots=1] | IP 1->5 maps OPT 0->5: LP#42: 0 -> 4 -> 8 -> 7 -> 3 -> 6 -> 1 -> 5 [slot=13-13, slots=1]; LP#43: 0 -> 4 -> 2 -> 6 -> 1 -> 5 [slot=9-9, slots=1]; LP#171: 0 -> 4 -> 2 -> 6 -> 1 -> 5 [slot=8-8, slots=1]; LP#259: 0 -> 4 -> 2 -> 6 -> 9 -> 5 [slot=7-7, slots=1]"
40,40042,best,d18,71,5,1,5,0,5 -> 4 -> 0 -> 3 -> 1,5 -> 6 -> 1 -> 9 -> 0,"IP 5->4 maps OPT 5->6: LP#15: 5 -> 7 -> 2 -> 6 [slot=5-5, slots=1]; LP#115: 5 -> 1 -> 6 [slot=0-0, slots=1]; LP#219: 5 -> 7 -> 8 -> 4 -> 2 -> 6 [slot=2-2, slots=1] | IP 4->0 maps OPT 6->1: LP#205: 6 -> 3 -> 7 -> 8 -> 1 [slot=5-5, slots=1]; LP#240: 6 -> 3 -> 7 -> 2 -> 4 -> 8 -> 1 [slot=7-7, slots=1] | IP 0->3 maps OPT 1->9: LP#53: 1 -> 8 -> 4 -> 2 -> 6 -> 9 [slot=16-16, slots=1]; LP#56: 1 -> 6 -> 2 -> 7 -> 5 -> 9 [slot=16-16, slots=1]; LP#203: 1 -> 5 -> 9 [slot=0-0, slots=1]; LP#226: 1 -> 6 -> 9 [slot=1-1, slots=1] | IP 3->1 maps OPT 9->0: LP#28: 9 -> 5 -> 7 -> 2 -> 4 -> 0 [slot=8-8, slots=1]; LP#31: 9 -> 5 -> 1 -> 6 -> 2 -> 4 -> 0 [slot=5-5, slots=1]; LP#33: 9 -> 6 -> 2 -> 7 -> 8 -> 4 -> 0 [slot=13-13, slots=1]; LP#36: 9 -> 6 -> 3 -> 7 -> 2 -> 4 -> 0 [slot=10-10, slots=1]; LP#189: 9 -> 6 -> 1 -> 8 -> 4 -> 0 [slot=12-12, slots=1]; LP#197: 9 -> 6 -> 2 -> 7 -> 8 -> 4 -> 0 [slot=6-6, slots=1]; LP#257: 9 -> 5 -> 1 -> 8 -> 4 -> 0 [slot=11-11, slots=1]"
40,40042,best,d19,33,2,5,4,5,2 -> 3 -> 1 -> 5,4 -> 9 -> 0 -> 5,"IP 2->3 maps OPT 4->9: LP#44: 4 -> 8 -> 1 -> 6 -> 9 [slot=4-4, slots=1]; LP#45: 4 -> 2 -> 7 -> 5 -> 9 [slot=12-12, slots=1]; LP#46: 4 -> 2 -> 7 -> 5 -> 9 [slot=14-14, slots=1]; LP#47: 4 -> 2 -> 7 -> 3 -> 6 -> 9 [slot=15-15, slots=1] | IP 3->1 maps OPT 9->0: LP#28: 9 -> 5 -> 7 -> 2 -> 4 -> 0 [slot=8-8, slots=1]; LP#31: 9 -> 5 -> 1 -> 6 -> 2 -> 4 -> 0 [slot=5-5, slots=1]; LP#33: 9 -> 6 -> 2 -> 7 -> 8 -> 4 -> 0 [slot=13-13, slots=1]; LP#36: 9 -> 6 -> 3 -> 7 -> 2 -> 4 -> 0 [slot=10-10, slots=1]; LP#189: 9 -> 6 -> 1 -> 8 -> 4 -> 0 [slot=12-12, slots=1]; LP#197: 9 -> 6 -> 2 -> 7 -> 8 -> 4 -> 0 [slot=6-6, slots=1]; LP#257: 9 -> 5 -> 1 -> 8 -> 4 -> 0 [slot=11-11, slots=1] | IP 1->5 maps OPT 0->5: LP#42: 0 -> 4 -> 8 -> 7 -> 3 -> 6 -> 1 -> 5 [slot=13-13, slots=1]; LP#43: 0 -> 4 -> 2 -> 6 -> 1 -> 5 [slot=9-9, slots=1]; LP#171: 0 -> 4 -> 2 -> 6 -> 1 -> 5 [slot=8-8, slots=1]; LP#259: 0 -> 4 -> 2 -> 6 -> 9 -> 5 [slot=7-7, slots=1]"
40,40042,best,d20,58,3,4,9,6,3 -> 4,9 -> 6,"IP 3->4 maps OPT 9->6: LP#67: 9 -> 5 -> 7 -> 2 -> 4 -> 8 -> 1 -> 6 [slot=18-18, slots=1]; LP#208: 9 -> 5 -> 7 -> 2 -> 4 -> 8 -> 1 -> 6 [slot=17-17, slots=1]; LP#256: 9 -> 5 -> 7 -> 8 -> 4 -> 2 -> 6 [slot=23-23, slots=1]"
40,40042,best,d21,50,4,0,6,1,4 -> 0,6 -> 1,"IP 4->0 maps OPT 6->1: LP#205: 6 -> 3 -> 7 -> 8 -> 1 [slot=5-5, slots=1]; LP#240: 6 -> 3 -> 7 -> 2 -> 4 -> 8 -> 1 [slot=7-7, slots=1]"
40,40042,best,d22,23,4,5,6,5,4 -> 3 -> 0 -> 5,6 -> 9 -> 1 -> 5,"IP 4->3 maps OPT 6->9: LP#24: 6 -> 3 -> 7 -> 8 -> 1 -> 5 -> 9 [slot=1-1, slots=1]; LP#25: 6 -> 3 -> 7 -> 5 -> 9 [slot=2-2, slots=1]; LP#26: 6 -> 1 -> 5 -> 9 [slot=3-3, slots=1]; LP#27: 6 -> 3 -> 7 -> 5 -> 9 [slot=6-6, slots=1] | IP 3->0 maps OPT 9->1: LP#2: 9 -> 6 -> 3 -> 7 -> 8 -> 1 [slot=0-0, slots=1]; LP#4: 9 -> 6 -> 2 -> 4 -> 8 -> 1 [slot=2-2, slots=1]; LP#6: 9 -> 6 -> 3 -> 7 -> 5 -> 1 [slot=4-4, slots=1]; LP#261: 9 -> 6 -> 2 -> 7 -> 5 -> 1 [slot=1-1, slots=1]; LP#262: 9 -> 5 -> 7 -> 3 -> 6 -> 1 [slot=0-0, slots=1] | IP 0->5 maps OPT 1->5: LP#151: 1 -> 8 -> 7 -> 2 -> 6 -> 9 -> 5 [slot=3-3, slots=1]; LP#235: 1 -> 8 -> 4 -> 2 -> 7 -> 5 [slot=0-0, slots=1]"
40,40042,best,d23,89,4,2,6,4,4 -> 3 -> 2,6 -> 9 -> 4,"IP 4->3 maps OPT 6->9: LP#24: 6 -> 3 -> 7 -> 8 -> 1 -> 5 -> 9 [slot=1-1, slots=1]; LP#25: 6 -> 3 -> 7 -> 5 -> 9 [slot=2-2, slots=1]; LP#26: 6 -> 1 -> 5 -> 9 [slot=3-3, slots=1]; LP#27: 6 -> 3 -> 7 -> 5 -> 9 [slot=6-6, slots=1] | IP 3->2 maps OPT 9->4: LP#78: 9 -> 5 -> 1 -> 8 -> 7 -> 2 -> 4 [slot=20-20, slots=1]; LP#80: 9 -> 5 -> 1 -> 8 -> 4 [slot=21-21, slots=1]; LP#131: 9 -> 6 -> 3 -> 7 -> 2 -> 4 [slot=11-11, slots=1]; LP#242: 9 -> 5 -> 1 -> 8 -> 4 [slot=19-19, slots=1]; LP#254: 9 -> 6 -> 2 -> 4 [slot=15-15, slots=1]"
40,40042,best,d24,99,4,5,6,5,4 -> 5,6 -> 5,"IP 4->5 maps OPT 6->5: LP#70: 6 -> 2 -> 4 -> 8 -> 1 -> 5 [slot=23-23, slots=1]; LP#72: 6 -> 1 -> 5 [slot=4-4, slots=1]; LP#75: 6 -> 2 -> 4 -> 8 -> 1 -> 5 [slot=24-24, slots=1]; LP#175: 6 -> 3 -> 7 -> 5 [slot=20-20, slots=1]; LP#176: 6 -> 2 -> 7 -> 8 -> 1 -> 5 [slot=10-10, slots=1]; LP#178: 6 -> 3 -> 7 -> 5 [slot=13-13, slots=1]; LP#184: 6 -> 1 -> 5 [slot=2-2, slots=1]; LP#215: 6 -> 3 -> 7 -> 8 -> 1 -> 5 [slot=14-14, slots=1]"
40,40042,best,d25,33,5,4,5,6,5 -> 4,5 -> 6,"IP 5->4 maps OPT 5->6: LP#15: 5 -> 7 -> 2 -> 6 [slot=5-5, slots=1]; LP#115: 5 -> 1 -> 6 [slot=0-0, slots=1]; LP#219: 5 -> 7 -> 8 -> 4 -> 2 -> 6 [slot=2-2, slots=1]"
40,40042,best,d26,23,3,1,9,0,3 -> 0 -> 5 -> 1,9 -> 1 -> 5 -> 0,"IP 3->0 maps OPT 9->1: LP#2: 9 -> 6 -> 3 -> 7 -> 8 -> 1 [slot=0-0, slots=1]; LP#4: 9 -> 6 -> 2 -> 4 -> 8 -> 1 [slot=2-2, slots=1]; LP#6: 9 -> 6 -> 3 -> 7 -> 5 -> 1 [slot=4-4, slots=1]; LP#261: 9 -> 6 -> 2 -> 7 -> 5 -> 1 [slot=1-1, slots=1]; LP#262: 9 -> 5 -> 7 -> 3 -> 6 -> 1 [slot=0-0, slots=1] | IP 0->5 maps OPT 1->5: LP#151: 1 -> 8 -> 7 -> 2 -> 6 -> 9 -> 5 [slot=3-3, slots=1]; LP#235: 1 -> 8 -> 4 -> 2 -> 7 -> 5 [slot=0-0, slots=1] | IP 5->1 maps OPT 5->0: LP#83: 5 -> 1 -> 6 -> 2 -> 7 -> 8 -> 4 -> 0 [slot=7-7, slots=1]; LP#84: 5 -> 7 -> 2 -> 4 -> 0 [slot=19-19, slots=1]; LP#85: 5 -> 1 -> 6 -> 3 -> 7 -> 2 -> 4 -> 0 [slot=25-25, slots=1]; LP#88: 5 -> 1 -> 6 -> 3 -> 7 -> 8 -> 4 -> 0 [slot=15-15, slots=1]; LP#89: 5 -> 7 -> 2 -> 4 -> 0 [slot=21-21, slots=1]; LP#90: 5 -> 1 -> 8 -> 7 -> 2 -> 4 -> 0 [slot=27-27, slots=1]"
40,40042,best,d27,79,2,3,4,9,2 -> 3,4 -> 9,"IP 2->3 maps OPT 4->9: LP#44: 4 -> 8 -> 1 -> 6 -> 9 [slot=4-4, slots=1]; LP#45: 4 -> 2 -> 7 -> 5 -> 9 [slot=12-12, slots=1]; LP#46: 4 -> 2 -> 7 -> 5 -> 9 [slot=14-14, slots=1]; LP#47: 4 -> 2 -> 7 -> 3 -> 6 -> 9 [slot=15-15, slots=1]"
40,40042,best,d28,82,3,4,9,6,3 -> 1 -> 5 -> 4,9 -> 0 -> 5 -> 6,"IP 3->1 maps OPT 9->0: LP#28: 9 -> 5 -> 7 -> 2 -> 4 -> 0 [slot=8-8, slots=1]; LP#31: 9 -> 5 -> 1 -> 6 -> 2 -> 4 -> 0 [slot=5-5, slots=1]; LP#33: 9 -> 6 -> 2 -> 7 -> 8 -> 4 -> 0 [slot=13-13, slots=1]; LP#36: 9 -> 6 -> 3 -> 7 -> 2 -> 4 -> 0 [slot=10-10, slots=1]; LP#189: 9 -> 6 -> 1 -> 8 -> 4 -> 0 [slot=12-12, slots=1]; LP#197: 9 -> 6 -> 2 -> 7 -> 8 -> 4 -> 0 [slot=6-6, slots=1]; LP#257: 9 -> 5 -> 1 -> 8 -> 4 -> 0 [slot=11-11, slots=1] | IP 1->5 maps OPT 0->5: LP#42: 0 -> 4 -> 8 -> 7 -> 3 -> 6 -> 1 -> 5 [slot=13-13, slots=1]; LP#43: 0 -> 4 -> 2 -> 6 -> 1 -> 5 [slot=9-9, slots=1]; LP#171: 0 -> 4 -> 2 -> 6 -> 1 -> 5 [slot=8-8, slots=1]; LP#259: 0 -> 4 -> 2 -> 6 -> 9 -> 5 [slot=7-7, slots=1] | IP 5->4 maps OPT 5->6: LP#15: 5 -> 7 -> 2 -> 6 [slot=5-5, slots=1]; LP#115: 5 -> 1 -> 6 [slot=0-0, slots=1]; LP#219: 5 -> 7 -> 8 -> 4 -> 2 -> 6 [slot=2-2, slots=1]"
40,40042,best,d29,95,0,5,1,5,0 -> 4 -> 5,1 -> 6 -> 5,"IP 0->4 maps OPT 1->6: LP#17: 1 -> 8 -> 7 -> 5 -> 9 -> 6 [slot=7-7, slots=1]; LP#19: 1 -> 8 -> 7 -> 5 -> 9 -> 6 [slot=8-8, slots=1]; LP#20: 1 -> 8 -> 4 -> 2 -> 7 -> 3 -> 6 [slot=4-4, slots=1]; LP#23: 1 -> 8 -> 4 -> 2 -> 6 [slot=10-10, slots=1]; LP#232: 1 -> 8 -> 7 -> 5 -> 9 -> 6 [slot=9-9, slots=1]; LP#253: 1 -> 8 -> 7 -> 2 -> 6 [slot=6-6, slots=1] | IP 4->5 maps OPT 6->5: LP#70: 6 -> 2 -> 4 -> 8 -> 1 -> 5 [slot=23-23, slots=1]; LP#72: 6 -> 1 -> 5 [slot=4-4, slots=1]; LP#75: 6 -> 2 -> 4 -> 8 -> 1 -> 5 [slot=24-24, slots=1]; LP#175: 6 -> 3 -> 7 -> 5 [slot=20-20, slots=1]; LP#176: 6 -> 2 -> 7 -> 8 -> 1 -> 5 [slot=10-10, slots=1]; LP#178: 6 -> 3 -> 7 -> 5 [slot=13-13, slots=1]; LP#184: 6 -> 1 -> 5 [slot=2-2, slots=1]; LP#215: 6 -> 3 -> 7 -> 8 -> 1 -> 5 [slot=14-14, slots=1]"
40,40042,best,d30,73,2,1,4,0,2 -> 3 -> 1,4 -> 9 -> 0,"IP 2->3 maps OPT 4->9: LP#44: 4 -> 8 -> 1 -> 6 -> 9 [slot=4-4, slots=1]; LP#45: 4 -> 2 -> 7 -> 5 -> 9 [slot=12-12, slots=1]; LP#46: 4 -> 2 -> 7 -> 5 -> 9 [slot=14-14, slots=1]; LP#47: 4 -> 2 -> 7 -> 3 -> 6 -> 9 [slot=15-15, slots=1] | IP 3->1 maps OPT 9->0: LP#28: 9 -> 5 -> 7 -> 2 -> 4 -> 0 [slot=8-8, slots=1]; LP#31: 9 -> 5 -> 1 -> 6 -> 2 -> 4 -> 0 [slot=5-5, slots=1]; LP#33: 9 -> 6 -> 2 -> 7 -> 8 -> 4 -> 0 [slot=13-13, slots=1]; LP#36: 9 -> 6 -> 3 -> 7 -> 2 -> 4 -> 0 [slot=10-10, slots=1]; LP#189: 9 -> 6 -> 1 -> 8 -> 4 -> 0 [slot=12-12, slots=1]; LP#197: 9 -> 6 -> 2 -> 7 -> 8 -> 4 -> 0 [slot=6-6, slots=1]; LP#257: 9 -> 5 -> 1 -> 8 -> 4 -> 0 [slot=11-11, slots=1]"
40,40042,best,d31,50,0,4,1,6,0 -> 4,1 -> 6,"IP 0->4 maps OPT 1->6: LP#17: 1 -> 8 -> 7 -> 5 -> 9 -> 6 [slot=7-7, slots=1]; LP#19: 1 -> 8 -> 7 -> 5 -> 9 -> 6 [slot=8-8, slots=1]; LP#20: 1 -> 8 -> 4 -> 2 -> 7 -> 3 -> 6 [slot=4-4, slots=1]; LP#23: 1 -> 8 -> 4 -> 2 -> 6 [slot=10-10, slots=1]; LP#232: 1 -> 8 -> 7 -> 5 -> 9 -> 6 [slot=9-9, slots=1]; LP#253: 1 -> 8 -> 7 -> 2 -> 6 [slot=6-6, slots=1]"
40,40042,best,d32,92,0,1,1,0,0 -> 3 -> 1,1 -> 9 -> 0,"IP 0->3 maps OPT 1->9: LP#53: 1 -> 8 -> 4 -> 2 -> 6 -> 9 [slot=16-16, slots=1]; LP#56: 1 -> 6 -> 2 -> 7 -> 5 -> 9 [slot=16-16, slots=1]; LP#203: 1 -> 5 -> 9 [slot=0-0, slots=1]; LP#226: 1 -> 6 -> 9 [slot=1-1, slots=1] | IP 3->1 maps OPT 9->0: LP#28: 9 -> 5 -> 7 -> 2 -> 4 -> 0 [slot=8-8, slots=1]; LP#31: 9 -> 5 -> 1 -> 6 -> 2 -> 4 -> 0 [slot=5-5, slots=1]; LP#33: 9 -> 6 -> 2 -> 7 -> 8 -> 4 -> 0 [slot=13-13, slots=1]; LP#36: 9 -> 6 -> 3 -> 7 -> 2 -> 4 -> 0 [slot=10-10, slots=1]; LP#189: 9 -> 6 -> 1 -> 8 -> 4 -> 0 [slot=12-12, slots=1]; LP#197: 9 -> 6 -> 2 -> 7 -> 8 -> 4 -> 0 [slot=6-6, slots=1]; LP#257: 9 -> 5 -> 1 -> 8 -> 4 -> 0 [slot=11-11, slots=1]"
40,40042,best,d33,46,4,2,6,4,4 -> 3 -> 2,6 -> 9 -> 4,"IP 4->3 maps OPT 6->9: LP#24: 6 -> 3 -> 7 -> 8 -> 1 -> 5 -> 9 [slot=1-1, slots=1]; LP#25: 6 -> 3 -> 7 -> 5 -> 9 [slot=2-2, slots=1]; LP#26: 6 -> 1 -> 5 -> 9 [slot=3-3, slots=1]; LP#27: 6 -> 3 -> 7 -> 5 -> 9 [slot=6-6, slots=1] | IP 3->2 maps OPT 9->4: LP#78: 9 -> 5 -> 1 -> 8 -> 7 -> 2 -> 4 [slot=20-20, slots=1]; LP#80: 9 -> 5 -> 1 -> 8 -> 4 [slot=21-21, slots=1]; LP#131: 9 -> 6 -> 3 -> 7 -> 2 -> 4 [slot=11-11, slots=1]; LP#242: 9 -> 5 -> 1 -> 8 -> 4 [slot=19-19, slots=1]; LP#254: 9 -> 6 -> 2 -> 4 [slot=15-15, slots=1]"
40,40042,best,d34,61,4,5,6,5,4 -> 5,6 -> 5,"IP 4->5 maps OPT 6->5: LP#70: 6 -> 2 -> 4 -> 8 -> 1 -> 5 [slot=23-23, slots=1]; LP#72: 6 -> 1 -> 5 [slot=4-4, slots=1]; LP#75: 6 -> 2 -> 4 -> 8 -> 1 -> 5 [slot=24-24, slots=1]; LP#175: 6 -> 3 -> 7 -> 5 [slot=20-20, slots=1]; LP#176: 6 -> 2 -> 7 -> 8 -> 1 -> 5 [slot=10-10, slots=1]; LP#178: 6 -> 3 -> 7 -> 5 [slot=13-13, slots=1]; LP#184: 6 -> 1 -> 5 [slot=2-2, slots=1]; LP#215: 6 -> 3 -> 7 -> 8 -> 1 -> 5 [slot=14-14, slots=1]"
40,40042,best,d35,60,3,1,9,0,3 -> 1,9 -> 0,"IP 3->1 maps OPT 9->0: LP#28: 9 -> 5 -> 7 -> 2 -> 4 -> 0 [slot=8-8, slots=1]; LP#31: 9 -> 5 -> 1 -> 6 -> 2 -> 4 -> 0 [slot=5-5, slots=1]; LP#33: 9 -> 6 -> 2 -> 7 -> 8 -> 4 -> 0 [slot=13-13, slots=1]; LP#36: 9 -> 6 -> 3 -> 7 -> 2 -> 4 -> 0 [slot=10-10, slots=1]; LP#189: 9 -> 6 -> 1 -> 8 -> 4 -> 0 [slot=12-12, slots=1]; LP#197: 9 -> 6 -> 2 -> 7 -> 8 -> 4 -> 0 [slot=6-6, slots=1]; LP#257: 9 -> 5 -> 1 -> 8 -> 4 -> 0 [slot=11-11, slots=1]"
40,40042,best,d36,41,2,0,4,1,2 -> 3 -> 0,4 -> 9 -> 1,"IP 2->3 maps OPT 4->9: LP#44: 4 -> 8 -> 1 -> 6 -> 9 [slot=4-4, slots=1]; LP#45: 4 -> 2 -> 7 -> 5 -> 9 [slot=12-12, slots=1]; LP#46: 4 -> 2 -> 7 -> 5 -> 9 [slot=14-14, slots=1]; LP#47: 4 -> 2 -> 7 -> 3 -> 6 -> 9 [slot=15-15, slots=1] | IP 3->0 maps OPT 9->1: LP#2: 9 -> 6 -> 3 -> 7 -> 8 -> 1 [slot=0-0, slots=1]; LP#4: 9 -> 6 -> 2 -> 4 -> 8 -> 1 [slot=2-2, slots=1]; LP#6: 9 -> 6 -> 3 -> 7 -> 5 -> 1 [slot=4-4, slots=1]; LP#261: 9 -> 6 -> 2 -> 7 -> 5 -> 1 [slot=1-1, slots=1]; LP#262: 9 -> 5 -> 7 -> 3 -> 6 -> 1 [slot=0-0, slots=1]"
40,40042,best,d37,86,5,3,5,9,5 -> 1 -> 3,5 -> 0 -> 9,"IP 5->1 maps OPT 5->0: LP#83: 5 -> 1 -> 6 -> 2 -> 7 -> 8 -> 4 -> 0 [slot=7-7, slots=1]; LP#84: 5 -> 7 -> 2 -> 4 -> 0 [slot=19-19, slots=1]; LP#85: 5 -> 1 -> 6 -> 3 -> 7 -> 2 -> 4 -> 0 [slot=25-25, slots=1]; LP#88: 5 -> 1 -> 6 -> 3 -> 7 -> 8 -> 4 -> 0 [slot=15-15, slots=1]; LP#89: 5 -> 7 -> 2 -> 4 -> 0 [slot=21-21, slots=1]; LP#90: 5 -> 1 -> 8 -> 7 -> 2 -> 4 -> 0 [slot=27-27, slots=1] | IP 1->3 maps OPT 0->9: LP#58: 0 -> 4 -> 2 -> 7 -> 5 -> 9 [slot=18-18, slots=1]; LP#60: 0 -> 4 -> 8 -> 7 -> 5 -> 9 [slot=19-19, slots=1]; LP#61: 0 -> 4 -> 2 -> 6 -> 1 -> 5 -> 9 [slot=20-20, slots=1]; LP#210: 0 -> 4 -> 2 -> 6 -> 1 -> 5 -> 9 [slot=22-22, slots=1]; LP#258: 0 -> 4 -> 2 -> 7 -> 8 -> 1 -> 6 -> 9 [slot=26-26, slots=1]"
40,40042,best,d38,38,3,5,9,5,3 -> 4 -> 5,9 -> 6 -> 5,"IP 3->4 maps OPT 9->6: LP#67: 9 -> 5 -> 7 -> 2 -> 4 -> 8 -> 1 -> 6 [slot=18-18, slots=1]; LP#208: 9 -> 5 -> 7 -> 2 -> 4 -> 8 -> 1 -> 6 [slot=17-17, slots=1]; LP#256: 9 -> 5 -> 7 -> 8 -> 4 -> 2 -> 6 [slot=23-23, slots=1] | IP 4->5 maps OPT 6->5: LP#70: 6 -> 2 -> 4 -> 8 -> 1 -> 5 [slot=23-23, slots=1]; LP#72: 6 -> 1 -> 5 [slot=4-4, slots=1]; LP#75: 6 -> 2 -> 4 -> 8 -> 1 -> 5 [slot=24-24, slots=1]; LP#175: 6 -> 3 -> 7 -> 5 [slot=20-20, slots=1]; LP#176: 6 -> 2 -> 7 -> 8 -> 1 -> 5 [slot=10-10, slots=1]; LP#178: 6 -> 3 -> 7 -> 5 [slot=13-13, slots=1]; LP#184: 6 -> 1 -> 5 [slot=2-2, slots=1]; LP#215: 6 -> 3 -> 7 -> 8 -> 1 -> 5 [slot=14-14, slots=1]"
40,40042,best,d39,31,3,5,9,5,3 -> 0 -> 4 -> 5,9 -> 1 -> 6 -> 5,"IP 3->0 maps OPT 9->1: LP#2: 9 -> 6 -> 3 -> 7 -> 8 -> 1 [slot=0-0, slots=1]; LP#4: 9 -> 6 -> 2 -> 4 -> 8 -> 1 [slot=2-2, slots=1]; LP#6: 9 -> 6 -> 3 -> 7 -> 5 -> 1 [slot=4-4, slots=1]; LP#261: 9 -> 6 -> 2 -> 7 -> 5 -> 1 [slot=1-1, slots=1]; LP#262: 9 -> 5 -> 7 -> 3 -> 6 -> 1 [slot=0-0, slots=1] | IP 0->4 maps OPT 1->6: LP#17: 1 -> 8 -> 7 -> 5 -> 9 -> 6 [slot=7-7, slots=1]; LP#19: 1 -> 8 -> 7 -> 5 -> 9 -> 6 [slot=8-8, slots=1]; LP#20: 1 -> 8 -> 4 -> 2 -> 7 -> 3 -> 6 [slot=4-4, slots=1]; LP#23: 1 -> 8 -> 4 -> 2 -> 6 [slot=10-10, slots=1]; LP#232: 1 -> 8 -> 7 -> 5 -> 9 -> 6 [slot=9-9, slots=1]; LP#253: 1 -> 8 -> 7 -> 2 -> 6 [slot=6-6, slots=1] | IP 4->5 maps OPT 6->5: LP#70: 6 -> 2 -> 4 -> 8 -> 1 -> 5 [slot=23-23, slots=1]; LP#72: 6 -> 1 -> 5 [slot=4-4, slots=1]; LP#75: 6 -> 2 -> 4 -> 8 -> 1 -> 5 [slot=24-24, slots=1]; LP#175: 6 -> 3 -> 7 -> 5 [slot=20-20, slots=1]; LP#176: 6 -> 2 -> 7 -> 8 -> 1 -> 5 [slot=10-10, slots=1]; LP#178: 6 -> 3 -> 7 -> 5 [slot=13-13, slots=1]; LP#184: 6 -> 1 -> 5 [slot=2-2, slots=1]; LP#215: 6 -> 3 -> 7 -> 8 -> 1 -> 5 [slot=14-14, slots=1]"
40,40042,lns,d0,36,3,4,9,6,3 -> 4,9 -> 6,"IP 3->4 maps OPT 9->6: LP#65: 9 -> 5 -> 7 -> 3 -> 6 [slot=16-16, slots=1]; LP#66: 9 -> 5 -> 1 -> 6 [slot=6-6, slots=1]; LP#67: 9 -> 5 -> 7 -> 2 -> 4 -> 8 -> 1 -> 6 [slot=18-18, slots=1]; LP#97: 9 -> 6 [slot=0-0, slots=1]"
40,40042,lns,d1,94,0,5,1,5,0 -> 5,1 -> 5,"IP 0->5 maps OPT 1->5: LP#7: 1 -> 8 -> 7 -> 3 -> 6 -> 9 -> 5 [slot=2-2, slots=1]; LP#8: 1 -> 8 -> 4 -> 2 -> 7 -> 5 [slot=0-0, slots=1]; LP#9: 1 -> 8 -> 7 -> 2 -> 6 -> 9 -> 5 [slot=3-3, slots=1]; LP#10: 1 -> 8 -> 4 -> 2 -> 7 -> 5 [slot=5-5, slots=1]"
40,40042,lns,d2,82,2,4,4,6,2 -> 3 -> 0 -> 4,4 -> 9 -> 1 -> 6,"IP 2->3 maps OPT 4->9: LP#44: 4 -> 8 -> 1 -> 6 -> 9 [slot=4-4, slots=1]; LP#45: 4 -> 2 -> 7 -> 5 -> 9 [slot=12-12, slots=1]; LP#46: 4 -> 2 -> 7 -> 5 -> 9 [slot=14-14, slots=1]; LP#47: 4 -> 2 -> 7 -> 3 -> 6 -> 9 [slot=15-15, slots=1] | IP 3->0 maps OPT 9->1: LP#1: 9 -> 5 -> 7 -> 2 -> 6 -> 1 [slot=1-1, slots=1]; LP#3: 9 -> 6 -> 2 -> 7 -> 5 -> 1 [slot=1-1, slots=1]; LP#4: 9 -> 6 -> 2 -> 4 -> 8 -> 1 [slot=2-2, slots=1]; LP#5: 9 -> 6 -> 2 -> 7 -> 5 -> 1 [slot=3-3, slots=1] | IP 0->4 maps OPT 1->6: LP#16: 1 -> 8 -> 7 -> 2 -> 6 [slot=6-6, slots=1]; LP#18: 1 -> 5 -> 7 -> 3 -> 6 [slot=6-6, slots=1]; LP#21: 1 -> 5 -> 7 -> 3 -> 6 [slot=7-7, slots=1]; LP#23: 1 -> 8 -> 4 -> 2 -> 6 [slot=10-10, slots=1]"
40,40042,lns,d3,79,5,1,5,0,5 -> 1,5 -> 0,"IP 5->1 maps OPT 5->0: LP#84: 5 -> 7 -> 2 -> 4 -> 0 [slot=19-19, slots=1]; LP#86: 5 -> 1 -> 8 -> 4 -> 0 [slot=24-24, slots=1]; LP#89: 5 -> 7 -> 2 -> 4 -> 0 [slot=21-21, slots=1]; LP#90: 5 -> 1 -> 8 -> 7 -> 2 -> 4 -> 0 [slot=27-27, slots=1]; LP#91: 5 -> 1 -> 6 -> 2 -> 7 -> 8 -> 4 -> 0 [slot=28-28, slots=1]; LP#96: 5 -> 1 -> 8 -> 4 -> 0 [slot=4-4, slots=1]"
40,40042,lns,d4,26,1,5,0,5,1 -> 3 -> 4 -> 5,0 -> 9 -> 6 -> 5,"IP 1->3 maps OPT 0->9: LP#58: 0 -> 4 -> 2 -> 7 -> 5 -> 9 [slot=18-18, slots=1]; LP#59: 0 -> 4 -> 2 -> 7 -> 3 -> 6 -> 9 [slot=17-17, slots=1]; LP#60: 0 -> 4 -> 8 -> 7 -> 5 -> 9 [slot=19-19, slots=1]; LP#61: 0 -> 4 -> 2 -> 6 -> 1 -> 5 -> 9 [slot=20-20, slots=1]; LP#62: 0 -> 4 -> 8 -> 7 -> 5 -> 9 [slot=21-21, slots=1]; LP#63: 0 -> 4 -> 2 -> 6 -> 1 -> 5 -> 9 [slot=22-22, slots=1] | IP 3->4 maps OPT 9->6: LP#65: 9 -> 5 -> 7 -> 3 -> 6 [slot=16-16, slots=1]; LP#66: 9 -> 5 -> 1 -> 6 [slot=6-6, slots=1]; LP#67: 9 -> 5 -> 7 -> 2 -> 4 -> 8 -> 1 -> 6 [slot=18-18, slots=1]; LP#97: 9 -> 6 [slot=0-0, slots=1] | IP 4->5 maps OPT 6->5: LP#69: 6 -> 1 -> 5 [slot=2-2, slots=1]; LP#70: 6 -> 2 -> 4 -> 8 -> 1 -> 5 [slot=23-23, slots=1]; LP#72: 6 -> 1 -> 5 [slot=4-4, slots=1]; LP#73: 6 -> 2 -> 7 -> 8 -> 1 -> 5 [slot=10-10, slots=1]; LP#74: 6 -> 9 -> 5 [slot=10-10, slots=1]; LP#75: 6 -> 2 -> 4 -> 8 -> 1 -> 5 [slot=24-24, slots=1]; LP#76: 6 -> 3 -> 7 -> 5 [slot=13-13, slots=1]"
40,40042,lns,d5,77,1,2,0,4,1 -> 3 -> 2,0 -> 9 -> 4,"IP 1->3 maps OPT 0->9: LP#58: 0 -> 4 -> 2 -> 7 -> 5 -> 9 [slot=18-18, slots=1]; LP#59: 0 -> 4 -> 2 -> 7 -> 3 -> 6 -> 9 [slot=17-17, slots=1]; LP#60: 0 -> 4 -> 8 -> 7 -> 5 -> 9 [slot=19-19, slots=1]; LP#61: 0 -> 4 -> 2 -> 6 -> 1 -> 5 -> 9 [slot=20-20, slots=1]; LP#62: 0 -> 4 -> 8 -> 7 -> 5 -> 9 [slot=21-21, slots=1]; LP#63: 0 -> 4 -> 2 -> 6 -> 1 -> 5 -> 9 [slot=22-22, slots=1] | IP 3->2 maps OPT 9->4: LP#78: 9 -> 5 -> 1 -> 8 -> 7 -> 2 -> 4 [slot=20-20, slots=1]; LP#79: 9 -> 5 -> 1 -> 8 -> 4 [slot=19-19, slots=1]; LP#80: 9 -> 5 -> 1 -> 8 -> 4 [slot=21-21, slots=1]; LP#81: 9 -> 5 -> 1 -> 6 -> 2 -> 4 [slot=22-22, slots=1]; LP#82: 9 -> 6 -> 3 -> 7 -> 2 -> 4 [slot=11-11, slots=1]"
40,40042,lns,d6,53,0,1,1,0,0 -> 4 -> 5 -> 1,1 -> 6 -> 5 -> 0,"IP 0->4 maps OPT 1->6: LP#16: 1 -> 8 -> 7 -> 2 -> 6 [slot=6-6, slots=1]; LP#18: 1 -> 5 -> 7 -> 3 -> 6 [slot=6-6, slots=1]; LP#21: 1 -> 5 -> 7 -> 3 -> 6 [slot=7-7, slots=1]; LP#23: 1 -> 8 -> 4 -> 2 -> 6 [slot=10-10, slots=1] | IP 4->5 maps OPT 6->5: LP#69: 6 -> 1 -> 5 [slot=2-2, slots=1]; LP#70: 6 -> 2 -> 4 -> 8 -> 1 -> 5 [slot=23-23, slots=1]; LP#72: 6 -> 1 -> 5 [slot=4-4, slots=1]; LP#73: 6 -> 2 -> 7 -> 8 -> 1 -> 5 [slot=10-10, slots=1]; LP#74: 6 -> 9 -> 5 [slot=10-10, slots=1]; LP#75: 6 -> 2 -> 4 -> 8 -> 1 -> 5 [slot=24-24, slots=1]; LP#76: 6 -> 3 -> 7 -> 5 [slot=13-13, slots=1] | IP 5->1 maps OPT 5->0: LP#84: 5 -> 7 -> 2 -> 4 -> 0 [slot=19-19, slots=1]; LP#86: 5 -> 1 -> 8 -> 4 -> 0 [slot=24-24, slots=1]; LP#89: 5 -> 7 -> 2 -> 4 -> 0 [slot=21-21, slots=1]; LP#90: 5 -> 1 -> 8 -> 7 -> 2 -> 4 -> 0 [slot=27-27, slots=1]; LP#91: 5 -> 1 -> 6 -> 2 -> 7 -> 8 -> 4 -> 0 [slot=28-28, slots=1]; LP#96: 5 -> 1 -> 8 -> 4 -> 0 [slot=4-4, slots=1]"
40,40042,lns,d7,74,4,5,6,5,4 -> 5,6 -> 5,"IP 4->5 maps OPT 6->5: LP#69: 6 -> 1 -> 5 [slot=2-2, slots=1]; LP#70: 6 -> 2 -> 4 -> 8 -> 1 -> 5 [slot=23-23, slots=1]; LP#72: 6 -> 1 -> 5 [slot=4-4, slots=1]; LP#73: 6 -> 2 -> 7 -> 8 -> 1 -> 5 [slot=10-10, slots=1]; LP#74: 6 -> 9 -> 5 [slot=10-10, slots=1]; LP#75: 6 -> 2 -> 4 -> 8 -> 1 -> 5 [slot=24-24, slots=1]; LP#76: 6 -> 3 -> 7 -> 5 [slot=13-13, slots=1]"
40,40042,lns,d8,31,4,3,6,9,4 -> 0 -> 3,6 -> 1 -> 9,"IP 4->0 maps OPT 6->1: LP#95: 6 -> 3 -> 7 -> 8 -> 1 [slot=8-8, slots=1] | IP 0->3 maps OPT 1->9: LP#51: 1 -> 6 -> 9 [slot=1-1, slots=1]; LP#54: 1 -> 5 -> 9 [slot=0-0, slots=1]; LP#55: 1 -> 8 -> 7 -> 5 -> 9 [slot=17-17, slots=1]"
40,40042,lns,d9,91,3,1,9,0,3 -> 1,9 -> 0,"IP 3->1 maps OPT 9->0: LP#28: 9 -> 5 -> 7 -> 2 -> 4 -> 0 [slot=8-8, slots=1]; LP#29: 9 -> 5 -> 1 -> 8 -> 4 -> 0 [slot=11-11, slots=1]; LP#30: 9 -> 6 -> 1 -> 8 -> 4 -> 0 [slot=12-12, slots=1]; LP#31: 9 -> 5 -> 1 -> 6 -> 2 -> 4 -> 0 [slot=5-5, slots=1]; LP#32: 9 -> 6 -> 2 -> 7 -> 8 -> 4 -> 0 [slot=6-6, slots=1]; LP#33: 9 -> 6 -> 2 -> 7 -> 8 -> 4 -> 0 [slot=13-13, slots=1]; LP#34: 9 -> 5 -> 7 -> 2 -> 4 -> 0 [slot=9-9, slots=1]"
40,40042,lns,d10,54,1,2,0,4,1 -> 3 -> 2,0 -> 9 -> 4,"IP 1->3 maps OPT 0->9: LP#58: 0 -> 4 -> 2 -> 7 -> 5 -> 9 [slot=18-18, slots=1]; LP#59: 0 -> 4 -> 2 -> 7 -> 3 -> 6 -> 9 [slot=17-17, slots=1]; LP#60: 0 -> 4 -> 8 -> 7 -> 5 -> 9 [slot=19-19, slots=1]; LP#61: 0 -> 4 -> 2 -> 6 -> 1 -> 5 -> 9 [slot=20-20, slots=1]; LP#62: 0 -> 4 -> 8 -> 7 -> 5 -> 9 [slot=21-21, slots=1]; LP#63: 0 -> 4 -> 2 -> 6 -> 1 -> 5 -> 9 [slot=22-22, slots=1] | IP 3->2 maps OPT 9->4: LP#78: 9 -> 5 -> 1 -> 8 -> 7 -> 2 -> 4 [slot=20-20, slots=1]; LP#79: 9 -> 5 -> 1 -> 8 -> 4 [slot=19-19, slots=1]; LP#80: 9 -> 5 -> 1 -> 8 -> 4 [slot=21-21, slots=1]; LP#81: 9 -> 5 -> 1 -> 6 -> 2 -> 4 [slot=22-22, slots=1]; LP#82: 9 -> 6 -> 3 -> 7 -> 2 -> 4 [slot=11-11, slots=1]"
40,40042,lns,d11,62,1,2,0,4,1 -> 3 -> 2,0 -> 9 -> 4,"IP 1->3 maps OPT 0->9: LP#58: 0 -> 4 -> 2 -> 7 -> 5 -> 9 [slot=18-18, slots=1]; LP#59: 0 -> 4 -> 2 -> 7 -> 3 -> 6 -> 9 [slot=17-17, slots=1]; LP#60: 0 -> 4 -> 8 -> 7 -> 5 -> 9 [slot=19-19, slots=1]; LP#61: 0 -> 4 -> 2 -> 6 -> 1 -> 5 -> 9 [slot=20-20, slots=1]; LP#62: 0 -> 4 -> 8 -> 7 -> 5 -> 9 [slot=21-21, slots=1]; LP#63: 0 -> 4 -> 2 -> 6 -> 1 -> 5 -> 9 [slot=22-22, slots=1] | IP 3->2 maps OPT 9->4: LP#78: 9 -> 5 -> 1 -> 8 -> 7 -> 2 -> 4 [slot=20-20, slots=1]; LP#79: 9 -> 5 -> 1 -> 8 -> 4 [slot=19-19, slots=1]; LP#80: 9 -> 5 -> 1 -> 8 -> 4 [slot=21-21, slots=1]; LP#81: 9 -> 5 -> 1 -> 6 -> 2 -> 4 [slot=22-22, slots=1]; LP#82: 9 -> 6 -> 3 -> 7 -> 2 -> 4 [slot=11-11, slots=1]"
40,40042,lns,d12,44,5,3,5,9,5 -> 1 -> 3,5 -> 0 -> 9,"IP 5->1 maps OPT 5->0: LP#84: 5 -> 7 -> 2 -> 4 -> 0 [slot=19-19, slots=1]; LP#86: 5 -> 1 -> 8 -> 4 -> 0 [slot=24-24, slots=1]; LP#89: 5 -> 7 -> 2 -> 4 -> 0 [slot=21-21, slots=1]; LP#90: 5 -> 1 -> 8 -> 7 -> 2 -> 4 -> 0 [slot=27-27, slots=1]; LP#91: 5 -> 1 -> 6 -> 2 -> 7 -> 8 -> 4 -> 0 [slot=28-28, slots=1]; LP#96: 5 -> 1 -> 8 -> 4 -> 0 [slot=4-4, slots=1] | IP 1->3 maps OPT 0->9: LP#58: 0 -> 4 -> 2 -> 7 -> 5 -> 9 [slot=18-18, slots=1]; LP#59: 0 -> 4 -> 2 -> 7 -> 3 -> 6 -> 9 [slot=17-17, slots=1]; LP#60: 0 -> 4 -> 8 -> 7 -> 5 -> 9 [slot=19-19, slots=1]; LP#61: 0 -> 4 -> 2 -> 6 -> 1 -> 5 -> 9 [slot=20-20, slots=1]; LP#62: 0 -> 4 -> 8 -> 7 -> 5 -> 9 [slot=21-21, slots=1]; LP#63: 0 -> 4 -> 2 -> 6 -> 1 -> 5 -> 9 [slot=22-22, slots=1]"
40,40042,lns,d13,80,0,1,1,0,0 -> 5 -> 1,1 -> 5 -> 0,"IP 0->5 maps OPT 1->5: LP#7: 1 -> 8 -> 7 -> 3 -> 6 -> 9 -> 5 [slot=2-2, slots=1]; LP#8: 1 -> 8 -> 4 -> 2 -> 7 -> 5 [slot=0-0, slots=1]; LP#9: 1 -> 8 -> 7 -> 2 -> 6 -> 9 -> 5 [slot=3-3, slots=1]; LP#10: 1 -> 8 -> 4 -> 2 -> 7 -> 5 [slot=5-5, slots=1] | IP 5->1 maps OPT 5->0: LP#84: 5 -> 7 -> 2 -> 4 -> 0 [slot=19-19, slots=1]; LP#86: 5 -> 1 -> 8 -> 4 -> 0 [slot=24-24, slots=1]; LP#89: 5 -> 7 -> 2 -> 4 -> 0 [slot=21-21, slots=1]; LP#90: 5 -> 1 -> 8 -> 7 -> 2 -> 4 -> 0 [slot=27-27, slots=1]; LP#91: 5 -> 1 -> 6 -> 2 -> 7 -> 8 -> 4 -> 0 [slot=28-28, slots=1]; LP#96: 5 -> 1 -> 8 -> 4 -> 0 [slot=4-4, slots=1]"
40,40042,lns,d14,80,1,0,0,1,1 -> 3 -> 0,0 -> 9 -> 1,"IP 1->3 maps OPT 0->9: LP#58: 0 -> 4 -> 2 -> 7 -> 5 -> 9 [slot=18-18, slots=1]; LP#59: 0 -> 4 -> 2 -> 7 -> 3 -> 6 -> 9 [slot=17-17, slots=1]; LP#60: 0 -> 4 -> 8 -> 7 -> 5 -> 9 [slot=19-19, slots=1]; LP#61: 0 -> 4 -> 2 -> 6 -> 1 -> 5 -> 9 [slot=20-20, slots=1]; LP#62: 0 -> 4 -> 8 -> 7 -> 5 -> 9 [slot=21-21, slots=1]; LP#63: 0 -> 4 -> 2 -> 6 -> 1 -> 5 -> 9 [slot=22-22, slots=1] | IP 3->0 maps OPT 9->1: LP#1: 9 -> 5 -> 7 -> 2 -> 6 -> 1 [slot=1-1, slots=1]; LP#3: 9 -> 6 -> 2 -> 7 -> 5 -> 1 [slot=1-1, slots=1]; LP#4: 9 -> 6 -> 2 -> 4 -> 8 -> 1 [slot=2-2, slots=1]; LP#5: 9 -> 6 -> 2 -> 7 -> 5 -> 1 [slot=3-3, slots=1]"
40,40042,lns,d15,50,4,1,6,0,4 -> 5 -> 1,6 -> 5 -> 0,"IP 4->5 maps OPT 6->5: LP#69: 6 -> 1 -> 5 [slot=2-2, slots=1]; LP#70: 6 -> 2 -> 4 -> 8 -> 1 -> 5 [slot=23-23, slots=1]; LP#72: 6 -> 1 -> 5 [slot=4-4, slots=1]; LP#73: 6 -> 2 -> 7 -> 8 -> 1 -> 5 [slot=10-10, slots=1]; LP#74: 6 -> 9 -> 5 [slot=10-10, slots=1]; LP#75: 6 -> 2 -> 4 -> 8 -> 1 -> 5 [slot=24-24, slots=1]; LP#76: 6 -> 3 -> 7 -> 5 [slot=13-13, slots=1] | IP 5->1 maps OPT 5->0: LP#84: 5 -> 7 -> 2 -> 4 -> 0 [slot=19-19, slots=1]; LP#86: 5 -> 1 -> 8 -> 4 -> 0 [slot=24-24, slots=1]; LP#89: 5 -> 7 -> 2 -> 4 -> 0 [slot=21-21, slots=1]; LP#90: 5 -> 1 -> 8 -> 7 -> 2 -> 4 -> 0 [slot=27-27, slots=1]; LP#91: 5 -> 1 -> 6 -> 2 -> 7 -> 8 -> 4 -> 0 [slot=28-28, slots=1]; LP#96: 5 -> 1 -> 8 -> 4 -> 0 [slot=4-4, slots=1]"
40,40042,lns,d16,51,5,4,5,6,5 -> 4,5 -> 6,"IP 5->4 maps OPT 5->6: LP#12: 5 -> 1 -> 6 [slot=0-0, slots=1]; LP#15: 5 -> 7 -> 2 -> 6 [slot=5-5, slots=1]"
40,40042,lns,d17,55,0,5,1,5,0 -> 3 -> 1 -> 5,1 -> 9 -> 0 -> 5,"IP 0->3 maps OPT 1->9: LP#51: 1 -> 6 -> 9 [slot=1-1, slots=1]; LP#54: 1 -> 5 -> 9 [slot=0-0, slots=1]; LP#55: 1 -> 8 -> 7 -> 5 -> 9 [slot=17-17, slots=1] | IP 3->1 maps OPT 9->0: LP#28: 9 -> 5 -> 7 -> 2 -> 4 -> 0 [slot=8-8, slots=1]; LP#29: 9 -> 5 -> 1 -> 8 -> 4 -> 0 [slot=11-11, slots=1]; LP#30: 9 -> 6 -> 1 -> 8 -> 4 -> 0 [slot=12-12, slots=1]; LP#31: 9 -> 5 -> 1 -> 6 -> 2 -> 4 -> 0 [slot=5-5, slots=1]; LP#32: 9 -> 6 -> 2 -> 7 -> 8 -> 4 -> 0 [slot=6-6, slots=1]; LP#33: 9 -> 6 -> 2 -> 7 -> 8 -> 4 -> 0 [slot=13-13, slots=1]; LP#34: 9 -> 5 -> 7 -> 2 -> 4 -> 0 [slot=9-9, slots=1] | IP 1->5 maps OPT 0->5: LP#39: 0 -> 4 -> 2 -> 6 -> 1 -> 5 [slot=8-8, slots=1]; LP#43: 0 -> 4 -> 2 -> 6 -> 1 -> 5 [slot=9-9, slots=1]"
40,40042,lns,d18,71,5,1,5,0,5 -> 4 -> 3 -> 1,5 -> 6 -> 9 -> 0,"IP 5->4 maps OPT 5->6: LP#12: 5 -> 1 -> 6 [slot=0-0, slots=1]; LP#15: 5 -> 7 -> 2 -> 6 [slot=5-5, slots=1] | IP 4->3 maps OPT 6->9: LP#24: 6 -> 3 -> 7 -> 8 -> 1 -> 5 -> 9 [slot=1-1, slots=1]; LP#25: 6 -> 3 -> 7 -> 5 -> 9 [slot=2-2, slots=1]; LP#26: 6 -> 1 -> 5 -> 9 [slot=3-3, slots=1]; LP#27: 6 -> 3 -> 7 -> 5 -> 9 [slot=6-6, slots=1] | IP 3->1 maps OPT 9->0: LP#28: 9 -> 5 -> 7 -> 2 -> 4 -> 0 [slot=8-8, slots=1]; LP#29: 9 -> 5 -> 1 -> 8 -> 4 -> 0 [slot=11-11, slots=1]; LP#30: 9 -> 6 -> 1 -> 8 -> 4 -> 0 [slot=12-12, slots=1]; LP#31: 9 -> 5 -> 1 -> 6 -> 2 -> 4 -> 0 [slot=5-5, slots=1]; LP#32: 9 -> 6 -> 2 -> 7 -> 8 -> 4 -> 0 [slot=6-6, slots=1]; LP#33: 9 -> 6 -> 2 -> 7 -> 8 -> 4 -> 0 [slot=13-13, slots=1]; LP#34: 9 -> 5 -> 7 -> 2 -> 4 -> 0 [slot=9-9, slots=1]"
40,40042,lns,d19,33,2,5,4,5,2 -> 3 -> 0 -> 5,4 -> 9 -> 1 -> 5,"IP 2->3 maps OPT 4->9: LP#44: 4 -> 8 -> 1 -> 6 -> 9 [slot=4-4, slots=1]; LP#45: 4 -> 2 -> 7 -> 5 -> 9 [slot=12-12, slots=1]; LP#46: 4 -> 2 -> 7 -> 5 -> 9 [slot=14-14, slots=1]; LP#47: 4 -> 2 -> 7 -> 3 -> 6 -> 9 [slot=15-15, slots=1] | IP 3->0 maps OPT 9->1: LP#1: 9 -> 5 -> 7 -> 2 -> 6 -> 1 [slot=1-1, slots=1]; LP#3: 9 -> 6 -> 2 -> 7 -> 5 -> 1 [slot=1-1, slots=1]; LP#4: 9 -> 6 -> 2 -> 4 -> 8 -> 1 [slot=2-2, slots=1]; LP#5: 9 -> 6 -> 2 -> 7 -> 5 -> 1 [slot=3-3, slots=1] | IP 0->5 maps OPT 1->5: LP#7: 1 -> 8 -> 7 -> 3 -> 6 -> 9 -> 5 [slot=2-2, slots=1]; LP#8: 1 -> 8 -> 4 -> 2 -> 7 -> 5 [slot=0-0, slots=1]; LP#9: 1 -> 8 -> 7 -> 2 -> 6 -> 9 -> 5 [slot=3-3, slots=1]; LP#10: 1 -> 8 -> 4 -> 2 -> 7 -> 5 [slot=5-5, slots=1]"
40,40042,lns,d20,58,3,4,9,6,3 -> 1 -> 5 -> 0 -> 4,9 -> 0 -> 5 -> 1 -> 6,"IP 3->1 maps OPT 9->0: LP#28: 9 -> 5 -> 7 -> 2 -> 4 -> 0 [slot=8-8, slots=1]; LP#29: 9 -> 5 -> 1 -> 8 -> 4 -> 0 [slot=11-11, slots=1]; LP#30: 9 -> 6 -> 1 -> 8 -> 4 -> 0 [slot=12-12, slots=1]; LP#31: 9 -> 5 -> 1 -> 6 -> 2 -> 4 -> 0 [slot=5-5, slots=1]; LP#32: 9 -> 6 -> 2 -> 7 -> 8 -> 4 -> 0 [slot=6-6, slots=1]; LP#33: 9 -> 6 -> 2 -> 7 -> 8 -> 4 -> 0 [slot=13-13, slots=1]; LP#34: 9 -> 5 -> 7 -> 2 -> 4 -> 0 [slot=9-9, slots=1] | IP 1->5 maps OPT 0->5: LP#39: 0 -> 4 -> 2 -> 6 -> 1 -> 5 [slot=8-8, slots=1]; LP#43: 0 -> 4 -> 2 -> 6 -> 1 -> 5 [slot=9-9, slots=1] | IP 5->0 maps OPT 5->1: LP#49: 5 -> 7 -> 2 -> 4 -> 8 -> 1 [slot=12-12, slots=1]; LP#50: 5 -> 7 -> 3 -> 6 -> 1 [slot=10-10, slots=1] | IP 0->4 maps OPT 1->6: LP#16: 1 -> 8 -> 7 -> 2 -> 6 [slot=6-6, slots=1]; LP#18: 1 -> 5 -> 7 -> 3 -> 6 [slot=6-6, slots=1]; LP#21: 1 -> 5 -> 7 -> 3 -> 6 [slot=7-7, slots=1]; LP#23: 1 -> 8 -> 4 -> 2 -> 6 [slot=10-10, slots=1]"
40,40042,lns,d21,50,4,0,6,1,4 -> 5 -> 0,6 -> 5 -> 1,"IP 4->5 maps OPT 6->5: LP#69: 6 -> 1 -> 5 [slot=2-2, slots=1]; LP#70: 6 -> 2 -> 4 -> 8 -> 1 -> 5 [slot=23-23, slots=1]; LP#72: 6 -> 1 -> 5 [slot=4-4, slots=1]; LP#73: 6 -> 2 -> 7 -> 8 -> 1 -> 5 [slot=10-10, slots=1]; LP#74: 6 -> 9 -> 5 [slot=10-10, slots=1]; LP#75: 6 -> 2 -> 4 -> 8 -> 1 -> 5 [slot=24-24, slots=1]; LP#76: 6 -> 3 -> 7 -> 5 [slot=13-13, slots=1] | IP 5->0 maps OPT 5->1: LP#49: 5 -> 7 -> 2 -> 4 -> 8 -> 1 [slot=12-12, slots=1]; LP#50: 5 -> 7 -> 3 -> 6 -> 1 [slot=10-10, slots=1]"
40,40042,lns,d22,23,4,5,6,5,4 -> 3 -> 0 -> 5,6 -> 9 -> 1 -> 5,"IP 4->3 maps OPT 6->9: LP#24: 6 -> 3 -> 7 -> 8 -> 1 -> 5 -> 9 [slot=1-1, slots=1]; LP#25: 6 -> 3 -> 7 -> 5 -> 9 [slot=2-2, slots=1]; LP#26: 6 -> 1 -> 5 -> 9 [slot=3-3, slots=1]; LP#27: 6 -> 3 -> 7 -> 5 -> 9 [slot=6-6, slots=1] | IP 3->0 maps OPT 9->1: LP#1: 9 -> 5 -> 7 -> 2 -> 6 -> 1 [slot=1-1, slots=1]; LP#3: 9 -> 6 -> 2 -> 7 -> 5 -> 1 [slot=1-1, slots=1]; LP#4: 9 -> 6 -> 2 -> 4 -> 8 -> 1 [slot=2-2, slots=1]; LP#5: 9 -> 6 -> 2 -> 7 -> 5 -> 1 [slot=3-3, slots=1] | IP 0->5 maps OPT 1->5: LP#7: 1 -> 8 -> 7 -> 3 -> 6 -> 9 -> 5 [slot=2-2, slots=1]; LP#8: 1 -> 8 -> 4 -> 2 -> 7 -> 5 [slot=0-0, slots=1]; LP#9: 1 -> 8 -> 7 -> 2 -> 6 -> 9 -> 5 [slot=3-3, slots=1]; LP#10: 1 -> 8 -> 4 -> 2 -> 7 -> 5 [slot=5-5, slots=1]"
40,40042,lns,d23,89,4,2,6,4,4 -> 3 -> 2,6 -> 9 -> 4,"IP 4->3 maps OPT 6->9: LP#24: 6 -> 3 -> 7 -> 8 -> 1 -> 5 -> 9 [slot=1-1, slots=1]; LP#25: 6 -> 3 -> 7 -> 5 -> 9 [slot=2-2, slots=1]; LP#26: 6 -> 1 -> 5 -> 9 [slot=3-3, slots=1]; LP#27: 6 -> 3 -> 7 -> 5 -> 9 [slot=6-6, slots=1] | IP 3->2 maps OPT 9->4: LP#78: 9 -> 5 -> 1 -> 8 -> 7 -> 2 -> 4 [slot=20-20, slots=1]; LP#79: 9 -> 5 -> 1 -> 8 -> 4 [slot=19-19, slots=1]; LP#80: 9 -> 5 -> 1 -> 8 -> 4 [slot=21-21, slots=1]; LP#81: 9 -> 5 -> 1 -> 6 -> 2 -> 4 [slot=22-22, slots=1]; LP#82: 9 -> 6 -> 3 -> 7 -> 2 -> 4 [slot=11-11, slots=1]"
40,40042,lns,d24,99,4,5,6,5,4 -> 5,6 -> 5,"IP 4->5 maps OPT 6->5: LP#69: 6 -> 1 -> 5 [slot=2-2, slots=1]; LP#70: 6 -> 2 -> 4 -> 8 -> 1 -> 5 [slot=23-23, slots=1]; LP#72: 6 -> 1 -> 5 [slot=4-4, slots=1]; LP#73: 6 -> 2 -> 7 -> 8 -> 1 -> 5 [slot=10-10, slots=1]; LP#74: 6 -> 9 -> 5 [slot=10-10, slots=1]; LP#75: 6 -> 2 -> 4 -> 8 -> 1 -> 5 [slot=24-24, slots=1]; LP#76: 6 -> 3 -> 7 -> 5 [slot=13-13, slots=1]"
40,40042,lns,d25,33,5,4,5,6,5 -> 4,5 -> 6,"IP 5->4 maps OPT 5->6: LP#12: 5 -> 1 -> 6 [slot=0-0, slots=1]; LP#15: 5 -> 7 -> 2 -> 6 [slot=5-5, slots=1]"
40,40042,lns,d26,23,3,1,9,0,3 -> 4 -> 5 -> 1,9 -> 6 -> 5 -> 0,"IP 3->4 maps OPT 9->6: LP#65: 9 -> 5 -> 7 -> 3 -> 6 [slot=16-16, slots=1]; LP#66: 9 -> 5 -> 1 -> 6 [slot=6-6, slots=1]; LP#67: 9 -> 5 -> 7 -> 2 -> 4 -> 8 -> 1 -> 6 [slot=18-18, slots=1]; LP#97: 9 -> 6 [slot=0-0, slots=1] | IP 4->5 maps OPT 6->5: LP#69: 6 -> 1 -> 5 [slot=2-2, slots=1]; LP#70: 6 -> 2 -> 4 -> 8 -> 1 -> 5 [slot=23-23, slots=1]; LP#72: 6 -> 1 -> 5 [slot=4-4, slots=1]; LP#73: 6 -> 2 -> 7 -> 8 -> 1 -> 5 [slot=10-10, slots=1]; LP#74: 6 -> 9 -> 5 [slot=10-10, slots=1]; LP#75: 6 -> 2 -> 4 -> 8 -> 1 -> 5 [slot=24-24, slots=1]; LP#76: 6 -> 3 -> 7 -> 5 [slot=13-13, slots=1] | IP 5->1 maps OPT 5->0: LP#84: 5 -> 7 -> 2 -> 4 -> 0 [slot=19-19, slots=1]; LP#86: 5 -> 1 -> 8 -> 4 -> 0 [slot=24-24, slots=1]; LP#89: 5 -> 7 -> 2 -> 4 -> 0 [slot=21-21, slots=1]; LP#90: 5 -> 1 -> 8 -> 7 -> 2 -> 4 -> 0 [slot=27-27, slots=1]; LP#91: 5 -> 1 -> 6 -> 2 -> 7 -> 8 -> 4 -> 0 [slot=28-28, slots=1]; LP#96: 5 -> 1 -> 8 -> 4 -> 0 [slot=4-4, slots=1]"
40,40042,lns,d27,79,2,3,4,9,2 -> 3,4 -> 9,"IP 2->3 maps OPT 4->9: LP#44: 4 -> 8 -> 1 -> 6 -> 9 [slot=4-4, slots=1]; LP#45: 4 -> 2 -> 7 -> 5 -> 9 [slot=12-12, slots=1]; LP#46: 4 -> 2 -> 7 -> 5 -> 9 [slot=14-14, slots=1]; LP#47: 4 -> 2 -> 7 -> 3 -> 6 -> 9 [slot=15-15, slots=1]"
40,40042,lns,d28,82,3,4,9,6,3 -> 4,9 -> 6,"IP 3->4 maps OPT 9->6: LP#65: 9 -> 5 -> 7 -> 3 -> 6 [slot=16-16, slots=1]; LP#66: 9 -> 5 -> 1 -> 6 [slot=6-6, slots=1]; LP#67: 9 -> 5 -> 7 -> 2 -> 4 -> 8 -> 1 -> 6 [slot=18-18, slots=1]; LP#97: 9 -> 6 [slot=0-0, slots=1]"
40,40042,lns,d29,95,0,5,1,5,0 -> 3 -> 4 -> 5,1 -> 9 -> 6 -> 5,"IP 0->3 maps OPT 1->9: LP#51: 1 -> 6 -> 9 [slot=1-1, slots=1]; LP#54: 1 -> 5 -> 9 [slot=0-0, slots=1]; LP#55: 1 -> 8 -> 7 -> 5 -> 9 [slot=17-17, slots=1] | IP 3->4 maps OPT 9->6: LP#65: 9 -> 5 -> 7 -> 3 -> 6 [slot=16-16, slots=1]; LP#66: 9 -> 5 -> 1 -> 6 [slot=6-6, slots=1]; LP#67: 9 -> 5 -> 7 -> 2 -> 4 -> 8 -> 1 -> 6 [slot=18-18, slots=1]; LP#97: 9 -> 6 [slot=0-0, slots=1] | IP 4->5 maps OPT 6->5: LP#69: 6 -> 1 -> 5 [slot=2-2, slots=1]; LP#70: 6 -> 2 -> 4 -> 8 -> 1 -> 5 [slot=23-23, slots=1]; LP#72: 6 -> 1 -> 5 [slot=4-4, slots=1]; LP#73: 6 -> 2 -> 7 -> 8 -> 1 -> 5 [slot=10-10, slots=1]; LP#74: 6 -> 9 -> 5 [slot=10-10, slots=1]; LP#75: 6 -> 2 -> 4 -> 8 -> 1 -> 5 [slot=24-24, slots=1]; LP#76: 6 -> 3 -> 7 -> 5 [slot=13-13, slots=1]"
40,40042,lns,d30,73,2,1,4,0,2 -> 3 -> 1,4 -> 9 -> 0,"IP 2->3 maps OPT 4->9: LP#44: 4 -> 8 -> 1 -> 6 -> 9 [slot=4-4, slots=1]; LP#45: 4 -> 2 -> 7 -> 5 -> 9 [slot=12-12, slots=1]; LP#46: 4 -> 2 -> 7 -> 5 -> 9 [slot=14-14, slots=1]; LP#47: 4 -> 2 -> 7 -> 3 -> 6 -> 9 [slot=15-15, slots=1] | IP 3->1 maps OPT 9->0: LP#28: 9 -> 5 -> 7 -> 2 -> 4 -> 0 [slot=8-8, slots=1]; LP#29: 9 -> 5 -> 1 -> 8 -> 4 -> 0 [slot=11-11, slots=1]; LP#30: 9 -> 6 -> 1 -> 8 -> 4 -> 0 [slot=12-12, slots=1]; LP#31: 9 -> 5 -> 1 -> 6 -> 2 -> 4 -> 0 [slot=5-5, slots=1]; LP#32: 9 -> 6 -> 2 -> 7 -> 8 -> 4 -> 0 [slot=6-6, slots=1]; LP#33: 9 -> 6 -> 2 -> 7 -> 8 -> 4 -> 0 [slot=13-13, slots=1]; LP#34: 9 -> 5 -> 7 -> 2 -> 4 -> 0 [slot=9-9, slots=1]"
40,40042,lns,d31,50,0,4,1,6,0 -> 5 -> 1 -> 3 -> 4,1 -> 5 -> 0 -> 9 -> 6,"IP 0->5 maps OPT 1->5: LP#7: 1 -> 8 -> 7 -> 3 -> 6 -> 9 -> 5 [slot=2-2, slots=1]; LP#8: 1 -> 8 -> 4 -> 2 -> 7 -> 5 [slot=0-0, slots=1]; LP#9: 1 -> 8 -> 7 -> 2 -> 6 -> 9 -> 5 [slot=3-3, slots=1]; LP#10: 1 -> 8 -> 4 -> 2 -> 7 -> 5 [slot=5-5, slots=1] | IP 5->1 maps OPT 5->0: LP#84: 5 -> 7 -> 2 -> 4 -> 0 [slot=19-19, slots=1]; LP#86: 5 -> 1 -> 8 -> 4 -> 0 [slot=24-24, slots=1]; LP#89: 5 -> 7 -> 2 -> 4 -> 0 [slot=21-21, slots=1]; LP#90: 5 -> 1 -> 8 -> 7 -> 2 -> 4 -> 0 [slot=27-27, slots=1]; LP#91: 5 -> 1 -> 6 -> 2 -> 7 -> 8 -> 4 -> 0 [slot=28-28, slots=1]; LP#96: 5 -> 1 -> 8 -> 4 -> 0 [slot=4-4, slots=1] | IP 1->3 maps OPT 0->9: LP#58: 0 -> 4 -> 2 -> 7 -> 5 -> 9 [slot=18-18, slots=1]; LP#59: 0 -> 4 -> 2 -> 7 -> 3 -> 6 -> 9 [slot=17-17, slots=1]; LP#60: 0 -> 4 -> 8 -> 7 -> 5 -> 9 [slot=19-19, slots=1]; LP#61: 0 -> 4 -> 2 -> 6 -> 1 -> 5 -> 9 [slot=20-20, slots=1]; LP#62: 0 -> 4 -> 8 -> 7 -> 5 -> 9 [slot=21-21, slots=1]; LP#63: 0 -> 4 -> 2 -> 6 -> 1 -> 5 -> 9 [slot=22-22, slots=1] | IP 3->4 maps OPT 9->6: LP#65: 9 -> 5 -> 7 -> 3 -> 6 [slot=16-16, slots=1]; LP#66: 9 -> 5 -> 1 -> 6 [slot=6-6, slots=1]; LP#67: 9 -> 5 -> 7 -> 2 -> 4 -> 8 -> 1 -> 6 [slot=18-18, slots=1]; LP#97: 9 -> 6 [slot=0-0, slots=1]"
40,40042,lns,d32,92,0,1,1,0,0 -> 4 -> 3 -> 1,1 -> 6 -> 9 -> 0,"IP 0->4 maps OPT 1->6: LP#16: 1 -> 8 -> 7 -> 2 -> 6 [slot=6-6, slots=1]; LP#18: 1 -> 5 -> 7 -> 3 -> 6 [slot=6-6, slots=1]; LP#21: 1 -> 5 -> 7 -> 3 -> 6 [slot=7-7, slots=1]; LP#23: 1 -> 8 -> 4 -> 2 -> 6 [slot=10-10, slots=1] | IP 4->3 maps OPT 6->9: LP#24: 6 -> 3 -> 7 -> 8 -> 1 -> 5 -> 9 [slot=1-1, slots=1]; LP#25: 6 -> 3 -> 7 -> 5 -> 9 [slot=2-2, slots=1]; LP#26: 6 -> 1 -> 5 -> 9 [slot=3-3, slots=1]; LP#27: 6 -> 3 -> 7 -> 5 -> 9 [slot=6-6, slots=1] | IP 3->1 maps OPT 9->0: LP#28: 9 -> 5 -> 7 -> 2 -> 4 -> 0 [slot=8-8, slots=1]; LP#29: 9 -> 5 -> 1 -> 8 -> 4 -> 0 [slot=11-11, slots=1]; LP#30: 9 -> 6 -> 1 -> 8 -> 4 -> 0 [slot=12-12, slots=1]; LP#31: 9 -> 5 -> 1 -> 6 -> 2 -> 4 -> 0 [slot=5-5, slots=1]; LP#32: 9 -> 6 -> 2 -> 7 -> 8 -> 4 -> 0 [slot=6-6, slots=1]; LP#33: 9 -> 6 -> 2 -> 7 -> 8 -> 4 -> 0 [slot=13-13, slots=1]; LP#34: 9 -> 5 -> 7 -> 2 -> 4 -> 0 [slot=9-9, slots=1]"
40,40042,lns,d33,46,4,2,6,4,4 -> 0 -> 3 -> 2,6 -> 1 -> 9 -> 4,"IP 4->0 maps OPT 6->1: LP#95: 6 -> 3 -> 7 -> 8 -> 1 [slot=8-8, slots=1] | IP 0->3 maps OPT 1->9: LP#51: 1 -> 6 -> 9 [slot=1-1, slots=1]; LP#54: 1 -> 5 -> 9 [slot=0-0, slots=1]; LP#55: 1 -> 8 -> 7 -> 5 -> 9 [slot=17-17, slots=1] | IP 3->2 maps OPT 9->4: LP#78: 9 -> 5 -> 1 -> 8 -> 7 -> 2 -> 4 [slot=20-20, slots=1]; LP#79: 9 -> 5 -> 1 -> 8 -> 4 [slot=19-19, slots=1]; LP#80: 9 -> 5 -> 1 -> 8 -> 4 [slot=21-21, slots=1]; LP#81: 9 -> 5 -> 1 -> 6 -> 2 -> 4 [slot=22-22, slots=1]; LP#82: 9 -> 6 -> 3 -> 7 -> 2 -> 4 [slot=11-11, slots=1]"
40,40042,lns,d34,61,4,5,6,5,4 -> 5,6 -> 5,"IP 4->5 maps OPT 6->5: LP#69: 6 -> 1 -> 5 [slot=2-2, slots=1]; LP#70: 6 -> 2 -> 4 -> 8 -> 1 -> 5 [slot=23-23, slots=1]; LP#72: 6 -> 1 -> 5 [slot=4-4, slots=1]; LP#73: 6 -> 2 -> 7 -> 8 -> 1 -> 5 [slot=10-10, slots=1]; LP#74: 6 -> 9 -> 5 [slot=10-10, slots=1]; LP#75: 6 -> 2 -> 4 -> 8 -> 1 -> 5 [slot=24-24, slots=1]; LP#76: 6 -> 3 -> 7 -> 5 [slot=13-13, slots=1]"
40,40042,lns,d35,60,3,1,9,0,3 -> 1,9 -> 0,"IP 3->1 maps OPT 9->0: LP#28: 9 -> 5 -> 7 -> 2 -> 4 -> 0 [slot=8-8, slots=1]; LP#29: 9 -> 5 -> 1 -> 8 -> 4 -> 0 [slot=11-11, slots=1]; LP#30: 9 -> 6 -> 1 -> 8 -> 4 -> 0 [slot=12-12, slots=1]; LP#31: 9 -> 5 -> 1 -> 6 -> 2 -> 4 -> 0 [slot=5-5, slots=1]; LP#32: 9 -> 6 -> 2 -> 7 -> 8 -> 4 -> 0 [slot=6-6, slots=1]; LP#33: 9 -> 6 -> 2 -> 7 -> 8 -> 4 -> 0 [slot=13-13, slots=1]; LP#34: 9 -> 5 -> 7 -> 2 -> 4 -> 0 [slot=9-9, slots=1]"
40,40042,lns,d36,41,2,0,4,1,2 -> 3 -> 0,4 -> 9 -> 1,"IP 2->3 maps OPT 4->9: LP#44: 4 -> 8 -> 1 -> 6 -> 9 [slot=4-4, slots=1]; LP#45: 4 -> 2 -> 7 -> 5 -> 9 [slot=12-12, slots=1]; LP#46: 4 -> 2 -> 7 -> 5 -> 9 [slot=14-14, slots=1]; LP#47: 4 -> 2 -> 7 -> 3 -> 6 -> 9 [slot=15-15, slots=1] | IP 3->0 maps OPT 9->1: LP#1: 9 -> 5 -> 7 -> 2 -> 6 -> 1 [slot=1-1, slots=1]; LP#3: 9 -> 6 -> 2 -> 7 -> 5 -> 1 [slot=1-1, slots=1]; LP#4: 9 -> 6 -> 2 -> 4 -> 8 -> 1 [slot=2-2, slots=1]; LP#5: 9 -> 6 -> 2 -> 7 -> 5 -> 1 [slot=3-3, slots=1]"
40,40042,lns,d37,86,5,3,5,9,5 -> 1 -> 3,5 -> 0 -> 9,"IP 5->1 maps OPT 5->0: LP#84: 5 -> 7 -> 2 -> 4 -> 0 [slot=19-19, slots=1]; LP#86: 5 -> 1 -> 8 -> 4 -> 0 [slot=24-24, slots=1]; LP#89: 5 -> 7 -> 2 -> 4 -> 0 [slot=21-21, slots=1]; LP#90: 5 -> 1 -> 8 -> 7 -> 2 -> 4 -> 0 [slot=27-27, slots=1]; LP#91: 5 -> 1 -> 6 -> 2 -> 7 -> 8 -> 4 -> 0 [slot=28-28, slots=1]; LP#96: 5 -> 1 -> 8 -> 4 -> 0 [slot=4-4, slots=1] | IP 1->3 maps OPT 0->9: LP#58: 0 -> 4 -> 2 -> 7 -> 5 -> 9 [slot=18-18, slots=1]; LP#59: 0 -> 4 -> 2 -> 7 -> 3 -> 6 -> 9 [slot=17-17, slots=1]; LP#60: 0 -> 4 -> 8 -> 7 -> 5 -> 9 [slot=19-19, slots=1]; LP#61: 0 -> 4 -> 2 -> 6 -> 1 -> 5 -> 9 [slot=20-20, slots=1]; LP#62: 0 -> 4 -> 8 -> 7 -> 5 -> 9 [slot=21-21, slots=1]; LP#63: 0 -> 4 -> 2 -> 6 -> 1 -> 5 -> 9 [slot=22-22, slots=1]"
40,40042,lns,d38,38,3,5,9,5,3 -> 1 -> 5,9 -> 0 -> 5,"IP 3->1 maps OPT 9->0: LP#28: 9 -> 5 -> 7 -> 2 -> 4 -> 0 [slot=8-8, slots=1]; LP#29: 9 -> 5 -> 1 -> 8 -> 4 -> 0 [slot=11-11, slots=1]; LP#30: 9 -> 6 -> 1 -> 8 -> 4 -> 0 [slot=12-12, slots=1]; LP#31: 9 -> 5 -> 1 -> 6 -> 2 -> 4 -> 0 [slot=5-5, slots=1]; LP#32: 9 -> 6 -> 2 -> 7 -> 8 -> 4 -> 0 [slot=6-6, slots=1]; LP#33: 9 -> 6 -> 2 -> 7 -> 8 -> 4 -> 0 [slot=13-13, slots=1]; LP#34: 9 -> 5 -> 7 -> 2 -> 4 -> 0 [slot=9-9, slots=1] | IP 1->5 maps OPT 0->5: LP#39: 0 -> 4 -> 2 -> 6 -> 1 -> 5 [slot=8-8, slots=1]; LP#43: 0 -> 4 -> 2 -> 6 -> 1 -> 5 [slot=9-9, slots=1]"
40,40042,lns,d39,31,3,5,9,5,3 -> 0 -> 5,9 -> 1 -> 5,"IP 3->0 maps OPT 9->1: LP#1: 9 -> 5 -> 7 -> 2 -> 6 -> 1 [slot=1-1, slots=1]; LP#3: 9 -> 6 -> 2 -> 7 -> 5 -> 1 [slot=1-1, slots=1]; LP#4: 9 -> 6 -> 2 -> 4 -> 8 -> 1 [slot=2-2, slots=1]; LP#5: 9 -> 6 -> 2 -> 7 -> 5 -> 1 [slot=3-3, slots=1] | IP 0->5 maps OPT 1->5: LP#7: 1 -> 8 -> 7 -> 3 -> 6 -> 9 -> 5 [slot=2-2, slots=1]; LP#8: 1 -> 8 -> 4 -> 2 -> 7 -> 5 [slot=0-0, slots=1]; LP#9: 1 -> 8 -> 7 -> 2 -> 6 -> 9 -> 5 [slot=3-3, slots=1]; LP#10: 1 -> 8 -> 4 -> 2 -> 7 -> 5 [slot=5-5, slots=1]"
50,50042,initial,d0,25,5,3,5,9,5 -> 0 -> 4 -> 3,5 -> 1 -> 6 -> 9,"IP 5->0 maps OPT 5->1: LP#0: 5 -> 1 [slot=0-0, slots=1]; LP#1: 5 -> 9 -> 6 -> 3 -> 7 -> 8 -> 1 [slot=0-0, slots=1]; LP#2: 5 -> 7 -> 3 -> 6 -> 1 [slot=0-0, slots=1]; LP#3: 5 -> 7 -> 2 -> 4 -> 8 -> 1 [slot=1-1, slots=1]; LP#4: 5 -> 7 -> 8 -> 1 [slot=2-2, slots=1] | IP 0->4 maps OPT 1->6: LP#5: 1 -> 6 [slot=0-0, slots=1]; LP#6: 1 -> 8 -> 7 -> 2 -> 6 [slot=0-0, slots=1]; LP#7: 1 -> 5 -> 7 -> 3 -> 6 [slot=3-3, slots=1]; LP#8: 1 -> 5 -> 7 -> 2 -> 6 [slot=4-4, slots=1] | IP 4->3 maps OPT 6->9: LP#9: 6 -> 2 -> 7 -> 8 -> 1 -> 5 -> 9 [slot=5-5, slots=1]; LP#10: 6 -> 1 -> 8 -> 7 -> 5 -> 9 [slot=1-1, slots=1]; LP#11: 6 -> 3 -> 7 -> 8 -> 1 -> 5 -> 9 [slot=6-6, slots=1]; LP#12: 6 -> 2 -> 7 -> 8 -> 1 -> 5 -> 9 [slot=7-7, slots=1]; LP#13: 6 -> 1 -> 5 -> 9 [slot=2-2, slots=1]; LP#14: 6 -> 1 -> 5 -> 9 [slot=8-8, slots=1]; LP#15: 6 -> 9 [slot=0-0, slots=1]; LP#16: 6 -> 2 -> 4 -> 8 -> 7 -> 5 -> 9 [slot=3-3, slots=1]"
50,50042,initial,d1,96,5,0,5,1,5 -> 4 -> 3 -> 0,5 -> 6 -> 9 -> 1,"IP 5->4 maps OPT 5->6: LP#17: 5 -> 7 -> 2 -> 6 [slot=5-5, slots=1]; LP#18: 5 -> 1 -> 8 -> 4 -> 2 -> 6 [slot=2-2, slots=1]; LP#19: 5 -> 7 -> 2 -> 4 -> 8 -> 1 -> 6 [slot=8-8, slots=1]; LP#20: 5 -> 9 -> 6 [slot=4-4, slots=1]; LP#21: 5 -> 1 -> 8 -> 7 -> 2 -> 6 [slot=6-6, slots=1]; LP#22: 5 -> 7 -> 8 -> 4 -> 2 -> 6 [slot=9-9, slots=1]; LP#23: 5 -> 7 -> 2 -> 4 -> 8 -> 1 -> 6 [slot=10-10, slots=1]; LP#24: 5 -> 7 -> 8 -> 4 -> 2 -> 6 [slot=11-11, slots=1]; LP#25: 5 -> 1 -> 8 -> 7 -> 3 -> 6 [slot=4-4, slots=1]; LP#26: 5 -> 7 -> 8 -> 4 -> 2 -> 6 [slot=12-12, slots=1] | IP 4->3 maps OPT 6->9: LP#9: 6 -> 2 -> 7 -> 8 -> 1 -> 5 -> 9 [slot=5-5, slots=1]; LP#10: 6 -> 1 -> 8 -> 7 -> 5 -> 9 [slot=1-1, slots=1]; LP#11: 6 -> 3 -> 7 -> 8 -> 1 -> 5 -> 9 [slot=6-6, slots=1]; LP#12: 6 -> 2 -> 7 -> 8 -> 1 -> 5 -> 9 [slot=7-7, slots=1]; LP#13: 6 -> 1 -> 5 -> 9 [slot=2-2, slots=1]; LP#14: 6 -> 1 -> 5 -> 9 [slot=8-8, slots=1]; LP#15: 6 -> 9 [slot=0-0, slots=1]; LP#16: 6 -> 2 -> 4 -> 8 -> 7 -> 5 -> 9 [slot=3-3, slots=1] | IP 3->0 maps OPT 9->1: LP#27: 9 -> 5 -> 7 -> 8 -> 1 [slot=13-13, slots=1]; LP#28: 9 -> 6 -> 3 -> 7 -> 8 -> 1 [slot=3-3, slots=1]; LP#29: 9 -> 6 -> 1 [slot=5-5, slots=1]; LP#30: 9 -> 6 -> 3 -> 7 -> 8 -> 1 [slot=14-14, slots=1]; LP#31: 9 -> 6 -> 3 -> 7 -> 5 -> 1 [slot=7-7, slots=1]; LP#32: 9 -> 6 -> 1 [slot=6-6, slots=1]; LP#33: 9 -> 6 -> 2 -> 7 -> 8 -> 1 [slot=15-15, slots=1]; LP#34: 9 -> 5 -> 7 -> 8 -> 1 [slot=16-16, slots=1]"
50,50042,initial,d2,83,4,1,6,0,4 -> 0 -> 5 -> 1,6 -> 1 -> 5 -> 0,"IP 4->0 maps OPT 6->1: LP#35: 6 -> 2 -> 7 -> 5 -> 1 [slot=8-8, slots=1]; LP#36: 6 -> 9 -> 5 -> 7 -> 8 -> 1 [slot=17-17, slots=1]; LP#37: 6 -> 9 -> 5 -> 7 -> 8 -> 1 [slot=18-18, slots=1]; LP#38: 6 -> 3 -> 7 -> 2 -> 4 -> 8 -> 1 [slot=9-9, slots=1]; LP#39: 6 -> 1 [slot=3-3, slots=1]; LP#40: 6 -> 2 -> 7 -> 8 -> 1 [slot=4-4, slots=1]; LP#41: 6 -> 3 -> 7 -> 5 -> 1 [slot=5-5, slots=1]; LP#42: 6 -> 3 -> 7 -> 5 -> 1 [slot=10-10, slots=1]; LP#43: 6 -> 3 -> 7 -> 5 -> 1 [slot=11-11, slots=1] | IP 0->5 maps OPT 1->5: LP#44: 1 -> 5 [slot=0-0, slots=1]; LP#45: 1 -> 8 -> 7 -> 3 -> 6 -> 9 -> 5 [slot=5-5, slots=1]; LP#46: 1 -> 8 -> 7 -> 2 -> 6 -> 9 -> 5 [slot=7-7, slots=1]; LP#47: 1 -> 8 -> 7 -> 3 -> 6 -> 9 -> 5 [slot=8-8, slots=1]; LP#48: 1 -> 8 -> 4 -> 2 -> 6 -> 9 -> 5 [slot=3-3, slots=1]; LP#49: 1 -> 8 -> 7 -> 3 -> 6 -> 9 -> 5 [slot=9-9, slots=1] | IP 5->1 maps OPT 5->0: LP#50: 5 -> 7 -> 2 -> 4 -> 0 [slot=14-14, slots=1]; LP#51: 5 -> 1 -> 6 -> 2 -> 7 -> 8 -> 4 -> 0 [slot=1-1, slots=1]; LP#52: 5 -> 1 -> 8 -> 4 -> 0 [slot=13-13, slots=1]; LP#53: 5 -> 1 -> 6 -> 3 -> 7 -> 2 -> 4 -> 0 [slot=12-12, slots=1]; LP#54: 5 -> 1 -> 6 -> 3 -> 7 -> 8 -> 4 -> 0 [slot=19-19, slots=1]; LP#55: 5 -> 7 -> 8 -> 4 -> 0 [slot=20-20, slots=1]; LP#56: 5 -> 1 -> 8 -> 4 -> 0 [slot=15-15, slots=1]; LP#57: 5 -> 1 -> 6 -> 3 -> 7 -> 2 -> 4 -> 0 [slot=16-16, slots=1]; LP#58: 5 -> 1 -> 8 -> 4 -> 0 [slot=17-17, slots=1]"
50,50042,initial,d3,63,1,0,0,1,1 -> 3 -> 0,0 -> 9 -> 1,"IP 1->3 maps OPT 0->9: LP#59: 0 -> 4 -> 2 -> 7 -> 8 -> 1 -> 6 -> 9 [slot=21-21, slots=1]; LP#60: 0 -> 4 -> 2 -> 7 -> 3 -> 6 -> 9 [slot=6-6, slots=1]; LP#61: 0 -> 4 -> 2 -> 7 -> 8 -> 1 -> 5 -> 9 [slot=22-22, slots=1]; LP#62: 0 -> 4 -> 2 -> 7 -> 8 -> 1 -> 6 -> 9 [slot=23-23, slots=1]; LP#63: 0 -> 4 -> 2 -> 7 -> 8 -> 1 -> 5 -> 9 [slot=24-24, slots=1]; LP#64: 0 -> 4 -> 2 -> 6 -> 9 [slot=1-1, slots=1]; LP#65: 0 -> 4 -> 2 -> 6 -> 1 -> 5 -> 9 [slot=10-10, slots=1]; LP#66: 0 -> 4 -> 2 -> 6 -> 9 [slot=13-13, slots=1]; LP#67: 0 -> 4 -> 2 -> 7 -> 5 -> 9 [slot=14-14, slots=1]; LP#68: 0 -> 4 -> 2 -> 7 -> 5 -> 9 [slot=16-16, slots=1]; LP#69: 0 -> 4 -> 8 -> 7 -> 5 -> 9 [slot=12-12, slots=1] | IP 3->0 maps OPT 9->1: LP#27: 9 -> 5 -> 7 -> 8 -> 1 [slot=13-13, slots=1]; LP#28: 9 -> 6 -> 3 -> 7 -> 8 -> 1 [slot=3-3, slots=1]; LP#29: 9 -> 6 -> 1 [slot=5-5, slots=1]; LP#30: 9 -> 6 -> 3 -> 7 -> 8 -> 1 [slot=14-14, slots=1]; LP#31: 9 -> 6 -> 3 -> 7 -> 5 -> 1 [slot=7-7, slots=1]; LP#32: 9 -> 6 -> 1 [slot=6-6, slots=1]; LP#33: 9 -> 6 -> 2 -> 7 -> 8 -> 1 [slot=15-15, slots=1]; LP#34: 9 -> 5 -> 7 -> 8 -> 1 [slot=16-16, slots=1]"
50,50042,initial,d4,95,5,1,5,0,5 -> 4 -> 3 -> 1,5 -> 6 -> 9 -> 0,"IP 5->4 maps OPT 5->6: LP#17: 5 -> 7 -> 2 -> 6 [slot=5-5, slots=1]; LP#18: 5 -> 1 -> 8 -> 4 -> 2 -> 6 [slot=2-2, slots=1]; LP#19: 5 -> 7 -> 2 -> 4 -> 8 -> 1 -> 6 [slot=8-8, slots=1]; LP#20: 5 -> 9 -> 6 [slot=4-4, slots=1]; LP#21: 5 -> 1 -> 8 -> 7 -> 2 -> 6 [slot=6-6, slots=1]; LP#22: 5 -> 7 -> 8 -> 4 -> 2 -> 6 [slot=9-9, slots=1]; LP#23: 5 -> 7 -> 2 -> 4 -> 8 -> 1 -> 6 [slot=10-10, slots=1]; LP#24: 5 -> 7 -> 8 -> 4 -> 2 -> 6 [slot=11-11, slots=1]; LP#25: 5 -> 1 -> 8 -> 7 -> 3 -> 6 [slot=4-4, slots=1]; LP#26: 5 -> 7 -> 8 -> 4 -> 2 -> 6 [slot=12-12, slots=1] | IP 4->3 maps OPT 6->9: LP#9: 6 -> 2 -> 7 -> 8 -> 1 -> 5 -> 9 [slot=5-5, slots=1]; LP#10: 6 -> 1 -> 8 -> 7 -> 5 -> 9 [slot=1-1, slots=1]; LP#11: 6 -> 3 -> 7 -> 8 -> 1 -> 5 -> 9 [slot=6-6, slots=1]; LP#12: 6 -> 2 -> 7 -> 8 -> 1 -> 5 -> 9 [slot=7-7, slots=1]; LP#13: 6 -> 1 -> 5 -> 9 [slot=2-2, slots=1]; LP#14: 6 -> 1 -> 5 -> 9 [slot=8-8, slots=1]; LP#15: 6 -> 9 [slot=0-0, slots=1]; LP#16: 6 -> 2 -> 4 -> 8 -> 7 -> 5 -> 9 [slot=3-3, slots=1] | IP 3->1 maps OPT 9->0: LP#70: 9 -> 5 -> 1 -> 8 -> 4 -> 0 [slot=21-21, slots=1]; LP#71: 9 -> 6 -> 1 -> 8 -> 7 -> 2 -> 4 -> 0 [slot=11-11, slots=1]; LP#72: 9 -> 6 -> 2 -> 4 -> 0 [slot=2-2, slots=1]; LP#73: 9 -> 5 -> 7 -> 8 -> 4 -> 0 [slot=25-25, slots=1]; LP#74: 9 -> 5 -> 7 -> 2 -> 4 -> 0 [slot=22-22, slots=1]; LP#75: 9 -> 5 -> 7 -> 2 -> 4 -> 0 [slot=23-23, slots=1]; LP#76: 9 -> 5 -> 1 -> 8 -> 4 -> 0 [slot=24-24, slots=1]; LP#77: 9 -> 5 -> 1 -> 6 -> 2 -> 4 -> 0 [slot=26-26, slots=1]; LP#78: 9 -> 6 -> 1 -> 8 -> 7 -> 2 -> 4 -> 0 [slot=18-18, slots=1]"
50,50042,initial,d5,57,2,3,4,9,2 -> 3,4 -> 9,"IP 2->3 maps OPT 4->9: LP#79: 4 -> 8 -> 1 -> 6 -> 9 [slot=11-11, slots=1]; LP#80: 4 -> 8 -> 7 -> 2 -> 6 -> 9 [slot=15-15, slots=1]; LP#81: 4 -> 2 -> 7 -> 5 -> 9 [slot=17-17, slots=1]; LP#82: 4 -> 2 -> 6 -> 9 [slot=19-19, slots=1]; LP#83: 4 -> 2 -> 7 -> 8 -> 1 -> 5 -> 9 [slot=26-26, slots=1]; LP#84: 4 -> 8 -> 7 -> 2 -> 6 -> 9 [slot=20-20, slots=1]; LP#85: 4 -> 8 -> 1 -> 6 -> 9 [slot=25-25, slots=1]; LP#86: 4 -> 2 -> 7 -> 5 -> 9 [slot=18-18, slots=1]; LP#87: 4 -> 2 -> 6 -> 1 -> 5 -> 9 [slot=25-25, slots=1]; LP#88: 4 -> 2 -> 7 -> 5 -> 9 [slot=20-20, slots=1]; LP#89: 4 -> 2 -> 6 -> 9 [slot=27-27, slots=1]; LP#90: 4 -> 8 -> 1 -> 6 -> 9 [slot=28-28, slots=1]; LP#91: 4 -> 2 -> 6 -> 9 [slot=29-29, slots=1]"
50,50042,initial,d6,82,2,0,4,1,2 -> 3 -> 1 -> 5 -> 4 -> 0,4 -> 9 -> 0 -> 5 -> 6 -> 1,"IP 2->3 maps OPT 4->9: LP#79: 4 -> 8 -> 1 -> 6 -> 9 [slot=11-11, slots=1]; LP#80: 4 -> 8 -> 7 -> 2 -> 6 -> 9 [slot=15-15, slots=1]; LP#81: 4 -> 2 -> 7 -> 5 -> 9 [slot=17-17, slots=1]; LP#82: 4 -> 2 -> 6 -> 9 [slot=19-19, slots=1]; LP#83: 4 -> 2 -> 7 -> 8 -> 1 -> 5 -> 9 [slot=26-26, slots=1]; LP#84: 4 -> 8 -> 7 -> 2 -> 6 -> 9 [slot=20-20, slots=1]; LP#85: 4 -> 8 -> 1 -> 6 -> 9 [slot=25-25, slots=1]; LP#86: 4 -> 2 -> 7 -> 5 -> 9 [slot=18-18, slots=1]; LP#87: 4 -> 2 -> 6 -> 1 -> 5 -> 9 [slot=25-25, slots=1]; LP#88: 4 -> 2 -> 7 -> 5 -> 9 [slot=20-20, slots=1]; LP#89: 4 -> 2 -> 6 -> 9 [slot=27-27, slots=1]; LP#90: 4 -> 8 -> 1 -> 6 -> 9 [slot=28-28, slots=1]; LP#91: 4 -> 2 -> 6 -> 9 [slot=29-29, slots=1] | IP 3->1 maps OPT 9->0: LP#70: 9 -> 5 -> 1 -> 8 -> 4 -> 0 [slot=21-21, slots=1]; LP#71: 9 -> 6 -> 1 -> 8 -> 7 -> 2 -> 4 -> 0 [slot=11-11, slots=1]; LP#72: 9 -> 6 -> 2 -> 4 -> 0 [slot=2-2, slots=1]; LP#73: 9 -> 5 -> 7 -> 8 -> 4 -> 0 [slot=25-25, slots=1]; LP#74: 9 -> 5 -> 7 -> 2 -> 4 -> 0 [slot=22-22, slots=1]; LP#75: 9 -> 5 -> 7 -> 2 -> 4 -> 0 [slot=23-23, slots=1]; LP#76: 9 -> 5 -> 1 -> 8 -> 4 -> 0 [slot=24-24, slots=1]; LP#77: 9 -> 5 -> 1 -> 6 -> 2 -> 4 -> 0 [slot=26-26, slots=1]; LP#78: 9 -> 6 -> 1 -> 8 -> 7 -> 2 -> 4 -> 0 [slot=18-18, slots=1] | IP 1->5 maps OPT 0->5: LP#92: 0 -> 4 -> 8 -> 1 -> 5 [slot=19-19, slots=1]; LP#93: 0 -> 4 -> 2 -> 7 -> 5 [slot=0-0, slots=1]; LP#94: 0 -> 4 -> 2 -> 6 -> 1 -> 5 [slot=28-28, slots=1]; LP#95: 0 -> 4 -> 2 -> 7 -> 8 -> 1 -> 5 [slot=30-30, slots=1]; LP#96: 0 -> 4 -> 8 -> 7 -> 5 [slot=2-2, slots=1]; LP#97: 0 -> 4 -> 8 -> 1 -> 5 [slot=27-27, slots=1]; LP#98: 0 -> 4 -> 2 -> 6 -> 9 -> 5 [slot=31-31, slots=1]; LP#99: 0 -> 4 -> 2 -> 7 -> 3 -> 6 -> 1 -> 5 [slot=32-32, slots=1]; LP#100: 0 -> 4 -> 2 -> 7 -> 3 -> 6 -> 1 -> 5 [slot=33-33, slots=1] | IP 5->4 maps OPT 5->6: LP#17: 5 -> 7 -> 2 -> 6 [slot=5-5, slots=1]; LP#18: 5 -> 1 -> 8 -> 4 -> 2 -> 6 [slot=2-2, slots=1]; LP#19: 5 -> 7 -> 2 -> 4 -> 8 -> 1 -> 6 [slot=8-8, slots=1]; LP#20: 5 -> 9 -> 6 [slot=4-4, slots=1]; LP#21: 5 -> 1 -> 8 -> 7 -> 2 -> 6 [slot=6-6, slots=1]; LP#22: 5 -> 7 -> 8 -> 4 -> 2 -> 6 [slot=9-9, slots=1]; LP#23: 5 -> 7 -> 2 -> 4 -> 8 -> 1 -> 6 [slot=10-10, slots=1]; LP#24: 5 -> 7 -> 8 -> 4 -> 2 -> 6 [slot=11-11, slots=1]; LP#25: 5 -> 1 -> 8 -> 7 -> 3 -> 6 [slot=4-4, slots=1]; LP#26: 5 -> 7 -> 8 -> 4 -> 2 -> 6 [slot=12-12, slots=1] | IP 4->0 maps OPT 6->1: LP#35: 6 -> 2 -> 7 -> 5 -> 1 [slot=8-8, slots=1]; LP#36: 6 -> 9 -> 5 -> 7 -> 8 -> 1 [slot=17-17, slots=1]; LP#37: 6 -> 9 -> 5 -> 7 -> 8 -> 1 [slot=18-18, slots=1]; LP#38: 6 -> 3 -> 7 -> 2 -> 4 -> 8 -> 1 [slot=9-9, slots=1]; LP#39: 6 -> 1 [slot=3-3, slots=1]; LP#40: 6 -> 2 -> 7 -> 8 -> 1 [slot=4-4, slots=1]; LP#41: 6 -> 3 -> 7 -> 5 -> 1 [slot=5-5, slots=1]; LP#42: 6 -> 3 -> 7 -> 5 -> 1 [slot=10-10, slots=1]; LP#43: 6 -> 3 -> 7 -> 5 -> 1 [slot=11-11, slots=1]"
50,50042,initial,d7,47,3,0,9,1,3 -> 4 -> 0,9 -> 6 -> 1,"IP 3->4 maps OPT 9->6: LP#101: 9 -> 5 -> 7 -> 2 -> 6 [slot=30-30, slots=1]; LP#102: 9 -> 5 -> 7 -> 2 -> 6 [slot=32-32, slots=1]; LP#103: 9 -> 5 -> 1 -> 8 -> 7 -> 3 -> 6 [slot=14-14, slots=1]; LP#104: 9 -> 5 -> 7 -> 8 -> 1 -> 6 [slot=29-29, slots=1]; LP#105: 9 -> 5 -> 1 -> 6 [slot=20-20, slots=1]; LP#106: 9 -> 5 -> 7 -> 2 -> 6 [slot=33-33, slots=1]; LP#107: 9 -> 5 -> 1 -> 8 -> 7 -> 2 -> 6 [slot=34-34, slots=1]; LP#108: 9 -> 5 -> 7 -> 3 -> 6 [slot=15-15, slots=1]; LP#109: 9 -> 6 [slot=1-1, slots=1]; LP#110: 9 -> 5 -> 1 -> 6 [slot=27-27, slots=1]; LP#111: 9 -> 5 -> 7 -> 2 -> 6 [slot=35-35, slots=1] | IP 4->0 maps OPT 6->1: LP#35: 6 -> 2 -> 7 -> 5 -> 1 [slot=8-8, slots=1]; LP#36: 6 -> 9 -> 5 -> 7 -> 8 -> 1 [slot=17-17, slots=1]; LP#37: 6 -> 9 -> 5 -> 7 -> 8 -> 1 [slot=18-18, slots=1]; LP#38: 6 -> 3 -> 7 -> 2 -> 4 -> 8 -> 1 [slot=9-9, slots=1]; LP#39: 6 -> 1 [slot=3-3, slots=1]; LP#40: 6 -> 2 -> 7 -> 8 -> 1 [slot=4-4, slots=1]; LP#41: 6 -> 3 -> 7 -> 5 -> 1 [slot=5-5, slots=1]; LP#42: 6 -> 3 -> 7 -> 5 -> 1 [slot=10-10, slots=1]; LP#43: 6 -> 3 -> 7 -> 5 -> 1 [slot=11-11, slots=1]"
50,50042,initial,d8,89,0,1,1,0,0 -> 3 -> 4 -> 5 -> 1,1 -> 9 -> 6 -> 5 -> 0,"IP 0->3 maps OPT 1->9: LP#112: 1 -> 6 -> 3 -> 7 -> 5 -> 9 [slot=13-13, slots=1]; LP#113: 1 -> 6 -> 3 -> 7 -> 5 -> 9 [slot=15-15, slots=1]; LP#114: 1 -> 5 -> 9 [slot=9-9, slots=1]; LP#115: 1 -> 6 -> 9 [slot=2-2, slots=1] | IP 3->4 maps OPT 9->6: LP#101: 9 -> 5 -> 7 -> 2 -> 6 [slot=30-30, slots=1]; LP#102: 9 -> 5 -> 7 -> 2 -> 6 [slot=32-32, slots=1]; LP#103: 9 -> 5 -> 1 -> 8 -> 7 -> 3 -> 6 [slot=14-14, slots=1]; LP#104: 9 -> 5 -> 7 -> 8 -> 1 -> 6 [slot=29-29, slots=1]; LP#105: 9 -> 5 -> 1 -> 6 [slot=20-20, slots=1]; LP#106: 9 -> 5 -> 7 -> 2 -> 6 [slot=33-33, slots=1]; LP#107: 9 -> 5 -> 1 -> 8 -> 7 -> 2 -> 6 [slot=34-34, slots=1]; LP#108: 9 -> 5 -> 7 -> 3 -> 6 [slot=15-15, slots=1]; LP#109: 9 -> 6 [slot=1-1, slots=1]; LP#110: 9 -> 5 -> 1 -> 6 [slot=27-27, slots=1]; LP#111: 9 -> 5 -> 7 -> 2 -> 6 [slot=35-35, slots=1] | IP 4->5 maps OPT 6->5: LP#116: 6 -> 2 -> 7 -> 5 [slot=9-9, slots=1]; LP#117: 6 -> 2 -> 4 -> 8 -> 1 -> 5 [slot=31-31, slots=1]; LP#118: 6 -> 2 -> 4 -> 8 -> 7 -> 5 [slot=21-21, slots=1]; LP#119: 6 -> 2 -> 4 -> 8 -> 7 -> 5 [slot=24-24, slots=1]; LP#120: 6 -> 2 -> 4 -> 8 -> 7 -> 5 [slot=29-29, slots=1]; LP#121: 6 -> 9 -> 5 [slot=4-4, slots=1]; LP#122: 6 -> 1 -> 8 -> 4 -> 2 -> 7 -> 5 [slot=35-35, slots=1] | IP 5->1 maps OPT 5->0: LP#50: 5 -> 7 -> 2 -> 4 -> 0 [slot=14-14, slots=1]; LP#51: 5 -> 1 -> 6 -> 2 -> 7 -> 8 -> 4 -> 0 [slot=1-1, slots=1]; LP#52: 5 -> 1 -> 8 -> 4 -> 0 [slot=13-13, slots=1]; LP#53: 5 -> 1 -> 6 -> 3 -> 7 -> 2 -> 4 -> 0 [slot=12-12, slots=1]; LP#54: 5 -> 1 -> 6 -> 3 -> 7 -> 8 -> 4 -> 0 [slot=19-19, slots=1]; LP#55: 5 -> 7 -> 8 -> 4 -> 0 [slot=20-20, slots=1]; LP#56: 5 -> 1 -> 8 -> 4 -> 0 [slot=15-15, slots=1]; LP#57: 5 -> 1 -> 6 -> 3 -> 7 -> 2 -> 4 -> 0 [slot=16-16, slots=1]; LP#58: 5 -> 1 -> 8 -> 4 -> 0 [slot=17-17, slots=1]"
50,50042,initial,d9,39,3,5,9,5,3 -> 1 -> 5,9 -> 0 -> 5,"IP 3->1 maps OPT 9->0: LP#70: 9 -> 5 -> 1 -> 8 -> 4 -> 0 [slot=21-21, slots=1]; LP#71: 9 -> 6 -> 1 -> 8 -> 7 -> 2 -> 4 -> 0 [slot=11-11, slots=1]; LP#72: 9 -> 6 -> 2 -> 4 -> 0 [slot=2-2, slots=1]; LP#73: 9 -> 5 -> 7 -> 8 -> 4 -> 0 [slot=25-25, slots=1]; LP#74: 9 -> 5 -> 7 -> 2 -> 4 -> 0 [slot=22-22, slots=1]; LP#75: 9 -> 5 -> 7 -> 2 -> 4 -> 0 [slot=23-23, slots=1]; LP#76: 9 -> 5 -> 1 -> 8 -> 4 -> 0 [slot=24-24, slots=1]; LP#77: 9 -> 5 -> 1 -> 6 -> 2 -> 4 -> 0 [slot=26-26, slots=1]; LP#78: 9 -> 6 -> 1 -> 8 -> 7 -> 2 -> 4 -> 0 [slot=18-18, slots=1] | IP 1->5 maps OPT 0->5: LP#92: 0 -> 4 -> 8 -> 1 -> 5 [slot=19-19, slots=1]; LP#93: 0 -> 4 -> 2 -> 7 -> 5 [slot=0-0, slots=1]; LP#94: 0 -> 4 -> 2 -> 6 -> 1 -> 5 [slot=28-28, slots=1]; LP#95: 0 -> 4 -> 2 -> 7 -> 8 -> 1 -> 5 [slot=30-30, slots=1]; LP#96: 0 -> 4 -> 8 -> 7 -> 5 [slot=2-2, slots=1]; LP#97: 0 -> 4 -> 8 -> 1 -> 5 [slot=27-27, slots=1]; LP#98: 0 -> 4 -> 2 -> 6 -> 9 -> 5 [slot=31-31, slots=1]; LP#99: 0 -> 4 -> 2 -> 7 -> 3 -> 6 -> 1 -> 5 [slot=32-32, slots=1]; LP#100: 0 -> 4 -> 2 -> 7 -> 3 -> 6 -> 1 -> 5 [slot=33-33, slots=1]"
50,50042,initial,d10,29,4,2,6,4,4 -> 5 -> 1 -> 3 -> 2,6 -> 5 -> 0 -> 9 -> 4,"IP 4->5 maps OPT 6->5: LP#116: 6 -> 2 -> 7 -> 5 [slot=9-9, slots=1]; LP#117: 6 -> 2 -> 4 -> 8 -> 1 -> 5 [slot=31-31, slots=1]; LP#118: 6 -> 2 -> 4 -> 8 -> 7 -> 5 [slot=21-21, slots=1]; LP#119: 6 -> 2 -> 4 -> 8 -> 7 -> 5 [slot=24-24, slots=1]; LP#120: 6 -> 2 -> 4 -> 8 -> 7 -> 5 [slot=29-29, slots=1]; LP#121: 6 -> 9 -> 5 [slot=4-4, slots=1]; LP#122: 6 -> 1 -> 8 -> 4 -> 2 -> 7 -> 5 [slot=35-35, slots=1] | IP 5->1 maps OPT 5->0: LP#50: 5 -> 7 -> 2 -> 4 -> 0 [slot=14-14, slots=1]; LP#51: 5 -> 1 -> 6 -> 2 -> 7 -> 8 -> 4 -> 0 [slot=1-1, slots=1]; LP#52: 5 -> 1 -> 8 -> 4 -> 0 [slot=13-13, slots=1]; LP#53: 5 -> 1 -> 6 -> 3 -> 7 -> 2 -> 4 -> 0 [slot=12-12, slots=1]; LP#54: 5 -> 1 -> 6 -> 3 -> 7 -> 8 -> 4 -> 0 [slot=19-19, slots=1]; LP#55: 5 -> 7 -> 8 -> 4 -> 0 [slot=20-20, slots=1]; LP#56: 5 -> 1 -> 8 -> 4 -> 0 [slot=15-15, slots=1]; LP#57: 5 -> 1 -> 6 -> 3 -> 7 -> 2 -> 4 -> 0 [slot=16-16, slots=1]; LP#58: 5 -> 1 -> 8 -> 4 -> 0 [slot=17-17, slots=1] | IP 1->3 maps OPT 0->9: LP#59: 0 -> 4 -> 2 -> 7 -> 8 -> 1 -> 6 -> 9 [slot=21-21, slots=1]; LP#60: 0 -> 4 -> 2 -> 7 -> 3 -> 6 -> 9 [slot=6-6, slots=1]; LP#61: 0 -> 4 -> 2 -> 7 -> 8 -> 1 -> 5 -> 9 [slot=22-22, slots=1]; LP#62: 0 -> 4 -> 2 -> 7 -> 8 -> 1 -> 6 -> 9 [slot=23-23, slots=1]; LP#63: 0 -> 4 -> 2 -> 7 -> 8 -> 1 -> 5 -> 9 [slot=24-24, slots=1]; LP#64: 0 -> 4 -> 2 -> 6 -> 9 [slot=1-1, slots=1]; LP#65: 0 -> 4 -> 2 -> 6 -> 1 -> 5 -> 9 [slot=10-10, slots=1]; LP#66: 0 -> 4 -> 2 -> 6 -> 9 [slot=13-13, slots=1]; LP#67: 0 -> 4 -> 2 -> 7 -> 5 -> 9 [slot=14-14, slots=1]; LP#68: 0 -> 4 -> 2 -> 7 -> 5 -> 9 [slot=16-16, slots=1]; LP#69: 0 -> 4 -> 8 -> 7 -> 5 -> 9 [slot=12-12, slots=1] | IP 3->2 maps OPT 9->4: LP#123: 9 -> 6 -> 2 -> 7 -> 8 -> 4 [slot=10-10, slots=1]; LP#124: 9 -> 6 -> 1 -> 8 -> 7 -> 2 -> 4 [slot=19-19, slots=1]; LP#125: 9 -> 5 -> 1 -> 6 -> 2 -> 4 [slot=36-36, slots=1]; LP#126: 9 -> 6 -> 2 -> 7 -> 8 -> 4 [slot=27-27, slots=1]; LP#127: 9 -> 6 -> 1 -> 8 -> 7 -> 2 -> 4 [slot=37-37, slots=1]; LP#128: 9 -> 6 -> 1 -> 8 -> 4 [slot=16-16, slots=1]"
50,50042,initial,d11,33,3,0,9,1,3 -> 1 -> 5 -> 0,9 -> 0 -> 5 -> 1,"IP 3->1 maps OPT 9->0: LP#70: 9 -> 5 -> 1 -> 8 -> 4 -> 0 [slot=21-21, slots=1]; LP#71: 9 -> 6 -> 1 -> 8 -> 7 -> 2 -> 4 -> 0 [slot=11-11, slots=1]; LP#72: 9 -> 6 -> 2 -> 4 -> 0 [slot=2-2, slots=1]; LP#73: 9 -> 5 -> 7 -> 8 -> 4 -> 0 [slot=25-25, slots=1]; LP#74: 9 -> 5 -> 7 -> 2 -> 4 -> 0 [slot=22-22, slots=1]; LP#75: 9 -> 5 -> 7 -> 2 -> 4 -> 0 [slot=23-23, slots=1]; LP#76: 9 -> 5 -> 1 -> 8 -> 4 -> 0 [slot=24-24, slots=1]; LP#77: 9 -> 5 -> 1 -> 6 -> 2 -> 4 -> 0 [slot=26-26, slots=1]; LP#78: 9 -> 6 -> 1 -> 8 -> 7 -> 2 -> 4 -> 0 [slot=18-18, slots=1] | IP 1->5 maps OPT 0->5: LP#92: 0 -> 4 -> 8 -> 1 -> 5 [slot=19-19, slots=1]; LP#93: 0 -> 4 -> 2 -> 7 -> 5 [slot=0-0, slots=1]; LP#94: 0 -> 4 -> 2 -> 6 -> 1 -> 5 [slot=28-28, slots=1]; LP#95: 0 -> 4 -> 2 -> 7 -> 8 -> 1 -> 5 [slot=30-30, slots=1]; LP#96: 0 -> 4 -> 8 -> 7 -> 5 [slot=2-2, slots=1]; LP#97: 0 -> 4 -> 8 -> 1 -> 5 [slot=27-27, slots=1]; LP#98: 0 -> 4 -> 2 -> 6 -> 9 -> 5 [slot=31-31, slots=1]; LP#99: 0 -> 4 -> 2 -> 7 -> 3 -> 6 -> 1 -> 5 [slot=32-32, slots=1]; LP#100: 0 -> 4 -> 2 -> 7 -> 3 -> 6 -> 1 -> 5 [slot=33-33, slots=1] | IP 5->0 maps OPT 5->1: LP#0: 5 -> 1 [slot=0-0, slots=1]; LP#1: 5 -> 9 -> 6 -> 3 -> 7 -> 8 -> 1 [slot=0-0, slots=1]; LP#2: 5 -> 7 -> 3 -> 6 -> 1 [slot=0-0, slots=1]; LP#3: 5 -> 7 -> 2 -> 4 -> 8 -> 1 [slot=1-1, slots=1]; LP#4: 5 -> 7 -> 8 -> 1 [slot=2-2, slots=1]"
50,50042,initial,d12,37,4,0,6,1,4 -> 5 -> 1 -> 3 -> 0,6 -> 5 -> 0 -> 9 -> 1,"IP 4->5 maps OPT 6->5: LP#116: 6 -> 2 -> 7 -> 5 [slot=9-9, slots=1]; LP#117: 6 -> 2 -> 4 -> 8 -> 1 -> 5 [slot=31-31, slots=1]; LP#118: 6 -> 2 -> 4 -> 8 -> 7 -> 5 [slot=21-21, slots=1]; LP#119: 6 -> 2 -> 4 -> 8 -> 7 -> 5 [slot=24-24, slots=1]; LP#120: 6 -> 2 -> 4 -> 8 -> 7 -> 5 [slot=29-29, slots=1]; LP#121: 6 -> 9 -> 5 [slot=4-4, slots=1]; LP#122: 6 -> 1 -> 8 -> 4 -> 2 -> 7 -> 5 [slot=35-35, slots=1] | IP 5->1 maps OPT 5->0: LP#50: 5 -> 7 -> 2 -> 4 -> 0 [slot=14-14, slots=1]; LP#51: 5 -> 1 -> 6 -> 2 -> 7 -> 8 -> 4 -> 0 [slot=1-1, slots=1]; LP#52: 5 -> 1 -> 8 -> 4 -> 0 [slot=13-13, slots=1]; LP#53: 5 -> 1 -> 6 -> 3 -> 7 -> 2 -> 4 -> 0 [slot=12-12, slots=1]; LP#54: 5 -> 1 -> 6 -> 3 -> 7 -> 8 -> 4 -> 0 [slot=19-19, slots=1]; LP#55: 5 -> 7 -> 8 -> 4 -> 0 [slot=20-20, slots=1]; LP#56: 5 -> 1 -> 8 -> 4 -> 0 [slot=15-15, slots=1]; LP#57: 5 -> 1 -> 6 -> 3 -> 7 -> 2 -> 4 -> 0 [slot=16-16, slots=1]; LP#58: 5 -> 1 -> 8 -> 4 -> 0 [slot=17-17, slots=1] | IP 1->3 maps OPT 0->9: LP#59: 0 -> 4 -> 2 -> 7 -> 8 -> 1 -> 6 -> 9 [slot=21-21, slots=1]; LP#60: 0 -> 4 -> 2 -> 7 -> 3 -> 6 -> 9 [slot=6-6, slots=1]; LP#61: 0 -> 4 -> 2 -> 7 -> 8 -> 1 -> 5 -> 9 [slot=22-22, slots=1]; LP#62: 0 -> 4 -> 2 -> 7 -> 8 -> 1 -> 6 -> 9 [slot=23-23, slots=1]; LP#63: 0 -> 4 -> 2 -> 7 -> 8 -> 1 -> 5 -> 9 [slot=24-24, slots=1]; LP#64: 0 -> 4 -> 2 -> 6 -> 9 [slot=1-1, slots=1]; LP#65: 0 -> 4 -> 2 -> 6 -> 1 -> 5 -> 9 [slot=10-10, slots=1]; LP#66: 0 -> 4 -> 2 -> 6 -> 9 [slot=13-13, slots=1]; LP#67: 0 -> 4 -> 2 -> 7 -> 5 -> 9 [slot=14-14, slots=1]; LP#68: 0 -> 4 -> 2 -> 7 -> 5 -> 9 [slot=16-16, slots=1]; LP#69: 0 -> 4 -> 8 -> 7 -> 5 -> 9 [slot=12-12, slots=1] | IP 3->0 maps OPT 9->1: LP#27: 9 -> 5 -> 7 -> 8 -> 1 [slot=13-13, slots=1]; LP#28: 9 -> 6 -> 3 -> 7 -> 8 -> 1 [slot=3-3, slots=1]; LP#29: 9 -> 6 -> 1 [slot=5-5, slots=1]; LP#30: 9 -> 6 -> 3 -> 7 -> 8 -> 1 [slot=14-14, slots=1]; LP#31: 9 -> 6 -> 3 -> 7 -> 5 -> 1 [slot=7-7, slots=1]; LP#32: 9 -> 6 -> 1 [slot=6-6, slots=1]; LP#33: 9 -> 6 -> 2 -> 7 -> 8 -> 1 [slot=15-15, slots=1]; LP#34: 9 -> 5 -> 7 -> 8 -> 1 [slot=16-16, slots=1]"
50,50042,initial,d13,91,1,3,0,9,1 -> 5 -> 4 -> 0 -> 3,0 -> 5 -> 6 -> 1 -> 9,"IP 1->5 maps OPT 0->5: LP#92: 0 -> 4 -> 8 -> 1 -> 5 [slot=19-19, slots=1]; LP#93: 0 -> 4 -> 2 -> 7 -> 5 [slot=0-0, slots=1]; LP#94: 0 -> 4 -> 2 -> 6 -> 1 -> 5 [slot=28-28, slots=1]; LP#95: 0 -> 4 -> 2 -> 7 -> 8 -> 1 -> 5 [slot=30-30, slots=1]; LP#96: 0 -> 4 -> 8 -> 7 -> 5 [slot=2-2, slots=1]; LP#97: 0 -> 4 -> 8 -> 1 -> 5 [slot=27-27, slots=1]; LP#98: 0 -> 4 -> 2 -> 6 -> 9 -> 5 [slot=31-31, slots=1]; LP#99: 0 -> 4 -> 2 -> 7 -> 3 -> 6 -> 1 -> 5 [slot=32-32, slots=1]; LP#100: 0 -> 4 -> 2 -> 7 -> 3 -> 6 -> 1 -> 5 [slot=33-33, slots=1] | IP 5->4 maps OPT 5->6: LP#17: 5 -> 7 -> 2 -> 6 [slot=5-5, slots=1]; LP#18: 5 -> 1 -> 8 -> 4 -> 2 -> 6 [slot=2-2, slots=1]; LP#19: 5 -> 7 -> 2 -> 4 -> 8 -> 1 -> 6 [slot=8-8, slots=1]; LP#20: 5 -> 9 -> 6 [slot=4-4, slots=1]; LP#21: 5 -> 1 -> 8 -> 7 -> 2 -> 6 [slot=6-6, slots=1]; LP#22: 5 -> 7 -> 8 -> 4 -> 2 -> 6 [slot=9-9, slots=1]; LP#23: 5 -> 7 -> 2 -> 4 -> 8 -> 1 -> 6 [slot=10-10, slots=1]; LP#24: 5 -> 7 -> 8 -> 4 -> 2 -> 6 [slot=11-11, slots=1]; LP#25: 5 -> 1 -> 8 -> 7 -> 3 -> 6 [slot=4-4, slots=1]; LP#26: 5 -> 7 -> 8 -> 4 -> 2 -> 6 [slot=12-12, slots=1] | IP 4->0 maps OPT 6->1: LP#35: 6 -> 2 -> 7 -> 5 -> 1 [slot=8-8, slots=1]; LP#36: 6 -> 9 -> 5 -> 7 -> 8 -> 1 [slot=17-17, slots=1]; LP#37: 6 -> 9 -> 5 -> 7 -> 8 -> 1 [slot=18-18, slots=1]; LP#38: 6 -> 3 -> 7 -> 2 -> 4 -> 8 -> 1 [slot=9-9, slots=1]; LP#39: 6 -> 1 [slot=3-3, slots=1]; LP#40: 6 -> 2 -> 7 -> 8 -> 1 [slot=4-4, slots=1]; LP#41: 6 -> 3 -> 7 -> 5 -> 1 [slot=5-5, slots=1]; LP#42: 6 -> 3 -> 7 -> 5 -> 1 [slot=10-10, slots=1]; LP#43: 6 -> 3 -> 7 -> 5 -> 1 [slot=11-11, slots=1] | IP 0->3 maps OPT 1->9: LP#112: 1 -> 6 -> 3 -> 7 -> 5 -> 9 [slot=13-13, slots=1]; LP#113: 1 -> 6 -> 3 -> 7 -> 5 -> 9 [slot=15-15, slots=1]; LP#114: 1 -> 5 -> 9 [slot=9-9, slots=1]; LP#115: 1 -> 6 -> 9 [slot=2-2, slots=1]"
50,50042,initial,d14,95,2,4,4,6,2 -> 3 -> 4,4 -> 9 -> 6,"IP 2->3 maps OPT 4->9: LP#79: 4 -> 8 -> 1 -> 6 -> 9 [slot=11-11, slots=1]; LP#80: 4 -> 8 -> 7 -> 2 -> 6 -> 9 [slot=15-15, slots=1]; LP#81: 4 -> 2 -> 7 -> 5 -> 9 [slot=17-17, slots=1]; LP#82: 4 -> 2 -> 6 -> 9 [slot=19-19, slots=1]; LP#83: 4 -> 2 -> 7 -> 8 -> 1 -> 5 -> 9 [slot=26-26, slots=1]; LP#84: 4 -> 8 -> 7 -> 2 -> 6 -> 9 [slot=20-20, slots=1]; LP#85: 4 -> 8 -> 1 -> 6 -> 9 [slot=25-25, slots=1]; LP#86: 4 -> 2 -> 7 -> 5 -> 9 [slot=18-18, slots=1]; LP#87: 4 -> 2 -> 6 -> 1 -> 5 -> 9 [slot=25-25, slots=1]; LP#88: 4 -> 2 -> 7 -> 5 -> 9 [slot=20-20, slots=1]; LP#89: 4 -> 2 -> 6 -> 9 [slot=27-27, slots=1]; LP#90: 4 -> 8 -> 1 -> 6 -> 9 [slot=28-28, slots=1]; LP#91: 4 -> 2 -> 6 -> 9 [slot=29-29, slots=1] | IP 3->4 maps OPT 9->6: LP#101: 9 -> 5 -> 7 -> 2 -> 6 [slot=30-30, slots=1]; LP#102: 9 -> 5 -> 7 -> 2 -> 6 [slot=32-32, slots=1]; LP#103: 9 -> 5 -> 1 -> 8 -> 7 -> 3 -> 6 [slot=14-14, slots=1]; LP#104: 9 -> 5 -> 7 -> 8 -> 1 -> 6 [slot=29-29, slots=1]; LP#105: 9 -> 5 -> 1 -> 6 [slot=20-20, slots=1]; LP#106: 9 -> 5 -> 7 -> 2 -> 6 [slot=33-33, slots=1]; LP#107: 9 -> 5 -> 1 -> 8 -> 7 -> 2 -> 6 [slot=34-34, slots=1]; LP#108: 9 -> 5 -> 7 -> 3 -> 6 [slot=15-15, slots=1]; LP#109: 9 -> 6 [slot=1-1, slots=1]; LP#110: 9 -> 5 -> 1 -> 6 [slot=27-27, slots=1]; LP#111: 9 -> 5 -> 7 -> 2 -> 6 [slot=35-35, slots=1]"
50,50042,initial,d15,48,2,3,4,9,2 -> 3,4 -> 9,"IP 2->3 maps OPT 4->9: LP#79: 4 -> 8 -> 1 -> 6 -> 9 [slot=11-11, slots=1]; LP#80: 4 -> 8 -> 7 -> 2 -> 6 -> 9 [slot=15-15, slots=1]; LP#81: 4 -> 2 -> 7 -> 5 -> 9 [slot=17-17, slots=1]; LP#82: 4 -> 2 -> 6 -> 9 [slot=19-19, slots=1]; LP#83: 4 -> 2 -> 7 -> 8 -> 1 -> 5 -> 9 [slot=26-26, slots=1]; LP#84: 4 -> 8 -> 7 -> 2 -> 6 -> 9 [slot=20-20, slots=1]; LP#85: 4 -> 8 -> 1 -> 6 -> 9 [slot=25-25, slots=1]; LP#86: 4 -> 2 -> 7 -> 5 -> 9 [slot=18-18, slots=1]; LP#87: 4 -> 2 -> 6 -> 1 -> 5 -> 9 [slot=25-25, slots=1]; LP#88: 4 -> 2 -> 7 -> 5 -> 9 [slot=20-20, slots=1]; LP#89: 4 -> 2 -> 6 -> 9 [slot=27-27, slots=1]; LP#90: 4 -> 8 -> 1 -> 6 -> 9 [slot=28-28, slots=1]; LP#91: 4 -> 2 -> 6 -> 9 [slot=29-29, slots=1]"
50,50042,initial,d16,77,4,3,6,9,4 -> 0 -> 5 -> 1 -> 3,6 -> 1 -> 5 -> 0 -> 9,"IP 4->0 maps OPT 6->1: LP#35: 6 -> 2 -> 7 -> 5 -> 1 [slot=8-8, slots=1]; LP#36: 6 -> 9 -> 5 -> 7 -> 8 -> 1 [slot=17-17, slots=1]; LP#37: 6 -> 9 -> 5 -> 7 -> 8 -> 1 [slot=18-18, slots=1]; LP#38: 6 -> 3 -> 7 -> 2 -> 4 -> 8 -> 1 [slot=9-9, slots=1]; LP#39: 6 -> 1 [slot=3-3, slots=1]; LP#40: 6 -> 2 -> 7 -> 8 -> 1 [slot=4-4, slots=1]; LP#41: 6 -> 3 -> 7 -> 5 -> 1 [slot=5-5, slots=1]; LP#42: 6 -> 3 -> 7 -> 5 -> 1 [slot=10-10, slots=1]; LP#43: 6 -> 3 -> 7 -> 5 -> 1 [slot=11-11, slots=1] | IP 0->5 maps OPT 1->5: LP#44: 1 -> 5 [slot=0-0, slots=1]; LP#45: 1 -> 8 -> 7 -> 3 -> 6 -> 9 -> 5 [slot=5-5, slots=1]; LP#46: 1 -> 8 -> 7 -> 2 -> 6 -> 9 -> 5 [slot=7-7, slots=1]; LP#47: 1 -> 8 -> 7 -> 3 -> 6 -> 9 -> 5 [slot=8-8, slots=1]; LP#48: 1 -> 8 -> 4 -> 2 -> 6 -> 9 -> 5 [slot=3-3, slots=1]; LP#49: 1 -> 8 -> 7 -> 3 -> 6 -> 9 -> 5 [slot=9-9, slots=1] | IP 5->1 maps OPT 5->0: LP#50: 5 -> 7 -> 2 -> 4 -> 0 [slot=14-14, slots=1]; LP#51: 5 -> 1 -> 6 -> 2 -> 7 -> 8 -> 4 -> 0 [slot=1-1, slots=1]; LP#52: 5 -> 1 -> 8 -> 4 -> 0 [slot=13-13, slots=1]; LP#53: 5 -> 1 -> 6 -> 3 -> 7 -> 2 -> 4 -> 0 [slot=12-12, slots=1]; LP#54: 5 -> 1 -> 6 -> 3 -> 7 -> 8 -> 4 -> 0 [slot=19-19, slots=1]; LP#55: 5 -> 7 -> 8 -> 4 -> 0 [slot=20-20, slots=1]; LP#56: 5 -> 1 -> 8 -> 4 -> 0 [slot=15-15, slots=1]; LP#57: 5 -> 1 -> 6 -> 3 -> 7 -> 2 -> 4 -> 0 [slot=16-16, slots=1]; LP#58: 5 -> 1 -> 8 -> 4 -> 0 [slot=17-17, slots=1] | IP 1->3 maps OPT 0->9: LP#59: 0 -> 4 -> 2 -> 7 -> 8 -> 1 -> 6 -> 9 [slot=21-21, slots=1]; LP#60: 0 -> 4 -> 2 -> 7 -> 3 -> 6 -> 9 [slot=6-6, slots=1]; LP#61: 0 -> 4 -> 2 -> 7 -> 8 -> 1 -> 5 -> 9 [slot=22-22, slots=1]; LP#62: 0 -> 4 -> 2 -> 7 -> 8 -> 1 -> 6 -> 9 [slot=23-23, slots=1]; LP#63: 0 -> 4 -> 2 -> 7 -> 8 -> 1 -> 5 -> 9 [slot=24-24, slots=1]; LP#64: 0 -> 4 -> 2 -> 6 -> 9 [slot=1-1, slots=1]; LP#65: 0 -> 4 -> 2 -> 6 -> 1 -> 5 -> 9 [slot=10-10, slots=1]; LP#66: 0 -> 4 -> 2 -> 6 -> 9 [slot=13-13, slots=1]; LP#67: 0 -> 4 -> 2 -> 7 -> 5 -> 9 [slot=14-14, slots=1]; LP#68: 0 -> 4 -> 2 -> 7 -> 5 -> 9 [slot=16-16, slots=1]; LP#69: 0 -> 4 -> 8 -> 7 -> 5 -> 9 [slot=12-12, slots=1]"
50,50042,initial,d17,39,4,5,6,5,4 -> 5,6 -> 5,"IP 4->5 maps OPT 6->5: LP#116: 6 -> 2 -> 7 -> 5 [slot=9-9, slots=1]; LP#117: 6 -> 2 -> 4 -> 8 -> 1 -> 5 [slot=31-31, slots=1]; LP#118: 6 -> 2 -> 4 -> 8 -> 7 -> 5 [slot=21-21, slots=1]; LP#119: 6 -> 2 -> 4 -> 8 -> 7 -> 5 [slot=24-24, slots=1]; LP#120: 6 -> 2 -> 4 -> 8 -> 7 -> 5 [slot=29-29, slots=1]; LP#121: 6 -> 9 -> 5 [slot=4-4, slots=1]; LP#122: 6 -> 1 -> 8 -> 4 -> 2 -> 7 -> 5 [slot=35-35, slots=1]"
50,50042,initial,d18,73,2,3,4,9,2 -> 3,4 -> 9,"IP 2->3 maps OPT 4->9: LP#79: 4 -> 8 -> 1 -> 6 -> 9 [slot=11-11, slots=1]; LP#80: 4 -> 8 -> 7 -> 2 -> 6 -> 9 [slot=15-15, slots=1]; LP#81: 4 -> 2 -> 7 -> 5 -> 9 [slot=17-17, slots=1]; LP#82: 4 -> 2 -> 6 -> 9 [slot=19-19, slots=1]; LP#83: 4 -> 2 -> 7 -> 8 -> 1 -> 5 -> 9 [slot=26-26, slots=1]; LP#84: 4 -> 8 -> 7 -> 2 -> 6 -> 9 [slot=20-20, slots=1]; LP#85: 4 -> 8 -> 1 -> 6 -> 9 [slot=25-25, slots=1]; LP#86: 4 -> 2 -> 7 -> 5 -> 9 [slot=18-18, slots=1]; LP#87: 4 -> 2 -> 6 -> 1 -> 5 -> 9 [slot=25-25, slots=1]; LP#88: 4 -> 2 -> 7 -> 5 -> 9 [slot=20-20, slots=1]; LP#89: 4 -> 2 -> 6 -> 9 [slot=27-27, slots=1]; LP#90: 4 -> 8 -> 1 -> 6 -> 9 [slot=28-28, slots=1]; LP#91: 4 -> 2 -> 6 -> 9 [slot=29-29, slots=1]"
50,50042,initial,d19,44,5,3,5,9,5 -> 1 -> 3,5 -> 0 -> 9,"IP 5->1 maps OPT 5->0: LP#50: 5 -> 7 -> 2 -> 4 -> 0 [slot=14-14, slots=1]; LP#51: 5 -> 1 -> 6 -> 2 -> 7 -> 8 -> 4 -> 0 [slot=1-1, slots=1]; LP#52: 5 -> 1 -> 8 -> 4 -> 0 [slot=13-13, slots=1]; LP#53: 5 -> 1 -> 6 -> 3 -> 7 -> 2 -> 4 -> 0 [slot=12-12, slots=1]; LP#54: 5 -> 1 -> 6 -> 3 -> 7 -> 8 -> 4 -> 0 [slot=19-19, slots=1]; LP#55: 5 -> 7 -> 8 -> 4 -> 0 [slot=20-20, slots=1]; LP#56: 5 -> 1 -> 8 -> 4 -> 0 [slot=15-15, slots=1]; LP#57: 5 -> 1 -> 6 -> 3 -> 7 -> 2 -> 4 -> 0 [slot=16-16, slots=1]; LP#58: 5 -> 1 -> 8 -> 4 -> 0 [slot=17-17, slots=1] | IP 1->3 maps OPT 0->9: LP#59: 0 -> 4 -> 2 -> 7 -> 8 -> 1 -> 6 -> 9 [slot=21-21, slots=1]; LP#60: 0 -> 4 -> 2 -> 7 -> 3 -> 6 -> 9 [slot=6-6, slots=1]; LP#61: 0 -> 4 -> 2 -> 7 -> 8 -> 1 -> 5 -> 9 [slot=22-22, slots=1]; LP#62: 0 -> 4 -> 2 -> 7 -> 8 -> 1 -> 6 -> 9 [slot=23-23, slots=1]; LP#63: 0 -> 4 -> 2 -> 7 -> 8 -> 1 -> 5 -> 9 [slot=24-24, slots=1]; LP#64: 0 -> 4 -> 2 -> 6 -> 9 [slot=1-1, slots=1]; LP#65: 0 -> 4 -> 2 -> 6 -> 1 -> 5 -> 9 [slot=10-10, slots=1]; LP#66: 0 -> 4 -> 2 -> 6 -> 9 [slot=13-13, slots=1]; LP#67: 0 -> 4 -> 2 -> 7 -> 5 -> 9 [slot=14-14, slots=1]; LP#68: 0 -> 4 -> 2 -> 7 -> 5 -> 9 [slot=16-16, slots=1]; LP#69: 0 -> 4 -> 8 -> 7 -> 5 -> 9 [slot=12-12, slots=1]"
50,50042,initial,d20,71,2,0,4,1,2 -> 3 -> 4 -> 5 -> 0,4 -> 9 -> 6 -> 5 -> 1,"IP 2->3 maps OPT 4->9: LP#79: 4 -> 8 -> 1 -> 6 -> 9 [slot=11-11, slots=1]; LP#80: 4 -> 8 -> 7 -> 2 -> 6 -> 9 [slot=15-15, slots=1]; LP#81: 4 -> 2 -> 7 -> 5 -> 9 [slot=17-17, slots=1]; LP#82: 4 -> 2 -> 6 -> 9 [slot=19-19, slots=1]; LP#83: 4 -> 2 -> 7 -> 8 -> 1 -> 5 -> 9 [slot=26-26, slots=1]; LP#84: 4 -> 8 -> 7 -> 2 -> 6 -> 9 [slot=20-20, slots=1]; LP#85: 4 -> 8 -> 1 -> 6 -> 9 [slot=25-25, slots=1]; LP#86: 4 -> 2 -> 7 -> 5 -> 9 [slot=18-18, slots=1]; LP#87: 4 -> 2 -> 6 -> 1 -> 5 -> 9 [slot=25-25, slots=1]; LP#88: 4 -> 2 -> 7 -> 5 -> 9 [slot=20-20, slots=1]; LP#89: 4 -> 2 -> 6 -> 9 [slot=27-27, slots=1]; LP#90: 4 -> 8 -> 1 -> 6 -> 9 [slot=28-28, slots=1]; LP#91: 4 -> 2 -> 6 -> 9 [slot=29-29, slots=1] | IP 3->4 maps OPT 9->6: LP#101: 9 -> 5 -> 7 -> 2 -> 6 [slot=30-30, slots=1]; LP#102: 9 -> 5 -> 7 -> 2 -> 6 [slot=32-32, slots=1]; LP#103: 9 -> 5 -> 1 -> 8 -> 7 -> 3 -> 6 [slot=14-14, slots=1]; LP#104: 9 -> 5 -> 7 -> 8 -> 1 -> 6 [slot=29-29, slots=1]; LP#105: 9 -> 5 -> 1 -> 6 [slot=20-20, slots=1]; LP#106: 9 -> 5 -> 7 -> 2 -> 6 [slot=33-33, slots=1]; LP#107: 9 -> 5 -> 1 -> 8 -> 7 -> 2 -> 6 [slot=34-34, slots=1]; LP#108: 9 -> 5 -> 7 -> 3 -> 6 [slot=15-15, slots=1]; LP#109: 9 -> 6 [slot=1-1, slots=1]; LP#110: 9 -> 5 -> 1 -> 6 [slot=27-27, slots=1]; LP#111: 9 -> 5 -> 7 -> 2 -> 6 [slot=35-35, slots=1] | IP 4->5 maps OPT 6->5: LP#116: 6 -> 2 -> 7 -> 5 [slot=9-9, slots=1]; LP#117: 6 -> 2 -> 4 -> 8 -> 1 -> 5 [slot=31-31, slots=1]; LP#118: 6 -> 2 -> 4 -> 8 -> 7 -> 5 [slot=21-21, slots=1]; LP#119: 6 -> 2 -> 4 -> 8 -> 7 -> 5 [slot=24-24, slots=1]; LP#120: 6 -> 2 -> 4 -> 8 -> 7 -> 5 [slot=29-29, slots=1]; LP#121: 6 -> 9 -> 5 [slot=4-4, slots=1]; LP#122: 6 -> 1 -> 8 -> 4 -> 2 -> 7 -> 5 [slot=35-35, slots=1] | IP 5->0 maps OPT 5->1: LP#0: 5 -> 1 [slot=0-0, slots=1]; LP#1: 5 -> 9 -> 6 -> 3 -> 7 -> 8 -> 1 [slot=0-0, slots=1]; LP#2: 5 -> 7 -> 3 -> 6 -> 1 [slot=0-0, slots=1]; LP#3: 5 -> 7 -> 2 -> 4 -> 8 -> 1 [slot=1-1, slots=1]; LP#4: 5 -> 7 -> 8 -> 1 [slot=2-2, slots=1]"
50,50042,initial,d21,36,1,5,0,5,1 -> 3 -> 4 -> 5,0 -> 9 -> 6 -> 5,"IP 1->3 maps OPT 0->9: LP#59: 0 -> 4 -> 2 -> 7 -> 8 -> 1 -> 6 -> 9 [slot=21-21, slots=1]; LP#60: 0 -> 4 -> 2 -> 7 -> 3 -> 6 -> 9 [slot=6-6, slots=1]; LP#61: 0 -> 4 -> 2 -> 7 -> 8 -> 1 -> 5 -> 9 [slot=22-22, slots=1]; LP#62: 0 -> 4 -> 2 -> 7 -> 8 -> 1 -> 6 -> 9 [slot=23-23, slots=1]; LP#63: 0 -> 4 -> 2 -> 7 -> 8 -> 1 -> 5 -> 9 [slot=24-24, slots=1]; LP#64: 0 -> 4 -> 2 -> 6 -> 9 [slot=1-1, slots=1]; LP#65: 0 -> 4 -> 2 -> 6 -> 1 -> 5 -> 9 [slot=10-10, slots=1]; LP#66: 0 -> 4 -> 2 -> 6 -> 9 [slot=13-13, slots=1]; LP#67: 0 -> 4 -> 2 -> 7 -> 5 -> 9 [slot=14-14, slots=1]; LP#68: 0 -> 4 -> 2 -> 7 -> 5 -> 9 [slot=16-16, slots=1]; LP#69: 0 -> 4 -> 8 -> 7 -> 5 -> 9 [slot=12-12, slots=1] | IP 3->4 maps OPT 9->6: LP#101: 9 -> 5 -> 7 -> 2 -> 6 [slot=30-30, slots=1]; LP#102: 9 -> 5 -> 7 -> 2 -> 6 [slot=32-32, slots=1]; LP#103: 9 -> 5 -> 1 -> 8 -> 7 -> 3 -> 6 [slot=14-14, slots=1]; LP#104: 9 -> 5 -> 7 -> 8 -> 1 -> 6 [slot=29-29, slots=1]; LP#105: 9 -> 5 -> 1 -> 6 [slot=20-20, slots=1]; LP#106: 9 -> 5 -> 7 -> 2 -> 6 [slot=33-33, slots=1]; LP#107: 9 -> 5 -> 1 -> 8 -> 7 -> 2 -> 6 [slot=34-34, slots=1]; LP#108: 9 -> 5 -> 7 -> 3 -> 6 [slot=15-15, slots=1]; LP#109: 9 -> 6 [slot=1-1, slots=1]; LP#110: 9 -> 5 -> 1 -> 6 [slot=27-27, slots=1]; LP#111: 9 -> 5 -> 7 -> 2 -> 6 [slot=35-35, slots=1] | IP 4->5 maps OPT 6->5: LP#116: 6 -> 2 -> 7 -> 5 [slot=9-9, slots=1]; LP#117: 6 -> 2 -> 4 -> 8 -> 1 -> 5 [slot=31-31, slots=1]; LP#118: 6 -> 2 -> 4 -> 8 -> 7 -> 5 [slot=21-21, slots=1]; LP#119: 6 -> 2 -> 4 -> 8 -> 7 -> 5 [slot=24-24, slots=1]; LP#120: 6 -> 2 -> 4 -> 8 -> 7 -> 5 [slot=29-29, slots=1]; LP#121: 6 -> 9 -> 5 [slot=4-4, slots=1]; LP#122: 6 -> 1 -> 8 -> 4 -> 2 -> 7 -> 5 [slot=35-35, slots=1]"
50,50042,initial,d22,37,5,3,5,9,5 -> 1 -> 3,5 -> 0 -> 9,"IP 5->1 maps OPT 5->0: LP#50: 5 -> 7 -> 2 -> 4 -> 0 [slot=14-14, slots=1]; LP#51: 5 -> 1 -> 6 -> 2 -> 7 -> 8 -> 4 -> 0 [slot=1-1, slots=1]; LP#52: 5 -> 1 -> 8 -> 4 -> 0 [slot=13-13, slots=1]; LP#53: 5 -> 1 -> 6 -> 3 -> 7 -> 2 -> 4 -> 0 [slot=12-12, slots=1]; LP#54: 5 -> 1 -> 6 -> 3 -> 7 -> 8 -> 4 -> 0 [slot=19-19, slots=1]; LP#55: 5 -> 7 -> 8 -> 4 -> 0 [slot=20-20, slots=1]; LP#56: 5 -> 1 -> 8 -> 4 -> 0 [slot=15-15, slots=1]; LP#57: 5 -> 1 -> 6 -> 3 -> 7 -> 2 -> 4 -> 0 [slot=16-16, slots=1]; LP#58: 5 -> 1 -> 8 -> 4 -> 0 [slot=17-17, slots=1] | IP 1->3 maps OPT 0->9: LP#59: 0 -> 4 -> 2 -> 7 -> 8 -> 1 -> 6 -> 9 [slot=21-21, slots=1]; LP#60: 0 -> 4 -> 2 -> 7 -> 3 -> 6 -> 9 [slot=6-6, slots=1]; LP#61: 0 -> 4 -> 2 -> 7 -> 8 -> 1 -> 5 -> 9 [slot=22-22, slots=1]; LP#62: 0 -> 4 -> 2 -> 7 -> 8 -> 1 -> 6 -> 9 [slot=23-23, slots=1]; LP#63: 0 -> 4 -> 2 -> 7 -> 8 -> 1 -> 5 -> 9 [slot=24-24, slots=1]; LP#64: 0 -> 4 -> 2 -> 6 -> 9 [slot=1-1, slots=1]; LP#65: 0 -> 4 -> 2 -> 6 -> 1 -> 5 -> 9 [slot=10-10, slots=1]; LP#66: 0 -> 4 -> 2 -> 6 -> 9 [slot=13-13, slots=1]; LP#67: 0 -> 4 -> 2 -> 7 -> 5 -> 9 [slot=14-14, slots=1]; LP#68: 0 -> 4 -> 2 -> 7 -> 5 -> 9 [slot=16-16, slots=1]; LP#69: 0 -> 4 -> 8 -> 7 -> 5 -> 9 [slot=12-12, slots=1]"
50,50042,initial,d23,97,4,1,6,0,4 -> 0 -> 3 -> 1,6 -> 1 -> 9 -> 0,"IP 4->0 maps OPT 6->1: LP#35: 6 -> 2 -> 7 -> 5 -> 1 [slot=8-8, slots=1]; LP#36: 6 -> 9 -> 5 -> 7 -> 8 -> 1 [slot=17-17, slots=1]; LP#37: 6 -> 9 -> 5 -> 7 -> 8 -> 1 [slot=18-18, slots=1]; LP#38: 6 -> 3 -> 7 -> 2 -> 4 -> 8 -> 1 [slot=9-9, slots=1]; LP#39: 6 -> 1 [slot=3-3, slots=1]; LP#40: 6 -> 2 -> 7 -> 8 -> 1 [slot=4-4, slots=1]; LP#41: 6 -> 3 -> 7 -> 5 -> 1 [slot=5-5, slots=1]; LP#42: 6 -> 3 -> 7 -> 5 -> 1 [slot=10-10, slots=1]; LP#43: 6 -> 3 -> 7 -> 5 -> 1 [slot=11-11, slots=1] | IP 0->3 maps OPT 1->9: LP#112: 1 -> 6 -> 3 -> 7 -> 5 -> 9 [slot=13-13, slots=1]; LP#113: 1 -> 6 -> 3 -> 7 -> 5 -> 9 [slot=15-15, slots=1]; LP#114: 1 -> 5 -> 9 [slot=9-9, slots=1]; LP#115: 1 -> 6 -> 9 [slot=2-2, slots=1] | IP 3->1 maps OPT 9->0: LP#70: 9 -> 5 -> 1 -> 8 -> 4 -> 0 [slot=21-21, slots=1]; LP#71: 9 -> 6 -> 1 -> 8 -> 7 -> 2 -> 4 -> 0 [slot=11-11, slots=1]; LP#72: 9 -> 6 -> 2 -> 4 -> 0 [slot=2-2, slots=1]; LP#73: 9 -> 5 -> 7 -> 8 -> 4 -> 0 [slot=25-25, slots=1]; LP#74: 9 -> 5 -> 7 -> 2 -> 4 -> 0 [slot=22-22, slots=1]; LP#75: 9 -> 5 -> 7 -> 2 -> 4 -> 0 [slot=23-23, slots=1]; LP#76: 9 -> 5 -> 1 -> 8 -> 4 -> 0 [slot=24-24, slots=1]; LP#77: 9 -> 5 -> 1 -> 6 -> 2 -> 4 -> 0 [slot=26-26, slots=1]; LP#78: 9 -> 6 -> 1 -> 8 -> 7 -> 2 -> 4 -> 0 [slot=18-18, slots=1]"
50,50042,initial,d24,91,0,3,1,9,0 -> 5 -> 4 -> 3,1 -> 5 -> 6 -> 9,"IP 0->5 maps OPT 1->5: LP#44: 1 -> 5 [slot=0-0, slots=1]; LP#45: 1 -> 8 -> 7 -> 3 -> 6 -> 9 -> 5 [slot=5-5, slots=1]; LP#46: 1 -> 8 -> 7 -> 2 -> 6 -> 9 -> 5 [slot=7-7, slots=1]; LP#47: 1 -> 8 -> 7 -> 3 -> 6 -> 9 -> 5 [slot=8-8, slots=1]; LP#48: 1 -> 8 -> 4 -> 2 -> 6 -> 9 -> 5 [slot=3-3, slots=1]; LP#49: 1 -> 8 -> 7 -> 3 -> 6 -> 9 -> 5 [slot=9-9, slots=1] | IP 5->4 maps OPT 5->6: LP#17: 5 -> 7 -> 2 -> 6 [slot=5-5, slots=1]; LP#18: 5 -> 1 -> 8 -> 4 -> 2 -> 6 [slot=2-2, slots=1]; LP#19: 5 -> 7 -> 2 -> 4 -> 8 -> 1 -> 6 [slot=8-8, slots=1]; LP#20: 5 -> 9 -> 6 [slot=4-4, slots=1]; LP#21: 5 -> 1 -> 8 -> 7 -> 2 -> 6 [slot=6-6, slots=1]; LP#22: 5 -> 7 -> 8 -> 4 -> 2 -> 6 [slot=9-9, slots=1]; LP#23: 5 -> 7 -> 2 -> 4 -> 8 -> 1 -> 6 [slot=10-10, slots=1]; LP#24: 5 -> 7 -> 8 -> 4 -> 2 -> 6 [slot=11-11, slots=1]; LP#25: 5 -> 1 -> 8 -> 7 -> 3 -> 6 [slot=4-4, slots=1]; LP#26: 5 -> 7 -> 8 -> 4 -> 2 -> 6 [slot=12-12, slots=1] | IP 4->3 maps OPT 6->9: LP#9: 6 -> 2 -> 7 -> 8 -> 1 -> 5 -> 9 [slot=5-5, slots=1]; LP#10: 6 -> 1 -> 8 -> 7 -> 5 -> 9 [slot=1-1, slots=1]; LP#11: 6 -> 3 -> 7 -> 8 -> 1 -> 5 -> 9 [slot=6-6, slots=1]; LP#12: 6 -> 2 -> 7 -> 8 -> 1 -> 5 -> 9 [slot=7-7, slots=1]; LP#13: 6 -> 1 -> 5 -> 9 [slot=2-2, slots=1]; LP#14: 6 -> 1 -> 5 -> 9 [slot=8-8, slots=1]; LP#15: 6 -> 9 [slot=0-0, slots=1]; LP#16: 6 -> 2 -> 4 -> 8 -> 7 -> 5 -> 9 [slot=3-3, slots=1]"
50,50042,initial,d25,66,3,2,9,4,3 -> 2,9 -> 4,"IP 3->2 maps OPT 9->4: LP#123: 9 -> 6 -> 2 -> 7 -> 8 -> 4 [slot=10-10, slots=1]; LP#124: 9 -> 6 -> 1 -> 8 -> 7 -> 2 -> 4 [slot=19-19, slots=1]; LP#125: 9 -> 5 -> 1 -> 6 -> 2 -> 4 [slot=36-36, slots=1]; LP#126: 9 -> 6 -> 2 -> 7 -> 8 -> 4 [slot=27-27, slots=1]; LP#127: 9 -> 6 -> 1 -> 8 -> 7 -> 2 -> 4 [slot=37-37, slots=1]; LP#128: 9 -> 6 -> 1 -> 8 -> 4 [slot=16-16, slots=1]"
50,50042,initial,d26,70,3,0,9,1,3 -> 0,9 -> 1,"IP 3->0 maps OPT 9->1: LP#27: 9 -> 5 -> 7 -> 8 -> 1 [slot=13-13, slots=1]; LP#28: 9 -> 6 -> 3 -> 7 -> 8 -> 1 [slot=3-3, slots=1]; LP#29: 9 -> 6 -> 1 [slot=5-5, slots=1]; LP#30: 9 -> 6 -> 3 -> 7 -> 8 -> 1 [slot=14-14, slots=1]; LP#31: 9 -> 6 -> 3 -> 7 -> 5 -> 1 [slot=7-7, slots=1]; LP#32: 9 -> 6 -> 1 [slot=6-6, slots=1]; LP#33: 9 -> 6 -> 2 -> 7 -> 8 -> 1 [slot=15-15, slots=1]; LP#34: 9 -> 5 -> 7 -> 8 -> 1 [slot=16-16, slots=1]"
50,50042,initial,d27,97,2,4,4,6,2 -> 3 -> 1 -> 5 -> 4,4 -> 9 -> 0 -> 5 -> 6,"IP 2->3 maps OPT 4->9: LP#79: 4 -> 8 -> 1 -> 6 -> 9 [slot=11-11, slots=1]; LP#80: 4 -> 8 -> 7 -> 2 -> 6 -> 9 [slot=15-15, slots=1]; LP#81: 4 -> 2 -> 7 -> 5 -> 9 [slot=17-17, slots=1]; LP#82: 4 -> 2 -> 6 -> 9 [slot=19-19, slots=1]; LP#83: 4 -> 2 -> 7 -> 8 -> 1 -> 5 -> 9 [slot=26-26, slots=1]; LP#84: 4 -> 8 -> 7 -> 2 -> 6 -> 9 [slot=20-20, slots=1]; LP#85: 4 -> 8 -> 1 -> 6 -> 9 [slot=25-25, slots=1]; LP#86: 4 -> 2 -> 7 -> 5 -> 9 [slot=18-18, slots=1]; LP#87: 4 -> 2 -> 6 -> 1 -> 5 -> 9 [slot=25-25, slots=1]; LP#88: 4 -> 2 -> 7 -> 5 -> 9 [slot=20-20, slots=1]; LP#89: 4 -> 2 -> 6 -> 9 [slot=27-27, slots=1]; LP#90: 4 -> 8 -> 1 -> 6 -> 9 [slot=28-28, slots=1]; LP#91: 4 -> 2 -> 6 -> 9 [slot=29-29, slots=1] | IP 3->1 maps OPT 9->0: LP#70: 9 -> 5 -> 1 -> 8 -> 4 -> 0 [slot=21-21, slots=1]; LP#71: 9 -> 6 -> 1 -> 8 -> 7 -> 2 -> 4 -> 0 [slot=11-11, slots=1]; LP#72: 9 -> 6 -> 2 -> 4 -> 0 [slot=2-2, slots=1]; LP#73: 9 -> 5 -> 7 -> 8 -> 4 -> 0 [slot=25-25, slots=1]; LP#74: 9 -> 5 -> 7 -> 2 -> 4 -> 0 [slot=22-22, slots=1]; LP#75: 9 -> 5 -> 7 -> 2 -> 4 -> 0 [slot=23-23, slots=1]; LP#76: 9 -> 5 -> 1 -> 8 -> 4 -> 0 [slot=24-24, slots=1]; LP#77: 9 -> 5 -> 1 -> 6 -> 2 -> 4 -> 0 [slot=26-26, slots=1]; LP#78: 9 -> 6 -> 1 -> 8 -> 7 -> 2 -> 4 -> 0 [slot=18-18, slots=1] | IP 1->5 maps OPT 0->5: LP#92: 0 -> 4 -> 8 -> 1 -> 5 [slot=19-19, slots=1]; LP#93: 0 -> 4 -> 2 -> 7 -> 5 [slot=0-0, slots=1]; LP#94: 0 -> 4 -> 2 -> 6 -> 1 -> 5 [slot=28-28, slots=1]; LP#95: 0 -> 4 -> 2 -> 7 -> 8 -> 1 -> 5 [slot=30-30, slots=1]; LP#96: 0 -> 4 -> 8 -> 7 -> 5 [slot=2-2, slots=1]; LP#97: 0 -> 4 -> 8 -> 1 -> 5 [slot=27-27, slots=1]; LP#98: 0 -> 4 -> 2 -> 6 -> 9 -> 5 [slot=31-31, slots=1]; LP#99: 0 -> 4 -> 2 -> 7 -> 3 -> 6 -> 1 -> 5 [slot=32-32, slots=1]; LP#100: 0 -> 4 -> 2 -> 7 -> 3 -> 6 -> 1 -> 5 [slot=33-33, slots=1] | IP 5->4 maps OPT 5->6: LP#17: 5 -> 7 -> 2 -> 6 [slot=5-5, slots=1]; LP#18: 5 -> 1 -> 8 -> 4 -> 2 -> 6 [slot=2-2, slots=1]; LP#19: 5 -> 7 -> 2 -> 4 -> 8 -> 1 -> 6 [slot=8-8, slots=1]; LP#20: 5 -> 9 -> 6 [slot=4-4, slots=1]; LP#21: 5 -> 1 -> 8 -> 7 -> 2 -> 6 [slot=6-6, slots=1]; LP#22: 5 -> 7 -> 8 -> 4 -> 2 -> 6 [slot=9-9, slots=1]; LP#23: 5 -> 7 -> 2 -> 4 -> 8 -> 1 -> 6 [slot=10-10, slots=1]; LP#24: 5 -> 7 -> 8 -> 4 -> 2 -> 6 [slot=11-11, slots=1]; LP#25: 5 -> 1 -> 8 -> 7 -> 3 -> 6 [slot=4-4, slots=1]; LP#26: 5 -> 7 -> 8 -> 4 -> 2 -> 6 [slot=12-12, slots=1]"
50,50042,initial,d28,84,2,5,4,5,2 -> 3 -> 4 -> 5,4 -> 9 -> 6 -> 5,"IP 2->3 maps OPT 4->9: LP#79: 4 -> 8 -> 1 -> 6 -> 9 [slot=11-11, slots=1]; LP#80: 4 -> 8 -> 7 -> 2 -> 6 -> 9 [slot=15-15, slots=1]; LP#81: 4 -> 2 -> 7 -> 5 -> 9 [slot=17-17, slots=1]; LP#82: 4 -> 2 -> 6 -> 9 [slot=19-19, slots=1]; LP#83: 4 -> 2 -> 7 -> 8 -> 1 -> 5 -> 9 [slot=26-26, slots=1]; LP#84: 4 -> 8 -> 7 -> 2 -> 6 -> 9 [slot=20-20, slots=1]; LP#85: 4 -> 8 -> 1 -> 6 -> 9 [slot=25-25, slots=1]; LP#86: 4 -> 2 -> 7 -> 5 -> 9 [slot=18-18, slots=1]; LP#87: 4 -> 2 -> 6 -> 1 -> 5 -> 9 [slot=25-25, slots=1]; LP#88: 4 -> 2 -> 7 -> 5 -> 9 [slot=20-20, slots=1]; LP#89: 4 -> 2 -> 6 -> 9 [slot=27-27, slots=1]; LP#90: 4 -> 8 -> 1 -> 6 -> 9 [slot=28-28, slots=1]; LP#91: 4 -> 2 -> 6 -> 9 [slot=29-29, slots=1] | IP 3->4 maps OPT 9->6: LP#101: 9 -> 5 -> 7 -> 2 -> 6 [slot=30-30, slots=1]; LP#102: 9 -> 5 -> 7 -> 2 -> 6 [slot=32-32, slots=1]; LP#103: 9 -> 5 -> 1 -> 8 -> 7 -> 3 -> 6 [slot=14-14, slots=1]; LP#104: 9 -> 5 -> 7 -> 8 -> 1 -> 6 [slot=29-29, slots=1]; LP#105: 9 -> 5 -> 1 -> 6 [slot=20-20, slots=1]; LP#106: 9 -> 5 -> 7 -> 2 -> 6 [slot=33-33, slots=1]; LP#107: 9 -> 5 -> 1 -> 8 -> 7 -> 2 -> 6 [slot=34-34, slots=1]; LP#108: 9 -> 5 -> 7 -> 3 -> 6 [slot=15-15, slots=1]; LP#109: 9 -> 6 [slot=1-1, slots=1]; LP#110: 9 -> 5 -> 1 -> 6 [slot=27-27, slots=1]; LP#111: 9 -> 5 -> 7 -> 2 -> 6 [slot=35-35, slots=1] | IP 4->5 maps OPT 6->5: LP#116: 6 -> 2 -> 7 -> 5 [slot=9-9, slots=1]; LP#117: 6 -> 2 -> 4 -> 8 -> 1 -> 5 [slot=31-31, slots=1]; LP#118: 6 -> 2 -> 4 -> 8 -> 7 -> 5 [slot=21-21, slots=1]; LP#119: 6 -> 2 -> 4 -> 8 -> 7 -> 5 [slot=24-24, slots=1]; LP#120: 6 -> 2 -> 4 -> 8 -> 7 -> 5 [slot=29-29, slots=1]; LP#121: 6 -> 9 -> 5 [slot=4-4, slots=1]; LP#122: 6 -> 1 -> 8 -> 4 -> 2 -> 7 -> 5 [slot=35-35, slots=1]"
50,50042,initial,d29,27,5,2,5,4,5 -> 0 -> 4 -> 3 -> 2,5 -> 1 -> 6 -> 9 -> 4,"IP 5->0 maps OPT 5->1: LP#0: 5 -> 1 [slot=0-0, slots=1]; LP#1: 5 -> 9 -> 6 -> 3 -> 7 -> 8 -> 1 [slot=0-0, slots=1]; LP#2: 5 -> 7 -> 3 -> 6 -> 1 [slot=0-0, slots=1]; LP#3: 5 -> 7 -> 2 -> 4 -> 8 -> 1 [slot=1-1, slots=1]; LP#4: 5 -> 7 -> 8 -> 1 [slot=2-2, slots=1] | IP 0->4 maps OPT 1->6: LP#5: 1 -> 6 [slot=0-0, slots=1]; LP#6: 1 -> 8 -> 7 -> 2 -> 6 [slot=0-0, slots=1]; LP#7: 1 -> 5 -> 7 -> 3 -> 6 [slot=3-3, slots=1]; LP#8: 1 -> 5 -> 7 -> 2 -> 6 [slot=4-4, slots=1] | IP 4->3 maps OPT 6->9: LP#9: 6 -> 2 -> 7 -> 8 -> 1 -> 5 -> 9 [slot=5-5, slots=1]; LP#10: 6 -> 1 -> 8 -> 7 -> 5 -> 9 [slot=1-1, slots=1]; LP#11: 6 -> 3 -> 7 -> 8 -> 1 -> 5 -> 9 [slot=6-6, slots=1]; LP#12: 6 -> 2 -> 7 -> 8 -> 1 -> 5 -> 9 [slot=7-7, slots=1]; LP#13: 6 -> 1 -> 5 -> 9 [slot=2-2, slots=1]; LP#14: 6 -> 1 -> 5 -> 9 [slot=8-8, slots=1]; LP#15: 6 -> 9 [slot=0-0, slots=1]; LP#16: 6 -> 2 -> 4 -> 8 -> 7 -> 5 -> 9 [slot=3-3, slots=1] | IP 3->2 maps OPT 9->4: LP#123: 9 -> 6 -> 2 -> 7 -> 8 -> 4 [slot=10-10, slots=1]; LP#124: 9 -> 6 -> 1 -> 8 -> 7 -> 2 -> 4 [slot=19-19, slots=1]; LP#125: 9 -> 5 -> 1 -> 6 -> 2 -> 4 [slot=36-36, slots=1]; LP#126: 9 -> 6 -> 2 -> 7 -> 8 -> 4 [slot=27-27, slots=1]; LP#127: 9 -> 6 -> 1 -> 8 -> 7 -> 2 -> 4 [slot=37-37, slots=1]; LP#128: 9 -> 6 -> 1 -> 8 -> 4 [slot=16-16, slots=1]"
50,50042,initial,d30,49,5,4,5,6,5 -> 4,5 -> 6,"IP 5->4 maps OPT 5->6: LP#17: 5 -> 7 -> 2 -> 6 [slot=5-5, slots=1]; LP#18: 5 -> 1 -> 8 -> 4 -> 2 -> 6 [slot=2-2, slots=1]; LP#19: 5 -> 7 -> 2 -> 4 -> 8 -> 1 -> 6 [slot=8-8, slots=1]; LP#20: 5 -> 9 -> 6 [slot=4-4, slots=1]; LP#21: 5 -> 1 -> 8 -> 7 -> 2 -> 6 [slot=6-6, slots=1]; LP#22: 5 -> 7 -> 8 -> 4 -> 2 -> 6 [slot=9-9, slots=1]; LP#23: 5 -> 7 -> 2 -> 4 -> 8 -> 1 -> 6 [slot=10-10, slots=1]; LP#24: 5 -> 7 -> 8 -> 4 -> 2 -> 6 [slot=11-11, slots=1]; LP#25: 5 -> 1 -> 8 -> 7 -> 3 -> 6 [slot=4-4, slots=1]; LP#26: 5 -> 7 -> 8 -> 4 -> 2 -> 6 [slot=12-12, slots=1]"
50,50042,initial,d31,41,2,4,4,6,2 -> 3 -> 4,4 -> 9 -> 6,"IP 2->3 maps OPT 4->9: LP#79: 4 -> 8 -> 1 -> 6 -> 9 [slot=11-11, slots=1]; LP#80: 4 -> 8 -> 7 -> 2 -> 6 -> 9 [slot=15-15, slots=1]; LP#81: 4 -> 2 -> 7 -> 5 -> 9 [slot=17-17, slots=1]; LP#82: 4 -> 2 -> 6 -> 9 [slot=19-19, slots=1]; LP#83: 4 -> 2 -> 7 -> 8 -> 1 -> 5 -> 9 [slot=26-26, slots=1]; LP#84: 4 -> 8 -> 7 -> 2 -> 6 -> 9 [slot=20-20, slots=1]; LP#85: 4 -> 8 -> 1 -> 6 -> 9 [slot=25-25, slots=1]; LP#86: 4 -> 2 -> 7 -> 5 -> 9 [slot=18-18, slots=1]; LP#87: 4 -> 2 -> 6 -> 1 -> 5 -> 9 [slot=25-25, slots=1]; LP#88: 4 -> 2 -> 7 -> 5 -> 9 [slot=20-20, slots=1]; LP#89: 4 -> 2 -> 6 -> 9 [slot=27-27, slots=1]; LP#90: 4 -> 8 -> 1 -> 6 -> 9 [slot=28-28, slots=1]; LP#91: 4 -> 2 -> 6 -> 9 [slot=29-29, slots=1] | IP 3->4 maps OPT 9->6: LP#101: 9 -> 5 -> 7 -> 2 -> 6 [slot=30-30, slots=1]; LP#102: 9 -> 5 -> 7 -> 2 -> 6 [slot=32-32, slots=1]; LP#103: 9 -> 5 -> 1 -> 8 -> 7 -> 3 -> 6 [slot=14-14, slots=1]; LP#104: 9 -> 5 -> 7 -> 8 -> 1 -> 6 [slot=29-29, slots=1]; LP#105: 9 -> 5 -> 1 -> 6 [slot=20-20, slots=1]; LP#106: 9 -> 5 -> 7 -> 2 -> 6 [slot=33-33, slots=1]; LP#107: 9 -> 5 -> 1 -> 8 -> 7 -> 2 -> 6 [slot=34-34, slots=1]; LP#108: 9 -> 5 -> 7 -> 3 -> 6 [slot=15-15, slots=1]; LP#109: 9 -> 6 [slot=1-1, slots=1]; LP#110: 9 -> 5 -> 1 -> 6 [slot=27-27, slots=1]; LP#111: 9 -> 5 -> 7 -> 2 -> 6 [slot=35-35, slots=1]"
50,50042,initial,d32,89,1,2,0,4,1 -> 3 -> 2,0 -> 9 -> 4,"IP 1->3 maps OPT 0->9: LP#59: 0 -> 4 -> 2 -> 7 -> 8 -> 1 -> 6 -> 9 [slot=21-21, slots=1]; LP#60: 0 -> 4 -> 2 -> 7 -> 3 -> 6 -> 9 [slot=6-6, slots=1]; LP#61: 0 -> 4 -> 2 -> 7 -> 8 -> 1 -> 5 -> 9 [slot=22-22, slots=1]; LP#62: 0 -> 4 -> 2 -> 7 -> 8 -> 1 -> 6 -> 9 [slot=23-23, slots=1]; LP#63: 0 -> 4 -> 2 -> 7 -> 8 -> 1 -> 5 -> 9 [slot=24-24, slots=1]; LP#64: 0 -> 4 -> 2 -> 6 -> 9 [slot=1-1, slots=1]; LP#65: 0 -> 4 -> 2 -> 6 -> 1 -> 5 -> 9 [slot=10-10, slots=1]; LP#66: 0 -> 4 -> 2 -> 6 -> 9 [slot=13-13, slots=1]; LP#67: 0 -> 4 -> 2 -> 7 -> 5 -> 9 [slot=14-14, slots=1]; LP#68: 0 -> 4 -> 2 -> 7 -> 5 -> 9 [slot=16-16, slots=1]; LP#69: 0 -> 4 -> 8 -> 7 -> 5 -> 9 [slot=12-12, slots=1] | IP 3->2 maps OPT 9->4: LP#123: 9 -> 6 -> 2 -> 7 -> 8 -> 4 [slot=10-10, slots=1]; LP#124: 9 -> 6 -> 1 -> 8 -> 7 -> 2 -> 4 [slot=19-19, slots=1]; LP#125: 9 -> 5 -> 1 -> 6 -> 2 -> 4 [slot=36-36, slots=1]; LP#126: 9 -> 6 -> 2 -> 7 -> 8 -> 4 [slot=27-27, slots=1]; LP#127: 9 -> 6 -> 1 -> 8 -> 7 -> 2 -> 4 [slot=37-37, slots=1]; LP#128: 9 -> 6 -> 1 -> 8 -> 4 [slot=16-16, slots=1]"
50,50042,initial,d33,68,1,4,0,6,1 -> 3 -> 4,0 -> 9 -> 6,"IP 1->3 maps OPT 0->9: LP#59: 0 -> 4 -> 2 -> 7 -> 8 -> 1 -> 6 -> 9 [slot=21-21, slots=1]; LP#60: 0 -> 4 -> 2 -> 7 -> 3 -> 6 -> 9 [slot=6-6, slots=1]; LP#61: 0 -> 4 -> 2 -> 7 -> 8 -> 1 -> 5 -> 9 [slot=22-22, slots=1]; LP#62: 0 -> 4 -> 2 -> 7 -> 8 -> 1 -> 6 -> 9 [slot=23-23, slots=1]; LP#63: 0 -> 4 -> 2 -> 7 -> 8 -> 1 -> 5 -> 9 [slot=24-24, slots=1]; LP#64: 0 -> 4 -> 2 -> 6 -> 9 [slot=1-1, slots=1]; LP#65: 0 -> 4 -> 2 -> 6 -> 1 -> 5 -> 9 [slot=10-10, slots=1]; LP#66: 0 -> 4 -> 2 -> 6 -> 9 [slot=13-13, slots=1]; LP#67: 0 -> 4 -> 2 -> 7 -> 5 -> 9 [slot=14-14, slots=1]; LP#68: 0 -> 4 -> 2 -> 7 -> 5 -> 9 [slot=16-16, slots=1]; LP#69: 0 -> 4 -> 8 -> 7 -> 5 -> 9 [slot=12-12, slots=1] | IP 3->4 maps OPT 9->6: LP#101: 9 -> 5 -> 7 -> 2 -> 6 [slot=30-30, slots=1]; LP#102: 9 -> 5 -> 7 -> 2 -> 6 [slot=32-32, slots=1]; LP#103: 9 -> 5 -> 1 -> 8 -> 7 -> 3 -> 6 [slot=14-14, slots=1]; LP#104: 9 -> 5 -> 7 -> 8 -> 1 -> 6 [slot=29-29, slots=1]; LP#105: 9 -> 5 -> 1 -> 6 [slot=20-20, slots=1]; LP#106: 9 -> 5 -> 7 -> 2 -> 6 [slot=33-33, slots=1]; LP#107: 9 -> 5 -> 1 -> 8 -> 7 -> 2 -> 6 [slot=34-34, slots=1]; LP#108: 9 -> 5 -> 7 -> 3 -> 6 [slot=15-15, slots=1]; LP#109: 9 -> 6 [slot=1-1, slots=1]; LP#110: 9 -> 5 -> 1 -> 6 [slot=27-27, slots=1]; LP#111: 9 -> 5 -> 7 -> 2 -> 6 [slot=35-35, slots=1]"
50,50042,initial,d34,93,2,0,4,1,2 -> 3 -> 0,4 -> 9 -> 1,"IP 2->3 maps OPT 4->9: LP#79: 4 -> 8 -> 1 -> 6 -> 9 [slot=11-11, slots=1]; LP#80: 4 -> 8 -> 7 -> 2 -> 6 -> 9 [slot=15-15, slots=1]; LP#81: 4 -> 2 -> 7 -> 5 -> 9 [slot=17-17, slots=1]; LP#82: 4 -> 2 -> 6 -> 9 [slot=19-19, slots=1]; LP#83: 4 -> 2 -> 7 -> 8 -> 1 -> 5 -> 9 [slot=26-26, slots=1]; LP#84: 4 -> 8 -> 7 -> 2 -> 6 -> 9 [slot=20-20, slots=1]; LP#85: 4 -> 8 -> 1 -> 6 -> 9 [slot=25-25, slots=1]; LP#86: 4 -> 2 -> 7 -> 5 -> 9 [slot=18-18, slots=1]; LP#87: 4 -> 2 -> 6 -> 1 -> 5 -> 9 [slot=25-25, slots=1]; LP#88: 4 -> 2 -> 7 -> 5 -> 9 [slot=20-20, slots=1]; LP#89: 4 -> 2 -> 6 -> 9 [slot=27-27, slots=1]; LP#90: 4 -> 8 -> 1 -> 6 -> 9 [slot=28-28, slots=1]; LP#91: 4 -> 2 -> 6 -> 9 [slot=29-29, slots=1] | IP 3->0 maps OPT 9->1: LP#27: 9 -> 5 -> 7 -> 8 -> 1 [slot=13-13, slots=1]; LP#28: 9 -> 6 -> 3 -> 7 -> 8 -> 1 [slot=3-3, slots=1]; LP#29: 9 -> 6 -> 1 [slot=5-5, slots=1]; LP#30: 9 -> 6 -> 3 -> 7 -> 8 -> 1 [slot=14-14, slots=1]; LP#31: 9 -> 6 -> 3 -> 7 -> 5 -> 1 [slot=7-7, slots=1]; LP#32: 9 -> 6 -> 1 [slot=6-6, slots=1]; LP#33: 9 -> 6 -> 2 -> 7 -> 8 -> 1 [slot=15-15, slots=1]; LP#34: 9 -> 5 -> 7 -> 8 -> 1 [slot=16-16, slots=1]"
50,50042,initial,d35,22,3,4,9,6,3 -> 4,9 -> 6,"IP 3->4 maps OPT 9->6: LP#101: 9 -> 5 -> 7 -> 2 -> 6 [slot=30-30, slots=1]; LP#102: 9 -> 5 -> 7 -> 2 -> 6 [slot=32-32, slots=1]; LP#103: 9 -> 5 -> 1 -> 8 -> 7 -> 3 -> 6 [slot=14-14, slots=1]; LP#104: 9 -> 5 -> 7 -> 8 -> 1 -> 6 [slot=29-29, slots=1]; LP#105: 9 -> 5 -> 1 -> 6 [slot=20-20, slots=1]; LP#106: 9 -> 5 -> 7 -> 2 -> 6 [slot=33-33, slots=1]; LP#107: 9 -> 5 -> 1 -> 8 -> 7 -> 2 -> 6 [slot=34-34, slots=1]; LP#108: 9 -> 5 -> 7 -> 3 -> 6 [slot=15-15, slots=1]; LP#109: 9 -> 6 [slot=1-1, slots=1]; LP#110: 9 -> 5 -> 1 -> 6 [slot=27-27, slots=1]; LP#111: 9 -> 5 -> 7 -> 2 -> 6 [slot=35-35, slots=1]"
50,50042,initial,d36,99,5,0,5,1,5 -> 1 -> 3 -> 4 -> 0,5 -> 0 -> 9 -> 6 -> 1,"IP 5->1 maps OPT 5->0: LP#50: 5 -> 7 -> 2 -> 4 -> 0 [slot=14-14, slots=1]; LP#51: 5 -> 1 -> 6 -> 2 -> 7 -> 8 -> 4 -> 0 [slot=1-1, slots=1]; LP#52: 5 -> 1 -> 8 -> 4 -> 0 [slot=13-13, slots=1]; LP#53: 5 -> 1 -> 6 -> 3 -> 7 -> 2 -> 4 -> 0 [slot=12-12, slots=1]; LP#54: 5 -> 1 -> 6 -> 3 -> 7 -> 8 -> 4 -> 0 [slot=19-19, slots=1]; LP#55: 5 -> 7 -> 8 -> 4 -> 0 [slot=20-20, slots=1]; LP#56: 5 -> 1 -> 8 -> 4 -> 0 [slot=15-15, slots=1]; LP#57: 5 -> 1 -> 6 -> 3 -> 7 -> 2 -> 4 -> 0 [slot=16-16, slots=1]; LP#58: 5 -> 1 -> 8 -> 4 -> 0 [slot=17-17, slots=1] | IP 1->3 maps OPT 0->9: LP#59: 0 -> 4 -> 2 -> 7 -> 8 -> 1 -> 6 -> 9 [slot=21-21, slots=1]; LP#60: 0 -> 4 -> 2 -> 7 -> 3 -> 6 -> 9 [slot=6-6, slots=1]; LP#61: 0 -> 4 -> 2 -> 7 -> 8 -> 1 -> 5 -> 9 [slot=22-22, slots=1]; LP#62: 0 -> 4 -> 2 -> 7 -> 8 -> 1 -> 6 -> 9 [slot=23-23, slots=1]; LP#63: 0 -> 4 -> 2 -> 7 -> 8 -> 1 -> 5 -> 9 [slot=24-24, slots=1]; LP#64: 0 -> 4 -> 2 -> 6 -> 9 [slot=1-1, slots=1]; LP#65: 0 -> 4 -> 2 -> 6 -> 1 -> 5 -> 9 [slot=10-10, slots=1]; LP#66: 0 -> 4 -> 2 -> 6 -> 9 [slot=13-13, slots=1]; LP#67: 0 -> 4 -> 2 -> 7 -> 5 -> 9 [slot=14-14, slots=1]; LP#68: 0 -> 4 -> 2 -> 7 -> 5 -> 9 [slot=16-16, slots=1]; LP#69: 0 -> 4 -> 8 -> 7 -> 5 -> 9 [slot=12-12, slots=1] | IP 3->4 maps OPT 9->6: LP#101: 9 -> 5 -> 7 -> 2 -> 6 [slot=30-30, slots=1]; LP#102: 9 -> 5 -> 7 -> 2 -> 6 [slot=32-32, slots=1]; LP#103: 9 -> 5 -> 1 -> 8 -> 7 -> 3 -> 6 [slot=14-14, slots=1]; LP#104: 9 -> 5 -> 7 -> 8 -> 1 -> 6 [slot=29-29, slots=1]; LP#105: 9 -> 5 -> 1 -> 6 [slot=20-20, slots=1]; LP#106: 9 -> 5 -> 7 -> 2 -> 6 [slot=33-33, slots=1]; LP#107: 9 -> 5 -> 1 -> 8 -> 7 -> 2 -> 6 [slot=34-34, slots=1]; LP#108: 9 -> 5 -> 7 -> 3 -> 6 [slot=15-15, slots=1]; LP#109: 9 -> 6 [slot=1-1, slots=1]; LP#110: 9 -> 5 -> 1 -> 6 [slot=27-27, slots=1]; LP#111: 9 -> 5 -> 7 -> 2 -> 6 [slot=35-35, slots=1] | IP 4->0 maps OPT 6->1: LP#35: 6 -> 2 -> 7 -> 5 -> 1 [slot=8-8, slots=1]; LP#36: 6 -> 9 -> 5 -> 7 -> 8 -> 1 [slot=17-17, slots=1]; LP#37: 6 -> 9 -> 5 -> 7 -> 8 -> 1 [slot=18-18, slots=1]; LP#38: 6 -> 3 -> 7 -> 2 -> 4 -> 8 -> 1 [slot=9-9, slots=1]; LP#39: 6 -> 1 [slot=3-3, slots=1]; LP#40: 6 -> 2 -> 7 -> 8 -> 1 [slot=4-4, slots=1]; LP#41: 6 -> 3 -> 7 -> 5 -> 1 [slot=5-5, slots=1]; LP#42: 6 -> 3 -> 7 -> 5 -> 1 [slot=10-10, slots=1]; LP#43: 6 -> 3 -> 7 -> 5 -> 1 [slot=11-11, slots=1]"
50,50042,initial,d37,38,1,5,0,5,1 -> 3 -> 0 -> 5,0 -> 9 -> 1 -> 5,"IP 1->3 maps OPT 0->9: LP#59: 0 -> 4 -> 2 -> 7 -> 8 -> 1 -> 6 -> 9 [slot=21-21, slots=1]; LP#60: 0 -> 4 -> 2 -> 7 -> 3 -> 6 -> 9 [slot=6-6, slots=1]; LP#61: 0 -> 4 -> 2 -> 7 -> 8 -> 1 -> 5 -> 9 [slot=22-22, slots=1]; LP#62: 0 -> 4 -> 2 -> 7 -> 8 -> 1 -> 6 -> 9 [slot=23-23, slots=1]; LP#63: 0 -> 4 -> 2 -> 7 -> 8 -> 1 -> 5 -> 9 [slot=24-24, slots=1]; LP#64: 0 -> 4 -> 2 -> 6 -> 9 [slot=1-1, slots=1]; LP#65: 0 -> 4 -> 2 -> 6 -> 1 -> 5 -> 9 [slot=10-10, slots=1]; LP#66: 0 -> 4 -> 2 -> 6 -> 9 [slot=13-13, slots=1]; LP#67: 0 -> 4 -> 2 -> 7 -> 5 -> 9 [slot=14-14, slots=1]; LP#68: 0 -> 4 -> 2 -> 7 -> 5 -> 9 [slot=16-16, slots=1]; LP#69: 0 -> 4 -> 8 -> 7 -> 5 -> 9 [slot=12-12, slots=1] | IP 3->0 maps OPT 9->1: LP#27: 9 -> 5 -> 7 -> 8 -> 1 [slot=13-13, slots=1]; LP#28: 9 -> 6 -> 3 -> 7 -> 8 -> 1 [slot=3-3, slots=1]; LP#29: 9 -> 6 -> 1 [slot=5-5, slots=1]; LP#30: 9 -> 6 -> 3 -> 7 -> 8 -> 1 [slot=14-14, slots=1]; LP#31: 9 -> 6 -> 3 -> 7 -> 5 -> 1 [slot=7-7, slots=1]; LP#32: 9 -> 6 -> 1 [slot=6-6, slots=1]; LP#33: 9 -> 6 -> 2 -> 7 -> 8 -> 1 [slot=15-15, slots=1]; LP#34: 9 -> 5 -> 7 -> 8 -> 1 [slot=16-16, slots=1] | IP 0->5 maps OPT 1->5: LP#44: 1 -> 5 [slot=0-0, slots=1]; LP#45: 1 -> 8 -> 7 -> 3 -> 6 -> 9 -> 5 [slot=5-5, slots=1]; LP#46: 1 -> 8 -> 7 -> 2 -> 6 -> 9 -> 5 [slot=7-7, slots=1]; LP#47: 1 -> 8 -> 7 -> 3 -> 6 -> 9 -> 5 [slot=8-8, slots=1]; LP#48: 1 -> 8 -> 4 -> 2 -> 6 -> 9 -> 5 [slot=3-3, slots=1]; LP#49: 1 -> 8 -> 7 -> 3 -> 6 -> 9 -> 5 [slot=9-9, slots=1]"
50,50042,initial,d38,93,1,2,0,4,1 -> 3 -> 2,0 -> 9 -> 4,"IP 1->3 maps OPT 0->9: LP#59: 0 -> 4 -> 2 -> 7 -> 8 -> 1 -> 6 -> 9 [slot=21-21, slots=1]; LP#60: 0 -> 4 -> 2 -> 7 -> 3 -> 6 -> 9 [slot=6-6, slots=1]; LP#61: 0 -> 4 -> 2 -> 7 -> 8 -> 1 -> 5 -> 9 [slot=22-22, slots=1]; LP#62: 0 -> 4 -> 2 -> 7 -> 8 -> 1 -> 6 -> 9 [slot=23-23, slots=1]; LP#63: 0 -> 4 -> 2 -> 7 -> 8 -> 1 -> 5 -> 9 [slot=24-24, slots=1]; LP#64: 0 -> 4 -> 2 -> 6 -> 9 [slot=1-1, slots=1]; LP#65: 0 -> 4 -> 2 -> 6 -> 1 -> 5 -> 9 [slot=10-10, slots=1]; LP#66: 0 -> 4 -> 2 -> 6 -> 9 [slot=13-13, slots=1]; LP#67: 0 -> 4 -> 2 -> 7 -> 5 -> 9 [slot=14-14, slots=1]; LP#68: 0 -> 4 -> 2 -> 7 -> 5 -> 9 [slot=16-16, slots=1]; LP#69: 0 -> 4 -> 8 -> 7 -> 5 -> 9 [slot=12-12, slots=1] | IP 3->2 maps OPT 9->4: LP#123: 9 -> 6 -> 2 -> 7 -> 8 -> 4 [slot=10-10, slots=1]; LP#124: 9 -> 6 -> 1 -> 8 -> 7 -> 2 -> 4 [slot=19-19, slots=1]; LP#125: 9 -> 5 -> 1 -> 6 -> 2 -> 4 [slot=36-36, slots=1]; LP#126: 9 -> 6 -> 2 -> 7 -> 8 -> 4 [slot=27-27, slots=1]; LP#127: 9 -> 6 -> 1 -> 8 -> 7 -> 2 -> 4 [slot=37-37, slots=1]; LP#128: 9 -> 6 -> 1 -> 8 -> 4 [slot=16-16, slots=1]"
50,50042,initial,d39,41,3,0,9,1,3 -> 1 -> 5 -> 4 -> 0,9 -> 0 -> 5 -> 6 -> 1,"IP 3->1 maps OPT 9->0: LP#70: 9 -> 5 -> 1 -> 8 -> 4 -> 0 [slot=21-21, slots=1]; LP#71: 9 -> 6 -> 1 -> 8 -> 7 -> 2 -> 4 -> 0 [slot=11-11, slots=1]; LP#72: 9 -> 6 -> 2 -> 4 -> 0 [slot=2-2, slots=1]; LP#73: 9 -> 5 -> 7 -> 8 -> 4 -> 0 [slot=25-25, slots=1]; LP#74: 9 -> 5 -> 7 -> 2 -> 4 -> 0 [slot=22-22, slots=1]; LP#75: 9 -> 5 -> 7 -> 2 -> 4 -> 0 [slot=23-23, slots=1]; LP#76: 9 -> 5 -> 1 -> 8 -> 4 -> 0 [slot=24-24, slots=1]; LP#77: 9 -> 5 -> 1 -> 6 -> 2 -> 4 -> 0 [slot=26-26, slots=1]; LP#78: 9 -> 6 -> 1 -> 8 -> 7 -> 2 -> 4 -> 0 [slot=18-18, slots=1] | IP 1->5 maps OPT 0->5: LP#92: 0 -> 4 -> 8 -> 1 -> 5 [slot=19-19, slots=1]; LP#93: 0 -> 4 -> 2 -> 7 -> 5 [slot=0-0, slots=1]; LP#94: 0 -> 4 -> 2 -> 6 -> 1 -> 5 [slot=28-28, slots=1]; LP#95: 0 -> 4 -> 2 -> 7 -> 8 -> 1 -> 5 [slot=30-30, slots=1]; LP#96: 0 -> 4 -> 8 -> 7 -> 5 [slot=2-2, slots=1]; LP#97: 0 -> 4 -> 8 -> 1 -> 5 [slot=27-27, slots=1]; LP#98: 0 -> 4 -> 2 -> 6 -> 9 -> 5 [slot=31-31, slots=1]; LP#99: 0 -> 4 -> 2 -> 7 -> 3 -> 6 -> 1 -> 5 [slot=32-32, slots=1]; LP#100: 0 -> 4 -> 2 -> 7 -> 3 -> 6 -> 1 -> 5 [slot=33-33, slots=1] | IP 5->4 maps OPT 5->6: LP#17: 5 -> 7 -> 2 -> 6 [slot=5-5, slots=1]; LP#18: 5 -> 1 -> 8 -> 4 -> 2 -> 6 [slot=2-2, slots=1]; LP#19: 5 -> 7 -> 2 -> 4 -> 8 -> 1 -> 6 [slot=8-8, slots=1]; LP#20: 5 -> 9 -> 6 [slot=4-4, slots=1]; LP#21: 5 -> 1 -> 8 -> 7 -> 2 -> 6 [slot=6-6, slots=1]; LP#22: 5 -> 7 -> 8 -> 4 -> 2 -> 6 [slot=9-9, slots=1]; LP#23: 5 -> 7 -> 2 -> 4 -> 8 -> 1 -> 6 [slot=10-10, slots=1]; LP#24: 5 -> 7 -> 8 -> 4 -> 2 -> 6 [slot=11-11, slots=1]; LP#25: 5 -> 1 -> 8 -> 7 -> 3 -> 6 [slot=4-4, slots=1]; LP#26: 5 -> 7 -> 8 -> 4 -> 2 -> 6 [slot=12-12, slots=1] | IP 4->0 maps OPT 6->1: LP#35: 6 -> 2 -> 7 -> 5 -> 1 [slot=8-8, slots=1]; LP#36: 6 -> 9 -> 5 -> 7 -> 8 -> 1 [slot=17-17, slots=1]; LP#37: 6 -> 9 -> 5 -> 7 -> 8 -> 1 [slot=18-18, slots=1]; LP#38: 6 -> 3 -> 7 -> 2 -> 4 -> 8 -> 1 [slot=9-9, slots=1]; LP#39: 6 -> 1 [slot=3-3, slots=1]; LP#40: 6 -> 2 -> 7 -> 8 -> 1 [slot=4-4, slots=1]; LP#41: 6 -> 3 -> 7 -> 5 -> 1 [slot=5-5, slots=1]; LP#42: 6 -> 3 -> 7 -> 5 -> 1 [slot=10-10, slots=1]; LP#43: 6 -> 3 -> 7 -> 5 -> 1 [slot=11-11, slots=1]"
50,50042,initial,d40,99,2,4,4,6,2 -> 3 -> 1 -> 5 -> 0 -> 4,4 -> 9 -> 0 -> 5 -> 1 -> 6,"IP 2->3 maps OPT 4->9: LP#79: 4 -> 8 -> 1 -> 6 -> 9 [slot=11-11, slots=1]; LP#80: 4 -> 8 -> 7 -> 2 -> 6 -> 9 [slot=15-15, slots=1]; LP#81: 4 -> 2 -> 7 -> 5 -> 9 [slot=17-17, slots=1]; LP#82: 4 -> 2 -> 6 -> 9 [slot=19-19, slots=1]; LP#83: 4 -> 2 -> 7 -> 8 -> 1 -> 5 -> 9 [slot=26-26, slots=1]; LP#84: 4 -> 8 -> 7 -> 2 -> 6 -> 9 [slot=20-20, slots=1]; LP#85: 4 -> 8 -> 1 -> 6 -> 9 [slot=25-25, slots=1]; LP#86: 4 -> 2 -> 7 -> 5 -> 9 [slot=18-18, slots=1]; LP#87: 4 -> 2 -> 6 -> 1 -> 5 -> 9 [slot=25-25, slots=1]; LP#88: 4 -> 2 -> 7 -> 5 -> 9 [slot=20-20, slots=1]; LP#89: 4 -> 2 -> 6 -> 9 [slot=27-27, slots=1]; LP#90: 4 -> 8 -> 1 -> 6 -> 9 [slot=28-28, slots=1]; LP#91: 4 -> 2 -> 6 -> 9 [slot=29-29, slots=1] | IP 3->1 maps OPT 9->0: LP#70: 9 -> 5 -> 1 -> 8 -> 4 -> 0 [slot=21-21, slots=1]; LP#71: 9 -> 6 -> 1 -> 8 -> 7 -> 2 -> 4 -> 0 [slot=11-11, slots=1]; LP#72: 9 -> 6 -> 2 -> 4 -> 0 [slot=2-2, slots=1]; LP#73: 9 -> 5 -> 7 -> 8 -> 4 -> 0 [slot=25-25, slots=1]; LP#74: 9 -> 5 -> 7 -> 2 -> 4 -> 0 [slot=22-22, slots=1]; LP#75: 9 -> 5 -> 7 -> 2 -> 4 -> 0 [slot=23-23, slots=1]; LP#76: 9 -> 5 -> 1 -> 8 -> 4 -> 0 [slot=24-24, slots=1]; LP#77: 9 -> 5 -> 1 -> 6 -> 2 -> 4 -> 0 [slot=26-26, slots=1]; LP#78: 9 -> 6 -> 1 -> 8 -> 7 -> 2 -> 4 -> 0 [slot=18-18, slots=1] | IP 1->5 maps OPT 0->5: LP#92: 0 -> 4 -> 8 -> 1 -> 5 [slot=19-19, slots=1]; LP#93: 0 -> 4 -> 2 -> 7 -> 5 [slot=0-0, slots=1]; LP#94: 0 -> 4 -> 2 -> 6 -> 1 -> 5 [slot=28-28, slots=1]; LP#95: 0 -> 4 -> 2 -> 7 -> 8 -> 1 -> 5 [slot=30-30, slots=1]; LP#96: 0 -> 4 -> 8 -> 7 -> 5 [slot=2-2, slots=1]; LP#97: 0 -> 4 -> 8 -> 1 -> 5 [slot=27-27, slots=1]; LP#98: 0 -> 4 -> 2 -> 6 -> 9 -> 5 [slot=31-31, slots=1]; LP#99: 0 -> 4 -> 2 -> 7 -> 3 -> 6 -> 1 -> 5 [slot=32-32, slots=1]; LP#100: 0 -> 4 -> 2 -> 7 -> 3 -> 6 -> 1 -> 5 [slot=33-33, slots=1] | IP 5->0 maps OPT 5->1: LP#0: 5 -> 1 [slot=0-0, slots=1]; LP#1: 5 -> 9 -> 6 -> 3 -> 7 -> 8 -> 1 [slot=0-0, slots=1]; LP#2: 5 -> 7 -> 3 -> 6 -> 1 [slot=0-0, slots=1]; LP#3: 5 -> 7 -> 2 -> 4 -> 8 -> 1 [slot=1-1, slots=1]; LP#4: 5 -> 7 -> 8 -> 1 [slot=2-2, slots=1] | IP 0->4 maps OPT 1->6: LP#5: 1 -> 6 [slot=0-0, slots=1]; LP#6: 1 -> 8 -> 7 -> 2 -> 6 [slot=0-0, slots=1]; LP#7: 1 -> 5 -> 7 -> 3 -> 6 [slot=3-3, slots=1]; LP#8: 1 -> 5 -> 7 -> 2 -> 6 [slot=4-4, slots=1]"
50,50042,initial,d41,50,2,5,4,5,2 -> 3 -> 4 -> 0 -> 5,4 -> 9 -> 6 -> 1 -> 5,"IP 2->3 maps OPT 4->9: LP#79: 4 -> 8 -> 1 -> 6 -> 9 [slot=11-11, slots=1]; LP#80: 4 -> 8 -> 7 -> 2 -> 6 -> 9 [slot=15-15, slots=1]; LP#81: 4 -> 2 -> 7 -> 5 -> 9 [slot=17-17, slots=1]; LP#82: 4 -> 2 -> 6 -> 9 [slot=19-19, slots=1]; LP#83: 4 -> 2 -> 7 -> 8 -> 1 -> 5 -> 9 [slot=26-26, slots=1]; LP#84: 4 -> 8 -> 7 -> 2 -> 6 -> 9 [slot=20-20, slots=1]; LP#85: 4 -> 8 -> 1 -> 6 -> 9 [slot=25-25, slots=1]; LP#86: 4 -> 2 -> 7 -> 5 -> 9 [slot=18-18, slots=1]; LP#87: 4 -> 2 -> 6 -> 1 -> 5 -> 9 [slot=25-25, slots=1]; LP#88: 4 -> 2 -> 7 -> 5 -> 9 [slot=20-20, slots=1]; LP#89: 4 -> 2 -> 6 -> 9 [slot=27-27, slots=1]; LP#90: 4 -> 8 -> 1 -> 6 -> 9 [slot=28-28, slots=1]; LP#91: 4 -> 2 -> 6 -> 9 [slot=29-29, slots=1] | IP 3->4 maps OPT 9->6: LP#101: 9 -> 5 -> 7 -> 2 -> 6 [slot=30-30, slots=1]; LP#102: 9 -> 5 -> 7 -> 2 -> 6 [slot=32-32, slots=1]; LP#103: 9 -> 5 -> 1 -> 8 -> 7 -> 3 -> 6 [slot=14-14, slots=1]; LP#104: 9 -> 5 -> 7 -> 8 -> 1 -> 6 [slot=29-29, slots=1]; LP#105: 9 -> 5 -> 1 -> 6 [slot=20-20, slots=1]; LP#106: 9 -> 5 -> 7 -> 2 -> 6 [slot=33-33, slots=1]; LP#107: 9 -> 5 -> 1 -> 8 -> 7 -> 2 -> 6 [slot=34-34, slots=1]; LP#108: 9 -> 5 -> 7 -> 3 -> 6 [slot=15-15, slots=1]; LP#109: 9 -> 6 [slot=1-1, slots=1]; LP#110: 9 -> 5 -> 1 -> 6 [slot=27-27, slots=1]; LP#111: 9 -> 5 -> 7 -> 2 -> 6 [slot=35-35, slots=1] | IP 4->0 maps OPT 6->1: LP#35: 6 -> 2 -> 7 -> 5 -> 1 [slot=8-8, slots=1]; LP#36: 6 -> 9 -> 5 -> 7 -> 8 -> 1 [slot=17-17, slots=1]; LP#37: 6 -> 9 -> 5 -> 7 -> 8 -> 1 [slot=18-18, slots=1]; LP#38: 6 -> 3 -> 7 -> 2 -> 4 -> 8 -> 1 [slot=9-9, slots=1]; LP#39: 6 -> 1 [slot=3-3, slots=1]; LP#40: 6 -> 2 -> 7 -> 8 -> 1 [slot=4-4, slots=1]; LP#41: 6 -> 3 -> 7 -> 5 -> 1 [slot=5-5, slots=1]; LP#42: 6 -> 3 -> 7 -> 5 -> 1 [slot=10-10, slots=1]; LP#43: 6 -> 3 -> 7 -> 5 -> 1 [slot=11-11, slots=1] | IP 0->5 maps OPT 1->5: LP#44: 1 -> 5 [slot=0-0, slots=1]; LP#45: 1 -> 8 -> 7 -> 3 -> 6 -> 9 -> 5 [slot=5-5, slots=1]; LP#46: 1 -> 8 -> 7 -> 2 -> 6 -> 9 -> 5 [slot=7-7, slots=1]; LP#47: 1 -> 8 -> 7 -> 3 -> 6 -> 9 -> 5 [slot=8-8, slots=1]; LP#48: 1 -> 8 -> 4 -> 2 -> 6 -> 9 -> 5 [slot=3-3, slots=1]; LP#49: 1 -> 8 -> 7 -> 3 -> 6 -> 9 -> 5 [slot=9-9, slots=1]"
50,50042,initial,d42,87,1,0,0,1,1 -> 5 -> 4 -> 3 -> 0,0 -> 5 -> 6 -> 9 -> 1,"IP 1->5 maps OPT 0->5: LP#92: 0 -> 4 -> 8 -> 1 -> 5 [slot=19-19, slots=1]; LP#93: 0 -> 4 -> 2 -> 7 -> 5 [slot=0-0, slots=1]; LP#94: 0 -> 4 -> 2 -> 6 -> 1 -> 5 [slot=28-28, slots=1]; LP#95: 0 -> 4 -> 2 -> 7 -> 8 -> 1 -> 5 [slot=30-30, slots=1]; LP#96: 0 -> 4 -> 8 -> 7 -> 5 [slot=2-2, slots=1]; LP#97: 0 -> 4 -> 8 -> 1 -> 5 [slot=27-27, slots=1]; LP#98: 0 -> 4 -> 2 -> 6 -> 9 -> 5 [slot=31-31, slots=1]; LP#99: 0 -> 4 -> 2 -> 7 -> 3 -> 6 -> 1 -> 5 [slot=32-32, slots=1]; LP#100: 0 -> 4 -> 2 -> 7 -> 3 -> 6 -> 1 -> 5 [slot=33-33, slots=1] | IP 5->4 maps OPT 5->6: LP#17: 5 -> 7 -> 2 -> 6 [slot=5-5, slots=1]; LP#18: 5 -> 1 -> 8 -> 4 -> 2 -> 6 [slot=2-2, slots=1]; LP#19: 5 -> 7 -> 2 -> 4 -> 8 -> 1 -> 6 [slot=8-8, slots=1]; LP#20: 5 -> 9 -> 6 [slot=4-4, slots=1]; LP#21: 5 -> 1 -> 8 -> 7 -> 2 -> 6 [slot=6-6, slots=1]; LP#22: 5 -> 7 -> 8 -> 4 -> 2 -> 6 [slot=9-9, slots=1]; LP#23: 5 -> 7 -> 2 -> 4 -> 8 -> 1 -> 6 [slot=10-10, slots=1]; LP#24: 5 -> 7 -> 8 -> 4 -> 2 -> 6 [slot=11-11, slots=1]; LP#25: 5 -> 1 -> 8 -> 7 -> 3 -> 6 [slot=4-4, slots=1]; LP#26: 5 -> 7 -> 8 -> 4 -> 2 -> 6 [slot=12-12, slots=1] | IP 4->3 maps OPT 6->9: LP#9: 6 -> 2 -> 7 -> 8 -> 1 -> 5 -> 9 [slot=5-5, slots=1]; LP#10: 6 -> 1 -> 8 -> 7 -> 5 -> 9 [slot=1-1, slots=1]; LP#11: 6 -> 3 -> 7 -> 8 -> 1 -> 5 -> 9 [slot=6-6, slots=1]; LP#12: 6 -> 2 -> 7 -> 8 -> 1 -> 5 -> 9 [slot=7-7, slots=1]; LP#13: 6 -> 1 -> 5 -> 9 [slot=2-2, slots=1]; LP#14: 6 -> 1 -> 5 -> 9 [slot=8-8, slots=1]; LP#15: 6 -> 9 [slot=0-0, slots=1]; LP#16: 6 -> 2 -> 4 -> 8 -> 7 -> 5 -> 9 [slot=3-3, slots=1] | IP 3->0 maps OPT 9->1: LP#27: 9 -> 5 -> 7 -> 8 -> 1 [slot=13-13, slots=1]; LP#28: 9 -> 6 -> 3 -> 7 -> 8 -> 1 [slot=3-3, slots=1]; LP#29: 9 -> 6 -> 1 [slot=5-5, slots=1]; LP#30: 9 -> 6 -> 3 -> 7 -> 8 -> 1 [slot=14-14, slots=1]; LP#31: 9 -> 6 -> 3 -> 7 -> 5 -> 1 [slot=7-7, slots=1]; LP#32: 9 -> 6 -> 1 [slot=6-6, slots=1]; LP#33: 9 -> 6 -> 2 -> 7 -> 8 -> 1 [slot=15-15, slots=1]; LP#34: 9 -> 5 -> 7 -> 8 -> 1 [slot=16-16, slots=1]"
50,50042,initial,d43,60,5,0,5,1,5 -> 1 -> 3 -> 0,5 -> 0 -> 9 -> 1,"IP 5->1 maps OPT 5->0: LP#50: 5 -> 7 -> 2 -> 4 -> 0 [slot=14-14, slots=1]; LP#51: 5 -> 1 -> 6 -> 2 -> 7 -> 8 -> 4 -> 0 [slot=1-1, slots=1]; LP#52: 5 -> 1 -> 8 -> 4 -> 0 [slot=13-13, slots=1]; LP#53: 5 -> 1 -> 6 -> 3 -> 7 -> 2 -> 4 -> 0 [slot=12-12, slots=1]; LP#54: 5 -> 1 -> 6 -> 3 -> 7 -> 8 -> 4 -> 0 [slot=19-19, slots=1]; LP#55: 5 -> 7 -> 8 -> 4 -> 0 [slot=20-20, slots=1]; LP#56: 5 -> 1 -> 8 -> 4 -> 0 [slot=15-15, slots=1]; LP#57: 5 -> 1 -> 6 -> 3 -> 7 -> 2 -> 4 -> 0 [slot=16-16, slots=1]; LP#58: 5 -> 1 -> 8 -> 4 -> 0 [slot=17-17, slots=1] | IP 1->3 maps OPT 0->9: LP#59: 0 -> 4 -> 2 -> 7 -> 8 -> 1 -> 6 -> 9 [slot=21-21, slots=1]; LP#60: 0 -> 4 -> 2 -> 7 -> 3 -> 6 -> 9 [slot=6-6, slots=1]; LP#61: 0 -> 4 -> 2 -> 7 -> 8 -> 1 -> 5 -> 9 [slot=22-22, slots=1]; LP#62: 0 -> 4 -> 2 -> 7 -> 8 -> 1 -> 6 -> 9 [slot=23-23, slots=1]; LP#63: 0 -> 4 -> 2 -> 7 -> 8 -> 1 -> 5 -> 9 [slot=24-24, slots=1]; LP#64: 0 -> 4 -> 2 -> 6 -> 9 [slot=1-1, slots=1]; LP#65: 0 -> 4 -> 2 -> 6 -> 1 -> 5 -> 9 [slot=10-10, slots=1]; LP#66: 0 -> 4 -> 2 -> 6 -> 9 [slot=13-13, slots=1]; LP#67: 0 -> 4 -> 2 -> 7 -> 5 -> 9 [slot=14-14, slots=1]; LP#68: 0 -> 4 -> 2 -> 7 -> 5 -> 9 [slot=16-16, slots=1]; LP#69: 0 -> 4 -> 8 -> 7 -> 5 -> 9 [slot=12-12, slots=1] | IP 3->0 maps OPT 9->1: LP#27: 9 -> 5 -> 7 -> 8 -> 1 [slot=13-13, slots=1]; LP#28: 9 -> 6 -> 3 -> 7 -> 8 -> 1 [slot=3-3, slots=1]; LP#29: 9 -> 6 -> 1 [slot=5-5, slots=1]; LP#30: 9 -> 6 -> 3 -> 7 -> 8 -> 1 [slot=14-14, slots=1]; LP#31: 9 -> 6 -> 3 -> 7 -> 5 -> 1 [slot=7-7, slots=1]; LP#32: 9 -> 6 -> 1 [slot=6-6, slots=1]; LP#33: 9 -> 6 -> 2 -> 7 -> 8 -> 1 [slot=15-15, slots=1]; LP#34: 9 -> 5 -> 7 -> 8 -> 1 [slot=16-16, slots=1]"
50,50042,initial,d44,98,1,2,0,4,1 -> 5 -> 0 -> 4 -> 3 -> 2,0 -> 5 -> 1 -> 6 -> 9 -> 4,"IP 1->5 maps OPT 0->5: LP#92: 0 -> 4 -> 8 -> 1 -> 5 [slot=19-19, slots=1]; LP#93: 0 -> 4 -> 2 -> 7 -> 5 [slot=0-0, slots=1]; LP#94: 0 -> 4 -> 2 -> 6 -> 1 -> 5 [slot=28-28, slots=1]; LP#95: 0 -> 4 -> 2 -> 7 -> 8 -> 1 -> 5 [slot=30-30, slots=1]; LP#96: 0 -> 4 -> 8 -> 7 -> 5 [slot=2-2, slots=1]; LP#97: 0 -> 4 -> 8 -> 1 -> 5 [slot=27-27, slots=1]; LP#98: 0 -> 4 -> 2 -> 6 -> 9 -> 5 [slot=31-31, slots=1]; LP#99: 0 -> 4 -> 2 -> 7 -> 3 -> 6 -> 1 -> 5 [slot=32-32, slots=1]; LP#100: 0 -> 4 -> 2 -> 7 -> 3 -> 6 -> 1 -> 5 [slot=33-33, slots=1] | IP 5->0 maps OPT 5->1: LP#0: 5 -> 1 [slot=0-0, slots=1]; LP#1: 5 -> 9 -> 6 -> 3 -> 7 -> 8 -> 1 [slot=0-0, slots=1]; LP#2: 5 -> 7 -> 3 -> 6 -> 1 [slot=0-0, slots=1]; LP#3: 5 -> 7 -> 2 -> 4 -> 8 -> 1 [slot=1-1, slots=1]; LP#4: 5 -> 7 -> 8 -> 1 [slot=2-2, slots=1] | IP 0->4 maps OPT 1->6: LP#5: 1 -> 6 [slot=0-0, slots=1]; LP#6: 1 -> 8 -> 7 -> 2 -> 6 [slot=0-0, slots=1]; LP#7: 1 -> 5 -> 7 -> 3 -> 6 [slot=3-3, slots=1]; LP#8: 1 -> 5 -> 7 -> 2 -> 6 [slot=4-4, slots=1] | IP 4->3 maps OPT 6->9: LP#9: 6 -> 2 -> 7 -> 8 -> 1 -> 5 -> 9 [slot=5-5, slots=1]; LP#10: 6 -> 1 -> 8 -> 7 -> 5 -> 9 [slot=1-1, slots=1]; LP#11: 6 -> 3 -> 7 -> 8 -> 1 -> 5 -> 9 [slot=6-6, slots=1]; LP#12: 6 -> 2 -> 7 -> 8 -> 1 -> 5 -> 9 [slot=7-7, slots=1]; LP#13: 6 -> 1 -> 5 -> 9 [slot=2-2, slots=1]; LP#14: 6 -> 1 -> 5 -> 9 [slot=8-8, slots=1]; LP#15: 6 -> 9 [slot=0-0, slots=1]; LP#16: 6 -> 2 -> 4 -> 8 -> 7 -> 5 -> 9 [slot=3-3, slots=1] | IP 3->2 maps OPT 9->4: LP#123: 9 -> 6 -> 2 -> 7 -> 8 -> 4 [slot=10-10, slots=1]; LP#124: 9 -> 6 -> 1 -> 8 -> 7 -> 2 -> 4 [slot=19-19, slots=1]; LP#125: 9 -> 5 -> 1 -> 6 -> 2 -> 4 [slot=36-36, slots=1]; LP#126: 9 -> 6 -> 2 -> 7 -> 8 -> 4 [slot=27-27, slots=1]; LP#127: 9 -> 6 -> 1 -> 8 -> 7 -> 2 -> 4 [slot=37-37, slots=1]; LP#128: 9 -> 6 -> 1 -> 8 -> 4 [slot=16-16, slots=1]"
50,50042,initial,d45,58,0,1,1,0,0 -> 5 -> 1,1 -> 5 -> 0,"IP 0->5 maps OPT 1->5: LP#44: 1 -> 5 [slot=0-0, slots=1]; LP#45: 1 -> 8 -> 7 -> 3 -> 6 -> 9 -> 5 [slot=5-5, slots=1]; LP#46: 1 -> 8 -> 7 -> 2 -> 6 -> 9 -> 5 [slot=7-7, slots=1]; LP#47: 1 -> 8 -> 7 -> 3 -> 6 -> 9 -> 5 [slot=8-8, slots=1]; LP#48: 1 -> 8 -> 4 -> 2 -> 6 -> 9 -> 5 [slot=3-3, slots=1]; LP#49: 1 -> 8 -> 7 -> 3 -> 6 -> 9 -> 5 [slot=9-9, slots=1] | IP 5->1 maps OPT 5->0: LP#50: 5 -> 7 -> 2 -> 4 -> 0 [slot=14-14, slots=1]; LP#51: 5 -> 1 -> 6 -> 2 -> 7 -> 8 -> 4 -> 0 [slot=1-1, slots=1]; LP#52: 5 -> 1 -> 8 -> 4 -> 0 [slot=13-13, slots=1]; LP#53: 5 -> 1 -> 6 -> 3 -> 7 -> 2 -> 4 -> 0 [slot=12-12, slots=1]; LP#54: 5 -> 1 -> 6 -> 3 -> 7 -> 8 -> 4 -> 0 [slot=19-19, slots=1]; LP#55: 5 -> 7 -> 8 -> 4 -> 0 [slot=20-20, slots=1]; LP#56: 5 -> 1 -> 8 -> 4 -> 0 [slot=15-15, slots=1]; LP#57: 5 -> 1 -> 6 -> 3 -> 7 -> 2 -> 4 -> 0 [slot=16-16, slots=1]; LP#58: 5 -> 1 -> 8 -> 4 -> 0 [slot=17-17, slots=1]"
50,50042,initial,d46,84,4,1,6,0,4 -> 3 -> 1,6 -> 9 -> 0,"IP 4->3 maps OPT 6->9: LP#9: 6 -> 2 -> 7 -> 8 -> 1 -> 5 -> 9 [slot=5-5, slots=1]; LP#10: 6 -> 1 -> 8 -> 7 -> 5 -> 9 [slot=1-1, slots=1]; LP#11: 6 -> 3 -> 7 -> 8 -> 1 -> 5 -> 9 [slot=6-6, slots=1]; LP#12: 6 -> 2 -> 7 -> 8 -> 1 -> 5 -> 9 [slot=7-7, slots=1]; LP#13: 6 -> 1 -> 5 -> 9 [slot=2-2, slots=1]; LP#14: 6 -> 1 -> 5 -> 9 [slot=8-8, slots=1]; LP#15: 6 -> 9 [slot=0-0, slots=1]; LP#16: 6 -> 2 -> 4 -> 8 -> 7 -> 5 -> 9 [slot=3-3, slots=1] | IP 3->1 maps OPT 9->0: LP#70: 9 -> 5 -> 1 -> 8 -> 4 -> 0 [slot=21-21, slots=1]; LP#71: 9 -> 6 -> 1 -> 8 -> 7 -> 2 -> 4 -> 0 [slot=11-11, slots=1]; LP#72: 9 -> 6 -> 2 -> 4 -> 0 [slot=2-2, slots=1]; LP#73: 9 -> 5 -> 7 -> 8 -> 4 -> 0 [slot=25-25, slots=1]; LP#74: 9 -> 5 -> 7 -> 2 -> 4 -> 0 [slot=22-22, slots=1]; LP#75: 9 -> 5 -> 7 -> 2 -> 4 -> 0 [slot=23-23, slots=1]; LP#76: 9 -> 5 -> 1 -> 8 -> 4 -> 0 [slot=24-24, slots=1]; LP#77: 9 -> 5 -> 1 -> 6 -> 2 -> 4 -> 0 [slot=26-26, slots=1]; LP#78: 9 -> 6 -> 1 -> 8 -> 7 -> 2 -> 4 -> 0 [slot=18-18, slots=1]"
50,50042,initial,d47,45,1,5,0,5,1 -> 3 -> 4 -> 5,0 -> 9 -> 6 -> 5,"IP 1->3 maps OPT 0->9: LP#59: 0 -> 4 -> 2 -> 7 -> 8 -> 1 -> 6 -> 9 [slot=21-21, slots=1]; LP#60: 0 -> 4 -> 2 -> 7 -> 3 -> 6 -> 9 [slot=6-6, slots=1]; LP#61: 0 -> 4 -> 2 -> 7 -> 8 -> 1 -> 5 -> 9 [slot=22-22, slots=1]; LP#62: 0 -> 4 -> 2 -> 7 -> 8 -> 1 -> 6 -> 9 [slot=23-23, slots=1]; LP#63: 0 -> 4 -> 2 -> 7 -> 8 -> 1 -> 5 -> 9 [slot=24-24, slots=1]; LP#64: 0 -> 4 -> 2 -> 6 -> 9 [slot=1-1, slots=1]; LP#65: 0 -> 4 -> 2 -> 6 -> 1 -> 5 -> 9 [slot=10-10, slots=1]; LP#66: 0 -> 4 -> 2 -> 6 -> 9 [slot=13-13, slots=1]; LP#67: 0 -> 4 -> 2 -> 7 -> 5 -> 9 [slot=14-14, slots=1]; LP#68: 0 -> 4 -> 2 -> 7 -> 5 -> 9 [slot=16-16, slots=1]; LP#69: 0 -> 4 -> 8 -> 7 -> 5 -> 9 [slot=12-12, slots=1] | IP 3->4 maps OPT 9->6: LP#101: 9 -> 5 -> 7 -> 2 -> 6 [slot=30-30, slots=1]; LP#102: 9 -> 5 -> 7 -> 2 -> 6 [slot=32-32, slots=1]; LP#103: 9 -> 5 -> 1 -> 8 -> 7 -> 3 -> 6 [slot=14-14, slots=1]; LP#104: 9 -> 5 -> 7 -> 8 -> 1 -> 6 [slot=29-29, slots=1]; LP#105: 9 -> 5 -> 1 -> 6 [slot=20-20, slots=1]; LP#106: 9 -> 5 -> 7 -> 2 -> 6 [slot=33-33, slots=1]; LP#107: 9 -> 5 -> 1 -> 8 -> 7 -> 2 -> 6 [slot=34-34, slots=1]; LP#108: 9 -> 5 -> 7 -> 3 -> 6 [slot=15-15, slots=1]; LP#109: 9 -> 6 [slot=1-1, slots=1]; LP#110: 9 -> 5 -> 1 -> 6 [slot=27-27, slots=1]; LP#111: 9 -> 5 -> 7 -> 2 -> 6 [slot=35-35, slots=1] | IP 4->5 maps OPT 6->5: LP#116: 6 -> 2 -> 7 -> 5 [slot=9-9, slots=1]; LP#117: 6 -> 2 -> 4 -> 8 -> 1 -> 5 [slot=31-31, slots=1]; LP#118: 6 -> 2 -> 4 -> 8 -> 7 -> 5 [slot=21-21, slots=1]; LP#119: 6 -> 2 -> 4 -> 8 -> 7 -> 5 [slot=24-24, slots=1]; LP#120: 6 -> 2 -> 4 -> 8 -> 7 -> 5 [slot=29-29, slots=1]; LP#121: 6 -> 9 -> 5 [slot=4-4, slots=1]; LP#122: 6 -> 1 -> 8 -> 4 -> 2 -> 7 -> 5 [slot=35-35, slots=1]"
50,50042,initial,d48,92,2,1,4,0,2 -> 3 -> 4 -> 5 -> 1,4 -> 9 -> 6 -> 5 -> 0,"IP 2->3 maps OPT 4->9: LP#79: 4 -> 8 -> 1 -> 6 -> 9 [slot=11-11, slots=1]; LP#80: 4 -> 8 -> 7 -> 2 -> 6 -> 9 [slot=15-15, slots=1]; LP#81: 4 -> 2 -> 7 -> 5 -> 9 [slot=17-17, slots=1]; LP#82: 4 -> 2 -> 6 -> 9 [slot=19-19, slots=1]; LP#83: 4 -> 2 -> 7 -> 8 -> 1 -> 5 -> 9 [slot=26-26, slots=1]; LP#84: 4 -> 8 -> 7 -> 2 -> 6 -> 9 [slot=20-20, slots=1]; LP#85: 4 -> 8 -> 1 -> 6 -> 9 [slot=25-25, slots=1]; LP#86: 4 -> 2 -> 7 -> 5 -> 9 [slot=18-18, slots=1]; LP#87: 4 -> 2 -> 6 -> 1 -> 5 -> 9 [slot=25-25, slots=1]; LP#88: 4 -> 2 -> 7 -> 5 -> 9 [slot=20-20, slots=1]; LP#89: 4 -> 2 -> 6 -> 9 [slot=27-27, slots=1]; LP#90: 4 -> 8 -> 1 -> 6 -> 9 [slot=28-28, slots=1]; LP#91: 4 -> 2 -> 6 -> 9 [slot=29-29, slots=1] | IP 3->4 maps OPT 9->6: LP#101: 9 -> 5 -> 7 -> 2 -> 6 [slot=30-30, slots=1]; LP#102: 9 -> 5 -> 7 -> 2 -> 6 [slot=32-32, slots=1]; LP#103: 9 -> 5 -> 1 -> 8 -> 7 -> 3 -> 6 [slot=14-14, slots=1]; LP#104: 9 -> 5 -> 7 -> 8 -> 1 -> 6 [slot=29-29, slots=1]; LP#105: 9 -> 5 -> 1 -> 6 [slot=20-20, slots=1]; LP#106: 9 -> 5 -> 7 -> 2 -> 6 [slot=33-33, slots=1]; LP#107: 9 -> 5 -> 1 -> 8 -> 7 -> 2 -> 6 [slot=34-34, slots=1]; LP#108: 9 -> 5 -> 7 -> 3 -> 6 [slot=15-15, slots=1]; LP#109: 9 -> 6 [slot=1-1, slots=1]; LP#110: 9 -> 5 -> 1 -> 6 [slot=27-27, slots=1]; LP#111: 9 -> 5 -> 7 -> 2 -> 6 [slot=35-35, slots=1] | IP 4->5 maps OPT 6->5: LP#116: 6 -> 2 -> 7 -> 5 [slot=9-9, slots=1]; LP#117: 6 -> 2 -> 4 -> 8 -> 1 -> 5 [slot=31-31, slots=1]; LP#118: 6 -> 2 -> 4 -> 8 -> 7 -> 5 [slot=21-21, slots=1]; LP#119: 6 -> 2 -> 4 -> 8 -> 7 -> 5 [slot=24-24, slots=1]; LP#120: 6 -> 2 -> 4 -> 8 -> 7 -> 5 [slot=29-29, slots=1]; LP#121: 6 -> 9 -> 5 [slot=4-4, slots=1]; LP#122: 6 -> 1 -> 8 -> 4 -> 2 -> 7 -> 5 [slot=35-35, slots=1] | IP 5->1 maps OPT 5->0: LP#50: 5 -> 7 -> 2 -> 4 -> 0 [slot=14-14, slots=1]; LP#51: 5 -> 1 -> 6 -> 2 -> 7 -> 8 -> 4 -> 0 [slot=1-1, slots=1]; LP#52: 5 -> 1 -> 8 -> 4 -> 0 [slot=13-13, slots=1]; LP#53: 5 -> 1 -> 6 -> 3 -> 7 -> 2 -> 4 -> 0 [slot=12-12, slots=1]; LP#54: 5 -> 1 -> 6 -> 3 -> 7 -> 8 -> 4 -> 0 [slot=19-19, slots=1]; LP#55: 5 -> 7 -> 8 -> 4 -> 0 [slot=20-20, slots=1]; LP#56: 5 -> 1 -> 8 -> 4 -> 0 [slot=15-15, slots=1]; LP#57: 5 -> 1 -> 6 -> 3 -> 7 -> 2 -> 4 -> 0 [slot=16-16, slots=1]; LP#58: 5 -> 1 -> 8 -> 4 -> 0 [slot=17-17, slots=1]"
50,50042,initial,d49,43,2,4,4,6,2 -> 3 -> 0 -> 5 -> 4,4 -> 9 -> 1 -> 5 -> 6,"IP 2->3 maps OPT 4->9: LP#79: 4 -> 8 -> 1 -> 6 -> 9 [slot=11-11, slots=1]; LP#80: 4 -> 8 -> 7 -> 2 -> 6 -> 9 [slot=15-15, slots=1]; LP#81: 4 -> 2 -> 7 -> 5 -> 9 [slot=17-17, slots=1]; LP#82: 4 -> 2 -> 6 -> 9 [slot=19-19, slots=1]; LP#83: 4 -> 2 -> 7 -> 8 -> 1 -> 5 -> 9 [slot=26-26, slots=1]; LP#84: 4 -> 8 -> 7 -> 2 -> 6 -> 9 [slot=20-20, slots=1]; LP#85: 4 -> 8 -> 1 -> 6 -> 9 [slot=25-25, slots=1]; LP#86: 4 -> 2 -> 7 -> 5 -> 9 [slot=18-18, slots=1]; LP#87: 4 -> 2 -> 6 -> 1 -> 5 -> 9 [slot=25-25, slots=1]; LP#88: 4 -> 2 -> 7 -> 5 -> 9 [slot=20-20, slots=1]; LP#89: 4 -> 2 -> 6 -> 9 [slot=27-27, slots=1]; LP#90: 4 -> 8 -> 1 -> 6 -> 9 [slot=28-28, slots=1]; LP#91: 4 -> 2 -> 6 -> 9 [slot=29-29, slots=1] | IP 3->0 maps OPT 9->1: LP#27: 9 -> 5 -> 7 -> 8 -> 1 [slot=13-13, slots=1]; LP#28: 9 -> 6 -> 3 -> 7 -> 8 -> 1 [slot=3-3, slots=1]; LP#29: 9 -> 6 -> 1 [slot=5-5, slots=1]; LP#30: 9 -> 6 -> 3 -> 7 -> 8 -> 1 [slot=14-14, slots=1]; LP#31: 9 -> 6 -> 3 -> 7 -> 5 -> 1 [slot=7-7, slots=1]; LP#32: 9 -> 6 -> 1 [slot=6-6, slots=1]; LP#33: 9 -> 6 -> 2 -> 7 -> 8 -> 1 [slot=15-15, slots=1]; LP#34: 9 -> 5 -> 7 -> 8 -> 1 [slot=16-16, slots=1] | IP 0->5 maps OPT 1->5: LP#44: 1 -> 5 [slot=0-0, slots=1]; LP#45: 1 -> 8 -> 7 -> 3 -> 6 -> 9 -> 5 [slot=5-5, slots=1]; LP#46: 1 -> 8 -> 7 -> 2 -> 6 -> 9 -> 5 [slot=7-7, slots=1]; LP#47: 1 -> 8 -> 7 -> 3 -> 6 -> 9 -> 5 [slot=8-8, slots=1]; LP#48: 1 -> 8 -> 4 -> 2 -> 6 -> 9 -> 5 [slot=3-3, slots=1]; LP#49: 1 -> 8 -> 7 -> 3 -> 6 -> 9 -> 5 [slot=9-9, slots=1] | IP 5->4 maps OPT 5->6: LP#17: 5 -> 7 -> 2 -> 6 [slot=5-5, slots=1]; LP#18: 5 -> 1 -> 8 -> 4 -> 2 -> 6 [slot=2-2, slots=1]; LP#19: 5 -> 7 -> 2 -> 4 -> 8 -> 1 -> 6 [slot=8-8, slots=1]; LP#20: 5 -> 9 -> 6 [slot=4-4, slots=1]; LP#21: 5 -> 1 -> 8 -> 7 -> 2 -> 6 [slot=6-6, slots=1]; LP#22: 5 -> 7 -> 8 -> 4 -> 2 -> 6 [slot=9-9, slots=1]; LP#23: 5 -> 7 -> 2 -> 4 -> 8 -> 1 -> 6 [slot=10-10, slots=1]; LP#24: 5 -> 7 -> 8 -> 4 -> 2 -> 6 [slot=11-11, slots=1]; LP#25: 5 -> 1 -> 8 -> 7 -> 3 -> 6 [slot=4-4, slots=1]; LP#26: 5 -> 7 -> 8 -> 4 -> 2 -> 6 [slot=12-12, slots=1]"
50,50042,best,d0,25,5,3,5,9,5 -> 1 -> 3,5 -> 0 -> 9,"IP 5->1 maps OPT 5->0: LP#271: 5 -> 1 -> 6 -> 3 -> 7 -> 2 -> 4 -> 0 [slot=16-16, slots=1]; LP#363: 5 -> 1 -> 6 -> 3 -> 7 -> 2 -> 4 -> 0 [slot=12-12, slots=1]; LP#407: 5 -> 1 -> 8 -> 4 -> 0 [slot=15-15, slots=1]; LP#604: 5 -> 7 -> 2 -> 4 -> 0 [slot=14-14, slots=1]; LP#605: 5 -> 1 -> 6 -> 3 -> 7 -> 8 -> 4 -> 0 [slot=19-19, slots=1]; LP#634: 5 -> 1 -> 6 -> 2 -> 7 -> 8 -> 4 -> 0 [slot=1-1, slots=1]; LP#639: 5 -> 1 -> 8 -> 4 -> 0 [slot=17-17, slots=1] | IP 1->3 maps OPT 0->9: LP#378: 0 -> 4 -> 2 -> 7 -> 3 -> 6 -> 9 [slot=6-6, slots=1]; LP#456: 0 -> 4 -> 8 -> 7 -> 5 -> 9 [slot=12-12, slots=1]; LP#475: 0 -> 4 -> 2 -> 7 -> 8 -> 1 -> 5 -> 9 [slot=24-24, slots=1]; LP#520: 0 -> 4 -> 2 -> 7 -> 8 -> 1 -> 6 -> 9 [slot=21-21, slots=1]; LP#617: 0 -> 4 -> 2 -> 7 -> 8 -> 1 -> 5 -> 9 [slot=22-22, slots=1]; LP#618: 0 -> 4 -> 2 -> 7 -> 5 -> 9 [slot=14-14, slots=1]; LP#625: 0 -> 4 -> 2 -> 6 -> 9 [slot=1-1, slots=1]; LP#632: 0 -> 4 -> 2 -> 7 -> 5 -> 9 [slot=16-16, slots=1]; LP#633: 0 -> 4 -> 2 -> 6 -> 9 [slot=13-13, slots=1]"
50,50042,best,d1,96,5,0,5,1,5 -> 4 -> 0,5 -> 6 -> 1,"IP 5->4 maps OPT 5->6: LP#20: 5 -> 9 -> 6 [slot=4-4, slots=1]; LP#24: 5 -> 7 -> 8 -> 4 -> 2 -> 6 [slot=11-11, slots=1]; LP#308: 5 -> 1 -> 8 -> 7 -> 3 -> 6 [slot=4-4, slots=1]; LP#421: 5 -> 1 -> 8 -> 4 -> 2 -> 6 [slot=2-2, slots=1]; LP#462: 5 -> 7 -> 2 -> 6 [slot=5-5, slots=1]; LP#581: 5 -> 7 -> 2 -> 4 -> 8 -> 1 -> 6 [slot=8-8, slots=1]; LP#608: 5 -> 7 -> 8 -> 4 -> 2 -> 6 [slot=9-9, slots=1]; LP#635: 5 -> 1 -> 8 -> 7 -> 2 -> 6 [slot=6-6, slots=1] | IP 4->0 maps OPT 6->1: LP#522: 6 -> 9 -> 5 -> 7 -> 8 -> 1 [slot=17-17, slots=1]; LP#527: 6 -> 2 -> 7 -> 5 -> 1 [slot=8-8, slots=1]; LP#557: 6 -> 1 [slot=3-3, slots=1]; LP#559: 6 -> 2 -> 7 -> 8 -> 1 [slot=4-4, slots=1]; LP#574: 6 -> 3 -> 7 -> 5 -> 1 [slot=11-11, slots=1]; LP#598: 6 -> 3 -> 7 -> 5 -> 1 [slot=10-10, slots=1]; LP#627: 6 -> 9 -> 5 -> 7 -> 8 -> 1 [slot=18-18, slots=1]; LP#644: 6 -> 3 -> 7 -> 2 -> 4 -> 8 -> 1 [slot=9-9, slots=1]"
50,50042,best,d2,83,4,1,6,0,4 -> 3 -> 1,6 -> 9 -> 0,"IP 4->3 maps OPT 6->9: LP#16: 6 -> 2 -> 4 -> 8 -> 7 -> 5 -> 9 [slot=3-3, slots=1]; LP#517: 6 -> 9 [slot=0-0, slots=1]; LP#554: 6 -> 1 -> 5 -> 9 [slot=2-2, slots=1]; LP#600: 6 -> 2 -> 7 -> 8 -> 1 -> 5 -> 9 [slot=7-7, slots=1]; LP#628: 6 -> 2 -> 7 -> 8 -> 1 -> 5 -> 9 [slot=5-5, slots=1] | IP 3->1 maps OPT 9->0: LP#465: 9 -> 5 -> 7 -> 2 -> 4 -> 0 [slot=23-23, slots=1]; LP#548: 9 -> 5 -> 1 -> 8 -> 4 -> 0 [slot=21-21, slots=1]; LP#590: 9 -> 5 -> 1 -> 6 -> 2 -> 4 -> 0 [slot=26-26, slots=1]; LP#609: 9 -> 6 -> 1 -> 8 -> 7 -> 2 -> 4 -> 0 [slot=11-11, slots=1]; LP#615: 9 -> 5 -> 7 -> 2 -> 4 -> 0 [slot=22-22, slots=1]; LP#620: 9 -> 6 -> 1 -> 8 -> 7 -> 2 -> 4 -> 0 [slot=18-18, slots=1]; LP#622: 9 -> 6 -> 2 -> 4 -> 0 [slot=2-2, slots=1]"
50,50042,best,d3,63,1,0,0,1,1 -> 3 -> 0,0 -> 9 -> 1,"IP 1->3 maps OPT 0->9: LP#378: 0 -> 4 -> 2 -> 7 -> 3 -> 6 -> 9 [slot=6-6, slots=1]; LP#456: 0 -> 4 -> 8 -> 7 -> 5 -> 9 [slot=12-12, slots=1]; LP#475: 0 -> 4 -> 2 -> 7 -> 8 -> 1 -> 5 -> 9 [slot=24-24, slots=1]; LP#520: 0 -> 4 -> 2 -> 7 -> 8 -> 1 -> 6 -> 9 [slot=21-21, slots=1]; LP#617: 0 -> 4 -> 2 -> 7 -> 8 -> 1 -> 5 -> 9 [slot=22-22, slots=1]; LP#618: 0 -> 4 -> 2 -> 7 -> 5 -> 9 [slot=14-14, slots=1]; LP#625: 0 -> 4 -> 2 -> 6 -> 9 [slot=1-1, slots=1]; LP#632: 0 -> 4 -> 2 -> 7 -> 5 -> 9 [slot=16-16, slots=1]; LP#633: 0 -> 4 -> 2 -> 6 -> 9 [slot=13-13, slots=1] | IP 3->0 maps OPT 9->1: LP#460: 9 -> 6 -> 3 -> 7 -> 5 -> 1 [slot=7-7, slots=1]; LP#488: 9 -> 6 -> 2 -> 7 -> 8 -> 1 [slot=15-15, slots=1]; LP#513: 9 -> 6 -> 3 -> 7 -> 8 -> 1 [slot=3-3, slots=1]; LP#562: 9 -> 6 -> 1 [slot=6-6, slots=1]; LP#575: 9 -> 6 -> 3 -> 7 -> 8 -> 1 [slot=14-14, slots=1]; LP#603: 9 -> 6 -> 1 [slot=5-5, slots=1]"
50,50042,best,d4,95,5,1,5,0,5 -> 4 -> 3 -> 1,5 -> 6 -> 9 -> 0,"IP 5->4 maps OPT 5->6: LP#20: 5 -> 9 -> 6 [slot=4-4, slots=1]; LP#24: 5 -> 7 -> 8 -> 4 -> 2 -> 6 [slot=11-11, slots=1]; LP#308: 5 -> 1 -> 8 -> 7 -> 3 -> 6 [slot=4-4, slots=1]; LP#421: 5 -> 1 -> 8 -> 4 -> 2 -> 6 [slot=2-2, slots=1]; LP#462: 5 -> 7 -> 2 -> 6 [slot=5-5, slots=1]; LP#581: 5 -> 7 -> 2 -> 4 -> 8 -> 1 -> 6 [slot=8-8, slots=1]; LP#608: 5 -> 7 -> 8 -> 4 -> 2 -> 6 [slot=9-9, slots=1]; LP#635: 5 -> 1 -> 8 -> 7 -> 2 -> 6 [slot=6-6, slots=1] | IP 4->3 maps OPT 6->9: LP#16: 6 -> 2 -> 4 -> 8 -> 7 -> 5 -> 9 [slot=3-3, slots=1]; LP#517: 6 -> 9 [slot=0-0, slots=1]; LP#554: 6 -> 1 -> 5 -> 9 [slot=2-2, slots=1]; LP#600: 6 -> 2 -> 7 -> 8 -> 1 -> 5 -> 9 [slot=7-7, slots=1]; LP#628: 6 -> 2 -> 7 -> 8 -> 1 -> 5 -> 9 [slot=5-5, slots=1] | IP 3->1 maps OPT 9->0: LP#465: 9 -> 5 -> 7 -> 2 -> 4 -> 0 [slot=23-23, slots=1]; LP#548: 9 -> 5 -> 1 -> 8 -> 4 -> 0 [slot=21-21, slots=1]; LP#590: 9 -> 5 -> 1 -> 6 -> 2 -> 4 -> 0 [slot=26-26, slots=1]; LP#609: 9 -> 6 -> 1 -> 8 -> 7 -> 2 -> 4 -> 0 [slot=11-11, slots=1]; LP#615: 9 -> 5 -> 7 -> 2 -> 4 -> 0 [slot=22-22, slots=1]; LP#620: 9 -> 6 -> 1 -> 8 -> 7 -> 2 -> 4 -> 0 [slot=18-18, slots=1]; LP#622: 9 -> 6 -> 2 -> 4 -> 0 [slot=2-2, slots=1]"
50,50042,best,d5,57,2,3,4,9,2 -> 3,4 -> 9,"IP 2->3 maps OPT 4->9: LP#79: 4 -> 8 -> 1 -> 6 -> 9 [slot=11-11, slots=1]; LP#81: 4 -> 2 -> 7 -> 5 -> 9 [slot=17-17, slots=1]; LP#82: 4 -> 2 -> 6 -> 9 [slot=19-19, slots=1]; LP#83: 4 -> 2 -> 7 -> 8 -> 1 -> 5 -> 9 [slot=26-26, slots=1]; LP#84: 4 -> 8 -> 7 -> 2 -> 6 -> 9 [slot=20-20, slots=1]; LP#89: 4 -> 2 -> 6 -> 9 [slot=27-27, slots=1]; LP#90: 4 -> 8 -> 1 -> 6 -> 9 [slot=28-28, slots=1]; LP#186: 4 -> 2 -> 7 -> 5 -> 9 [slot=18-18, slots=1]; LP#302: 4 -> 8 -> 7 -> 2 -> 6 -> 9 [slot=15-15, slots=1]; LP#358: 4 -> 2 -> 7 -> 5 -> 9 [slot=20-20, slots=1]; LP#614: 4 -> 2 -> 6 -> 9 [slot=12-12, slots=1]; LP#629: 4 -> 2 -> 7 -> 5 -> 9 [slot=25-25, slots=1]; LP#636: 4 -> 2 -> 6 -> 9 [slot=29-29, slots=1]"
50,50042,best,d6,82,2,0,4,1,2 -> 3 -> 4 -> 0,4 -> 9 -> 6 -> 1,"IP 2->3 maps OPT 4->9: LP#79: 4 -> 8 -> 1 -> 6 -> 9 [slot=11-11, slots=1]; LP#81: 4 -> 2 -> 7 -> 5 -> 9 [slot=17-17, slots=1]; LP#82: 4 -> 2 -> 6 -> 9 [slot=19-19, slots=1]; LP#83: 4 -> 2 -> 7 -> 8 -> 1 -> 5 -> 9 [slot=26-26, slots=1]; LP#84: 4 -> 8 -> 7 -> 2 -> 6 -> 9 [slot=20-20, slots=1]; LP#89: 4 -> 2 -> 6 -> 9 [slot=27-27, slots=1]; LP#90: 4 -> 8 -> 1 -> 6 -> 9 [slot=28-28, slots=1]; LP#186: 4 -> 2 -> 7 -> 5 -> 9 [slot=18-18, slots=1]; LP#302: 4 -> 8 -> 7 -> 2 -> 6 -> 9 [slot=15-15, slots=1]; LP#358: 4 -> 2 -> 7 -> 5 -> 9 [slot=20-20, slots=1]; LP#614: 4 -> 2 -> 6 -> 9 [slot=12-12, slots=1]; LP#629: 4 -> 2 -> 7 -> 5 -> 9 [slot=25-25, slots=1]; LP#636: 4 -> 2 -> 6 -> 9 [slot=29-29, slots=1] | IP 3->4 maps OPT 9->6: LP#101: 9 -> 5 -> 7 -> 2 -> 6 [slot=30-30, slots=1]; LP#106: 9 -> 5 -> 7 -> 2 -> 6 [slot=33-33, slots=1]; LP#109: 9 -> 6 [slot=1-1, slots=1]; LP#111: 9 -> 5 -> 7 -> 2 -> 6 [slot=35-35, slots=1]; LP#175: 9 -> 5 -> 7 -> 8 -> 1 -> 6 [slot=29-29, slots=1]; LP#216: 9 -> 5 -> 7 -> 2 -> 6 [slot=32-32, slots=1]; LP#537: 9 -> 5 -> 1 -> 6 [slot=27-27, slots=1]; LP#586: 9 -> 5 -> 1 -> 8 -> 7 -> 2 -> 6 [slot=34-34, slots=1] | IP 4->0 maps OPT 6->1: LP#522: 6 -> 9 -> 5 -> 7 -> 8 -> 1 [slot=17-17, slots=1]; LP#527: 6 -> 2 -> 7 -> 5 -> 1 [slot=8-8, slots=1]; LP#557: 6 -> 1 [slot=3-3, slots=1]; LP#559: 6 -> 2 -> 7 -> 8 -> 1 [slot=4-4, slots=1]; LP#574: 6 -> 3 -> 7 -> 5 -> 1 [slot=11-11, slots=1]; LP#598: 6 -> 3 -> 7 -> 5 -> 1 [slot=10-10, slots=1]; LP#627: 6 -> 9 -> 5 -> 7 -> 8 -> 1 [slot=18-18, slots=1]; LP#644: 6 -> 3 -> 7 -> 2 -> 4 -> 8 -> 1 [slot=9-9, slots=1]"
50,50042,best,d7,47,3,0,9,1,3 -> 4 -> 0,9 -> 6 -> 1,"IP 3->4 maps OPT 9->6: LP#101: 9 -> 5 -> 7 -> 2 -> 6 [slot=30-30, slots=1]; LP#106: 9 -> 5 -> 7 -> 2 -> 6 [slot=33-33, slots=1]; LP#109: 9 -> 6 [slot=1-1, slots=1]; LP#111: 9 -> 5 -> 7 -> 2 -> 6 [slot=35-35, slots=1]; LP#175: 9 -> 5 -> 7 -> 8 -> 1 -> 6 [slot=29-29, slots=1]; LP#216: 9 -> 5 -> 7 -> 2 -> 6 [slot=32-32, slots=1]; LP#537: 9 -> 5 -> 1 -> 6 [slot=27-27, slots=1]; LP#586: 9 -> 5 -> 1 -> 8 -> 7 -> 2 -> 6 [slot=34-34, slots=1] | IP 4->0 maps OPT 6->1: LP#522: 6 -> 9 -> 5 -> 7 -> 8 -> 1 [slot=17-17, slots=1]; LP#527: 6 -> 2 -> 7 -> 5 -> 1 [slot=8-8, slots=1]; LP#557: 6 -> 1 [slot=3-3, slots=1]; LP#559: 6 -> 2 -> 7 -> 8 -> 1 [slot=4-4, slots=1]; LP#574: 6 -> 3 -> 7 -> 5 -> 1 [slot=11-11, slots=1]; LP#598: 6 -> 3 -> 7 -> 5 -> 1 [slot=10-10, slots=1]; LP#627: 6 -> 9 -> 5 -> 7 -> 8 -> 1 [slot=18-18, slots=1]; LP#644: 6 -> 3 -> 7 -> 2 -> 4 -> 8 -> 1 [slot=9-9, slots=1]"
50,50042,best,d8,89,0,1,1,0,0 -> 5 -> 1,1 -> 5 -> 0,"IP 0->5 maps OPT 1->5: LP#49: 1 -> 8 -> 7 -> 3 -> 6 -> 9 -> 5 [slot=9-9, slots=1]; LP#342: 1 -> 8 -> 7 -> 3 -> 6 -> 9 -> 5 [slot=8-8, slots=1]; LP#466: 1 -> 8 -> 4 -> 2 -> 6 -> 9 -> 5 [slot=3-3, slots=1]; LP#642: 1 -> 5 [slot=0-0, slots=1] | IP 5->1 maps OPT 5->0: LP#271: 5 -> 1 -> 6 -> 3 -> 7 -> 2 -> 4 -> 0 [slot=16-16, slots=1]; LP#363: 5 -> 1 -> 6 -> 3 -> 7 -> 2 -> 4 -> 0 [slot=12-12, slots=1]; LP#407: 5 -> 1 -> 8 -> 4 -> 0 [slot=15-15, slots=1]; LP#604: 5 -> 7 -> 2 -> 4 -> 0 [slot=14-14, slots=1]; LP#605: 5 -> 1 -> 6 -> 3 -> 7 -> 8 -> 4 -> 0 [slot=19-19, slots=1]; LP#634: 5 -> 1 -> 6 -> 2 -> 7 -> 8 -> 4 -> 0 [slot=1-1, slots=1]; LP#639: 5 -> 1 -> 8 -> 4 -> 0 [slot=17-17, slots=1]"
50,50042,best,d9,39,3,5,9,5,3 -> 1 -> 5,9 -> 0 -> 5,"IP 3->1 maps OPT 9->0: LP#465: 9 -> 5 -> 7 -> 2 -> 4 -> 0 [slot=23-23, slots=1]; LP#548: 9 -> 5 -> 1 -> 8 -> 4 -> 0 [slot=21-21, slots=1]; LP#590: 9 -> 5 -> 1 -> 6 -> 2 -> 4 -> 0 [slot=26-26, slots=1]; LP#609: 9 -> 6 -> 1 -> 8 -> 7 -> 2 -> 4 -> 0 [slot=11-11, slots=1]; LP#615: 9 -> 5 -> 7 -> 2 -> 4 -> 0 [slot=22-22, slots=1]; LP#620: 9 -> 6 -> 1 -> 8 -> 7 -> 2 -> 4 -> 0 [slot=18-18, slots=1]; LP#622: 9 -> 6 -> 2 -> 4 -> 0 [slot=2-2, slots=1] | IP 1->5 maps OPT 0->5: LP#92: 0 -> 4 -> 8 -> 1 -> 5 [slot=19-19, slots=1]; LP#93: 0 -> 4 -> 2 -> 7 -> 5 [slot=0-0, slots=1]; LP#94: 0 -> 4 -> 2 -> 6 -> 1 -> 5 [slot=28-28, slots=1]; LP#95: 0 -> 4 -> 2 -> 7 -> 8 -> 1 -> 5 [slot=30-30, slots=1]; LP#96: 0 -> 4 -> 8 -> 7 -> 5 [slot=2-2, slots=1]; LP#100: 0 -> 4 -> 2 -> 7 -> 3 -> 6 -> 1 -> 5 [slot=33-33, slots=1]; LP#403: 0 -> 4 -> 8 -> 1 -> 5 [slot=27-27, slots=1]"
50,50042,best,d10,29,4,2,6,4,4 -> 5 -> 0 -> 3 -> 2,6 -> 5 -> 1 -> 9 -> 4,"IP 4->5 maps OPT 6->5: LP#303: 6 -> 2 -> 4 -> 8 -> 7 -> 5 [slot=24-24, slots=1]; LP#430: 6 -> 2 -> 4 -> 8 -> 7 -> 5 [slot=29-29, slots=1]; LP#544: 6 -> 9 -> 5 [slot=4-4, slots=1]; LP#571: 6 -> 2 -> 4 -> 8 -> 7 -> 5 [slot=21-21, slots=1] | IP 5->0 maps OPT 5->1: LP#414: 5 -> 7 -> 2 -> 4 -> 8 -> 1 [slot=1-1, slots=1]; LP#545: 5 -> 9 -> 6 -> 3 -> 7 -> 8 -> 1 [slot=0-0, slots=1]; LP#588: 5 -> 7 -> 3 -> 6 -> 1 [slot=0-0, slots=1]; LP#589: 5 -> 1 [slot=0-0, slots=1] | IP 0->3 maps OPT 1->9: LP#286: 1 -> 6 -> 3 -> 7 -> 5 -> 9 [slot=15-15, slots=1]; LP#346: 1 -> 6 -> 9 [slot=2-2, slots=1]; LP#400: 1 -> 5 -> 9 [slot=9-9, slots=1] | IP 3->2 maps OPT 9->4: LP#124: 9 -> 6 -> 1 -> 8 -> 7 -> 2 -> 4 [slot=19-19, slots=1]; LP#193: 9 -> 6 -> 2 -> 7 -> 8 -> 4 [slot=27-27, slots=1]; LP#269: 9 -> 6 -> 2 -> 7 -> 8 -> 4 [slot=10-10, slots=1]; LP#511: 9 -> 6 -> 1 -> 8 -> 4 [slot=16-16, slots=1]; LP#610: 9 -> 6 -> 1 -> 8 -> 4 [slot=20-20, slots=1]; LP#643: 9 -> 5 -> 1 -> 8 -> 7 -> 2 -> 4 [slot=13-13, slots=1]"
50,50042,best,d11,33,3,0,9,1,3 -> 1 -> 5 -> 4 -> 0,9 -> 0 -> 5 -> 6 -> 1,"IP 3->1 maps OPT 9->0: LP#465: 9 -> 5 -> 7 -> 2 -> 4 -> 0 [slot=23-23, slots=1]; LP#548: 9 -> 5 -> 1 -> 8 -> 4 -> 0 [slot=21-21, slots=1]; LP#590: 9 -> 5 -> 1 -> 6 -> 2 -> 4 -> 0 [slot=26-26, slots=1]; LP#609: 9 -> 6 -> 1 -> 8 -> 7 -> 2 -> 4 -> 0 [slot=11-11, slots=1]; LP#615: 9 -> 5 -> 7 -> 2 -> 4 -> 0 [slot=22-22, slots=1]; LP#620: 9 -> 6 -> 1 -> 8 -> 7 -> 2 -> 4 -> 0 [slot=18-18, slots=1]; LP#622: 9 -> 6 -> 2 -> 4 -> 0 [slot=2-2, slots=1] | IP 1->5 maps OPT 0->5: LP#92: 0 -> 4 -> 8 -> 1 -> 5 [slot=19-19, slots=1]; LP#93: 0 -> 4 -> 2 -> 7 -> 5 [slot=0-0, slots=1]; LP#94: 0 -> 4 -> 2 -> 6 -> 1 -> 5 [slot=28-28, slots=1]; LP#95: 0 -> 4 -> 2 -> 7 -> 8 -> 1 -> 5 [slot=30-30, slots=1]; LP#96: 0 -> 4 -> 8 -> 7 -> 5 [slot=2-2, slots=1]; LP#100: 0 -> 4 -> 2 -> 7 -> 3 -> 6 -> 1 -> 5 [slot=33-33, slots=1]; LP#403: 0 -> 4 -> 8 -> 1 -> 5 [slot=27-27, slots=1] | IP 5->4 maps OPT 5->6: LP#20: 5 -> 9 -> 6 [slot=4-4, slots=1]; LP#24: 5 -> 7 -> 8 -> 4 -> 2 -> 6 [slot=11-11, slots=1]; LP#308: 5 -> 1 -> 8 -> 7 -> 3 -> 6 [slot=4-4, slots=1]; LP#421: 5 -> 1 -> 8 -> 4 -> 2 -> 6 [slot=2-2, slots=1]; LP#462: 5 -> 7 -> 2 -> 6 [slot=5-5, slots=1]; LP#581: 5 -> 7 -> 2 -> 4 -> 8 -> 1 -> 6 [slot=8-8, slots=1]; LP#608: 5 -> 7 -> 8 -> 4 -> 2 -> 6 [slot=9-9, slots=1]; LP#635: 5 -> 1 -> 8 -> 7 -> 2 -> 6 [slot=6-6, slots=1] | IP 4->0 maps OPT 6->1: LP#522: 6 -> 9 -> 5 -> 7 -> 8 -> 1 [slot=17-17, slots=1]; LP#527: 6 -> 2 -> 7 -> 5 -> 1 [slot=8-8, slots=1]; LP#557: 6 -> 1 [slot=3-3, slots=1]; LP#559: 6 -> 2 -> 7 -> 8 -> 1 [slot=4-4, slots=1]; LP#574: 6 -> 3 -> 7 -> 5 -> 1 [slot=11-11, slots=1]; LP#598: 6 -> 3 -> 7 -> 5 -> 1 [slot=10-10, slots=1]; LP#627: 6 -> 9 -> 5 -> 7 -> 8 -> 1 [slot=18-18, slots=1]; LP#644: 6 -> 3 -> 7 -> 2 -> 4 -> 8 -> 1 [slot=9-9, slots=1]"
50,50042,best,d12,37,4,0,6,1,4 -> 3 -> 0,6 -> 9 -> 1,"IP 4->3 maps OPT 6->9: LP#16: 6 -> 2 -> 4 -> 8 -> 7 -> 5 -> 9 [slot=3-3, slots=1]; LP#517: 6 -> 9 [slot=0-0, slots=1]; LP#554: 6 -> 1 -> 5 -> 9 [slot=2-2, slots=1]; LP#600: 6 -> 2 -> 7 -> 8 -> 1 -> 5 -> 9 [slot=7-7, slots=1]; LP#628: 6 -> 2 -> 7 -> 8 -> 1 -> 5 -> 9 [slot=5-5, slots=1] | IP 3->0 maps OPT 9->1: LP#460: 9 -> 6 -> 3 -> 7 -> 5 -> 1 [slot=7-7, slots=1]; LP#488: 9 -> 6 -> 2 -> 7 -> 8 -> 1 [slot=15-15, slots=1]; LP#513: 9 -> 6 -> 3 -> 7 -> 8 -> 1 [slot=3-3, slots=1]; LP#562: 9 -> 6 -> 1 [slot=6-6, slots=1]; LP#575: 9 -> 6 -> 3 -> 7 -> 8 -> 1 [slot=14-14, slots=1]; LP#603: 9 -> 6 -> 1 [slot=5-5, slots=1]"
50,50042,best,d13,91,1,3,0,9,1 -> 3,0 -> 9,"IP 1->3 maps OPT 0->9: LP#378: 0 -> 4 -> 2 -> 7 -> 3 -> 6 -> 9 [slot=6-6, slots=1]; LP#456: 0 -> 4 -> 8 -> 7 -> 5 -> 9 [slot=12-12, slots=1]; LP#475: 0 -> 4 -> 2 -> 7 -> 8 -> 1 -> 5 -> 9 [slot=24-24, slots=1]; LP#520: 0 -> 4 -> 2 -> 7 -> 8 -> 1 -> 6 -> 9 [slot=21-21, slots=1]; LP#617: 0 -> 4 -> 2 -> 7 -> 8 -> 1 -> 5 -> 9 [slot=22-22, slots=1]; LP#618: 0 -> 4 -> 2 -> 7 -> 5 -> 9 [slot=14-14, slots=1]; LP#625: 0 -> 4 -> 2 -> 6 -> 9 [slot=1-1, slots=1]; LP#632: 0 -> 4 -> 2 -> 7 -> 5 -> 9 [slot=16-16, slots=1]; LP#633: 0 -> 4 -> 2 -> 6 -> 9 [slot=13-13, slots=1]"
50,50042,best,d14,95,2,4,4,6,2 -> 3 -> 4,4 -> 9 -> 6,"IP 2->3 maps OPT 4->9: LP#79: 4 -> 8 -> 1 -> 6 -> 9 [slot=11-11, slots=1]; LP#81: 4 -> 2 -> 7 -> 5 -> 9 [slot=17-17, slots=1]; LP#82: 4 -> 2 -> 6 -> 9 [slot=19-19, slots=1]; LP#83: 4 -> 2 -> 7 -> 8 -> 1 -> 5 -> 9 [slot=26-26, slots=1]; LP#84: 4 -> 8 -> 7 -> 2 -> 6 -> 9 [slot=20-20, slots=1]; LP#89: 4 -> 2 -> 6 -> 9 [slot=27-27, slots=1]; LP#90: 4 -> 8 -> 1 -> 6 -> 9 [slot=28-28, slots=1]; LP#186: 4 -> 2 -> 7 -> 5 -> 9 [slot=18-18, slots=1]; LP#302: 4 -> 8 -> 7 -> 2 -> 6 -> 9 [slot=15-15, slots=1]; LP#358: 4 -> 2 -> 7 -> 5 -> 9 [slot=20-20, slots=1]; LP#614: 4 -> 2 -> 6 -> 9 [slot=12-12, slots=1]; LP#629: 4 -> 2 -> 7 -> 5 -> 9 [slot=25-25, slots=1]; LP#636: 4 -> 2 -> 6 -> 9 [slot=29-29, slots=1] | IP 3->4 maps OPT 9->6: LP#101: 9 -> 5 -> 7 -> 2 -> 6 [slot=30-30, slots=1]; LP#106: 9 -> 5 -> 7 -> 2 -> 6 [slot=33-33, slots=1]; LP#109: 9 -> 6 [slot=1-1, slots=1]; LP#111: 9 -> 5 -> 7 -> 2 -> 6 [slot=35-35, slots=1]; LP#175: 9 -> 5 -> 7 -> 8 -> 1 -> 6 [slot=29-29, slots=1]; LP#216: 9 -> 5 -> 7 -> 2 -> 6 [slot=32-32, slots=1]; LP#537: 9 -> 5 -> 1 -> 6 [slot=27-27, slots=1]; LP#586: 9 -> 5 -> 1 -> 8 -> 7 -> 2 -> 6 [slot=34-34, slots=1]"
50,50042,best,d15,48,2,3,4,9,2 -> 3,4 -> 9,"IP 2->3 maps OPT 4->9: LP#79: 4 -> 8 -> 1 -> 6 -> 9 [slot=11-11, slots=1]; LP#81: 4 -> 2 -> 7 -> 5 -> 9 [slot=17-17, slots=1]; LP#82: 4 -> 2 -> 6 -> 9 [slot=19-19, slots=1]; LP#83: 4 -> 2 -> 7 -> 8 -> 1 -> 5 -> 9 [slot=26-26, slots=1]; LP#84: 4 -> 8 -> 7 -> 2 -> 6 -> 9 [slot=20-20, slots=1]; LP#89: 4 -> 2 -> 6 -> 9 [slot=27-27, slots=1]; LP#90: 4 -> 8 -> 1 -> 6 -> 9 [slot=28-28, slots=1]; LP#186: 4 -> 2 -> 7 -> 5 -> 9 [slot=18-18, slots=1]; LP#302: 4 -> 8 -> 7 -> 2 -> 6 -> 9 [slot=15-15, slots=1]; LP#358: 4 -> 2 -> 7 -> 5 -> 9 [slot=20-20, slots=1]; LP#614: 4 -> 2 -> 6 -> 9 [slot=12-12, slots=1]; LP#629: 4 -> 2 -> 7 -> 5 -> 9 [slot=25-25, slots=1]; LP#636: 4 -> 2 -> 6 -> 9 [slot=29-29, slots=1]"
50,50042,best,d16,77,4,3,6,9,4 -> 0 -> 5 -> 1 -> 3,6 -> 1 -> 5 -> 0 -> 9,"IP 4->0 maps OPT 6->1: LP#522: 6 -> 9 -> 5 -> 7 -> 8 -> 1 [slot=17-17, slots=1]; LP#527: 6 -> 2 -> 7 -> 5 -> 1 [slot=8-8, slots=1]; LP#557: 6 -> 1 [slot=3-3, slots=1]; LP#559: 6 -> 2 -> 7 -> 8 -> 1 [slot=4-4, slots=1]; LP#574: 6 -> 3 -> 7 -> 5 -> 1 [slot=11-11, slots=1]; LP#598: 6 -> 3 -> 7 -> 5 -> 1 [slot=10-10, slots=1]; LP#627: 6 -> 9 -> 5 -> 7 -> 8 -> 1 [slot=18-18, slots=1]; LP#644: 6 -> 3 -> 7 -> 2 -> 4 -> 8 -> 1 [slot=9-9, slots=1] | IP 0->5 maps OPT 1->5: LP#49: 1 -> 8 -> 7 -> 3 -> 6 -> 9 -> 5 [slot=9-9, slots=1]; LP#342: 1 -> 8 -> 7 -> 3 -> 6 -> 9 -> 5 [slot=8-8, slots=1]; LP#466: 1 -> 8 -> 4 -> 2 -> 6 -> 9 -> 5 [slot=3-3, slots=1]; LP#642: 1 -> 5 [slot=0-0, slots=1] | IP 5->1 maps OPT 5->0: LP#271: 5 -> 1 -> 6 -> 3 -> 7 -> 2 -> 4 -> 0 [slot=16-16, slots=1]; LP#363: 5 -> 1 -> 6 -> 3 -> 7 -> 2 -> 4 -> 0 [slot=12-12, slots=1]; LP#407: 5 -> 1 -> 8 -> 4 -> 0 [slot=15-15, slots=1]; LP#604: 5 -> 7 -> 2 -> 4 -> 0 [slot=14-14, slots=1]; LP#605: 5 -> 1 -> 6 -> 3 -> 7 -> 8 -> 4 -> 0 [slot=19-19, slots=1]; LP#634: 5 -> 1 -> 6 -> 2 -> 7 -> 8 -> 4 -> 0 [slot=1-1, slots=1]; LP#639: 5 -> 1 -> 8 -> 4 -> 0 [slot=17-17, slots=1] | IP 1->3 maps OPT 0->9: LP#378: 0 -> 4 -> 2 -> 7 -> 3 -> 6 -> 9 [slot=6-6, slots=1]; LP#456: 0 -> 4 -> 8 -> 7 -> 5 -> 9 [slot=12-12, slots=1]; LP#475: 0 -> 4 -> 2 -> 7 -> 8 -> 1 -> 5 -> 9 [slot=24-24, slots=1]; LP#520: 0 -> 4 -> 2 -> 7 -> 8 -> 1 -> 6 -> 9 [slot=21-21, slots=1]; LP#617: 0 -> 4 -> 2 -> 7 -> 8 -> 1 -> 5 -> 9 [slot=22-22, slots=1]; LP#618: 0 -> 4 -> 2 -> 7 -> 5 -> 9 [slot=14-14, slots=1]; LP#625: 0 -> 4 -> 2 -> 6 -> 9 [slot=1-1, slots=1]; LP#632: 0 -> 4 -> 2 -> 7 -> 5 -> 9 [slot=16-16, slots=1]; LP#633: 0 -> 4 -> 2 -> 6 -> 9 [slot=13-13, slots=1]"
50,50042,best,d17,39,4,5,6,5,4 -> 5,6 -> 5,"IP 4->5 maps OPT 6->5: LP#303: 6 -> 2 -> 4 -> 8 -> 7 -> 5 [slot=24-24, slots=1]; LP#430: 6 -> 2 -> 4 -> 8 -> 7 -> 5 [slot=29-29, slots=1]; LP#544: 6 -> 9 -> 5 [slot=4-4, slots=1]; LP#571: 6 -> 2 -> 4 -> 8 -> 7 -> 5 [slot=21-21, slots=1]"
50,50042,best,d18,73,2,3,4,9,2 -> 3,4 -> 9,"IP 2->3 maps OPT 4->9: LP#79: 4 -> 8 -> 1 -> 6 -> 9 [slot=11-11, slots=1]; LP#81: 4 -> 2 -> 7 -> 5 -> 9 [slot=17-17, slots=1]; LP#82: 4 -> 2 -> 6 -> 9 [slot=19-19, slots=1]; LP#83: 4 -> 2 -> 7 -> 8 -> 1 -> 5 -> 9 [slot=26-26, slots=1]; LP#84: 4 -> 8 -> 7 -> 2 -> 6 -> 9 [slot=20-20, slots=1]; LP#89: 4 -> 2 -> 6 -> 9 [slot=27-27, slots=1]; LP#90: 4 -> 8 -> 1 -> 6 -> 9 [slot=28-28, slots=1]; LP#186: 4 -> 2 -> 7 -> 5 -> 9 [slot=18-18, slots=1]; LP#302: 4 -> 8 -> 7 -> 2 -> 6 -> 9 [slot=15-15, slots=1]; LP#358: 4 -> 2 -> 7 -> 5 -> 9 [slot=20-20, slots=1]; LP#614: 4 -> 2 -> 6 -> 9 [slot=12-12, slots=1]; LP#629: 4 -> 2 -> 7 -> 5 -> 9 [slot=25-25, slots=1]; LP#636: 4 -> 2 -> 6 -> 9 [slot=29-29, slots=1]"
50,50042,best,d19,44,5,3,5,9,5 -> 1 -> 3,5 -> 0 -> 9,"IP 5->1 maps OPT 5->0: LP#271: 5 -> 1 -> 6 -> 3 -> 7 -> 2 -> 4 -> 0 [slot=16-16, slots=1]; LP#363: 5 -> 1 -> 6 -> 3 -> 7 -> 2 -> 4 -> 0 [slot=12-12, slots=1]; LP#407: 5 -> 1 -> 8 -> 4 -> 0 [slot=15-15, slots=1]; LP#604: 5 -> 7 -> 2 -> 4 -> 0 [slot=14-14, slots=1]; LP#605: 5 -> 1 -> 6 -> 3 -> 7 -> 8 -> 4 -> 0 [slot=19-19, slots=1]; LP#634: 5 -> 1 -> 6 -> 2 -> 7 -> 8 -> 4 -> 0 [slot=1-1, slots=1]; LP#639: 5 -> 1 -> 8 -> 4 -> 0 [slot=17-17, slots=1] | IP 1->3 maps OPT 0->9: LP#378: 0 -> 4 -> 2 -> 7 -> 3 -> 6 -> 9 [slot=6-6, slots=1]; LP#456: 0 -> 4 -> 8 -> 7 -> 5 -> 9 [slot=12-12, slots=1]; LP#475: 0 -> 4 -> 2 -> 7 -> 8 -> 1 -> 5 -> 9 [slot=24-24, slots=1]; LP#520: 0 -> 4 -> 2 -> 7 -> 8 -> 1 -> 6 -> 9 [slot=21-21, slots=1]; LP#617: 0 -> 4 -> 2 -> 7 -> 8 -> 1 -> 5 -> 9 [slot=22-22, slots=1]; LP#618: 0 -> 4 -> 2 -> 7 -> 5 -> 9 [slot=14-14, slots=1]; LP#625: 0 -> 4 -> 2 -> 6 -> 9 [slot=1-1, slots=1]; LP#632: 0 -> 4 -> 2 -> 7 -> 5 -> 9 [slot=16-16, slots=1]; LP#633: 0 -> 4 -> 2 -> 6 -> 9 [slot=13-13, slots=1]"
50,50042,best,d20,71,2,0,4,1,2 -> 3 -> 0,4 -> 9 -> 1,"IP 2->3 maps OPT 4->9: LP#79: 4 -> 8 -> 1 -> 6 -> 9 [slot=11-11, slots=1]; LP#81: 4 -> 2 -> 7 -> 5 -> 9 [slot=17-17, slots=1]; LP#82: 4 -> 2 -> 6 -> 9 [slot=19-19, slots=1]; LP#83: 4 -> 2 -> 7 -> 8 -> 1 -> 5 -> 9 [slot=26-26, slots=1]; LP#84: 4 -> 8 -> 7 -> 2 -> 6 -> 9 [slot=20-20, slots=1]; LP#89: 4 -> 2 -> 6 -> 9 [slot=27-27, slots=1]; LP#90: 4 -> 8 -> 1 -> 6 -> 9 [slot=28-28, slots=1]; LP#186: 4 -> 2 -> 7 -> 5 -> 9 [slot=18-18, slots=1]; LP#302: 4 -> 8 -> 7 -> 2 -> 6 -> 9 [slot=15-15, slots=1]; LP#358: 4 -> 2 -> 7 -> 5 -> 9 [slot=20-20, slots=1]; LP#614: 4 -> 2 -> 6 -> 9 [slot=12-12, slots=1]; LP#629: 4 -> 2 -> 7 -> 5 -> 9 [slot=25-25, slots=1]; LP#636: 4 -> 2 -> 6 -> 9 [slot=29-29, slots=1] | IP 3->0 maps OPT 9->1: LP#460: 9 -> 6 -> 3 -> 7 -> 5 -> 1 [slot=7-7, slots=1]; LP#488: 9 -> 6 -> 2 -> 7 -> 8 -> 1 [slot=15-15, slots=1]; LP#513: 9 -> 6 -> 3 -> 7 -> 8 -> 1 [slot=3-3, slots=1]; LP#562: 9 -> 6 -> 1 [slot=6-6, slots=1]; LP#575: 9 -> 6 -> 3 -> 7 -> 8 -> 1 [slot=14-14, slots=1]; LP#603: 9 -> 6 -> 1 [slot=5-5, slots=1]"
50,50042,best,d21,36,1,5,0,5,1 -> 5,0 -> 5,"IP 1->5 maps OPT 0->5: LP#92: 0 -> 4 -> 8 -> 1 -> 5 [slot=19-19, slots=1]; LP#93: 0 -> 4 -> 2 -> 7 -> 5 [slot=0-0, slots=1]; LP#94: 0 -> 4 -> 2 -> 6 -> 1 -> 5 [slot=28-28, slots=1]; LP#95: 0 -> 4 -> 2 -> 7 -> 8 -> 1 -> 5 [slot=30-30, slots=1]; LP#96: 0 -> 4 -> 8 -> 7 -> 5 [slot=2-2, slots=1]; LP#100: 0 -> 4 -> 2 -> 7 -> 3 -> 6 -> 1 -> 5 [slot=33-33, slots=1]; LP#403: 0 -> 4 -> 8 -> 1 -> 5 [slot=27-27, slots=1]"
50,50042,best,d22,37,5,3,5,9,5 -> 4 -> 0 -> 3,5 -> 6 -> 1 -> 9,"IP 5->4 maps OPT 5->6: LP#20: 5 -> 9 -> 6 [slot=4-4, slots=1]; LP#24: 5 -> 7 -> 8 -> 4 -> 2 -> 6 [slot=11-11, slots=1]; LP#308: 5 -> 1 -> 8 -> 7 -> 3 -> 6 [slot=4-4, slots=1]; LP#421: 5 -> 1 -> 8 -> 4 -> 2 -> 6 [slot=2-2, slots=1]; LP#462: 5 -> 7 -> 2 -> 6 [slot=5-5, slots=1]; LP#581: 5 -> 7 -> 2 -> 4 -> 8 -> 1 -> 6 [slot=8-8, slots=1]; LP#608: 5 -> 7 -> 8 -> 4 -> 2 -> 6 [slot=9-9, slots=1]; LP#635: 5 -> 1 -> 8 -> 7 -> 2 -> 6 [slot=6-6, slots=1] | IP 4->0 maps OPT 6->1: LP#522: 6 -> 9 -> 5 -> 7 -> 8 -> 1 [slot=17-17, slots=1]; LP#527: 6 -> 2 -> 7 -> 5 -> 1 [slot=8-8, slots=1]; LP#557: 6 -> 1 [slot=3-3, slots=1]; LP#559: 6 -> 2 -> 7 -> 8 -> 1 [slot=4-4, slots=1]; LP#574: 6 -> 3 -> 7 -> 5 -> 1 [slot=11-11, slots=1]; LP#598: 6 -> 3 -> 7 -> 5 -> 1 [slot=10-10, slots=1]; LP#627: 6 -> 9 -> 5 -> 7 -> 8 -> 1 [slot=18-18, slots=1]; LP#644: 6 -> 3 -> 7 -> 2 -> 4 -> 8 -> 1 [slot=9-9, slots=1] | IP 0->3 maps OPT 1->9: LP#286: 1 -> 6 -> 3 -> 7 -> 5 -> 9 [slot=15-15, slots=1]; LP#346: 1 -> 6 -> 9 [slot=2-2, slots=1]; LP#400: 1 -> 5 -> 9 [slot=9-9, slots=1]"
50,50042,best,d23,97,4,1,6,0,4 -> 5 -> 1,6 -> 5 -> 0,"IP 4->5 maps OPT 6->5: LP#303: 6 -> 2 -> 4 -> 8 -> 7 -> 5 [slot=24-24, slots=1]; LP#430: 6 -> 2 -> 4 -> 8 -> 7 -> 5 [slot=29-29, slots=1]; LP#544: 6 -> 9 -> 5 [slot=4-4, slots=1]; LP#571: 6 -> 2 -> 4 -> 8 -> 7 -> 5 [slot=21-21, slots=1] | IP 5->1 maps OPT 5->0: LP#271: 5 -> 1 -> 6 -> 3 -> 7 -> 2 -> 4 -> 0 [slot=16-16, slots=1]; LP#363: 5 -> 1 -> 6 -> 3 -> 7 -> 2 -> 4 -> 0 [slot=12-12, slots=1]; LP#407: 5 -> 1 -> 8 -> 4 -> 0 [slot=15-15, slots=1]; LP#604: 5 -> 7 -> 2 -> 4 -> 0 [slot=14-14, slots=1]; LP#605: 5 -> 1 -> 6 -> 3 -> 7 -> 8 -> 4 -> 0 [slot=19-19, slots=1]; LP#634: 5 -> 1 -> 6 -> 2 -> 7 -> 8 -> 4 -> 0 [slot=1-1, slots=1]; LP#639: 5 -> 1 -> 8 -> 4 -> 0 [slot=17-17, slots=1]"
50,50042,best,d24,91,0,3,1,9,0 -> 4 -> 3,1 -> 6 -> 9,"IP 0->4 maps OPT 1->6: LP#8: 1 -> 5 -> 7 -> 2 -> 6 [slot=4-4, slots=1]; LP#484: 1 -> 8 -> 7 -> 2 -> 6 [slot=0-0, slots=1]; LP#496: 1 -> 6 [slot=0-0, slots=1] | IP 4->3 maps OPT 6->9: LP#16: 6 -> 2 -> 4 -> 8 -> 7 -> 5 -> 9 [slot=3-3, slots=1]; LP#517: 6 -> 9 [slot=0-0, slots=1]; LP#554: 6 -> 1 -> 5 -> 9 [slot=2-2, slots=1]; LP#600: 6 -> 2 -> 7 -> 8 -> 1 -> 5 -> 9 [slot=7-7, slots=1]; LP#628: 6 -> 2 -> 7 -> 8 -> 1 -> 5 -> 9 [slot=5-5, slots=1]"
50,50042,best,d25,66,3,2,9,4,3 -> 2,9 -> 4,"IP 3->2 maps OPT 9->4: LP#124: 9 -> 6 -> 1 -> 8 -> 7 -> 2 -> 4 [slot=19-19, slots=1]; LP#193: 9 -> 6 -> 2 -> 7 -> 8 -> 4 [slot=27-27, slots=1]; LP#269: 9 -> 6 -> 2 -> 7 -> 8 -> 4 [slot=10-10, slots=1]; LP#511: 9 -> 6 -> 1 -> 8 -> 4 [slot=16-16, slots=1]; LP#610: 9 -> 6 -> 1 -> 8 -> 4 [slot=20-20, slots=1]; LP#643: 9 -> 5 -> 1 -> 8 -> 7 -> 2 -> 4 [slot=13-13, slots=1]"
50,50042,best,d26,70,3,0,9,1,3 -> 4 -> 0,9 -> 6 -> 1,"IP 3->4 maps OPT 9->6: LP#101: 9 -> 5 -> 7 -> 2 -> 6 [slot=30-30, slots=1]; LP#106: 9 -> 5 -> 7 -> 2 -> 6 [slot=33-33, slots=1]; LP#109: 9 -> 6 [slot=1-1, slots=1]; LP#111: 9 -> 5 -> 7 -> 2 -> 6 [slot=35-35, slots=1]; LP#175: 9 -> 5 -> 7 -> 8 -> 1 -> 6 [slot=29-29, slots=1]; LP#216: 9 -> 5 -> 7 -> 2 -> 6 [slot=32-32, slots=1]; LP#537: 9 -> 5 -> 1 -> 6 [slot=27-27, slots=1]; LP#586: 9 -> 5 -> 1 -> 8 -> 7 -> 2 -> 6 [slot=34-34, slots=1] | IP 4->0 maps OPT 6->1: LP#522: 6 -> 9 -> 5 -> 7 -> 8 -> 1 [slot=17-17, slots=1]; LP#527: 6 -> 2 -> 7 -> 5 -> 1 [slot=8-8, slots=1]; LP#557: 6 -> 1 [slot=3-3, slots=1]; LP#559: 6 -> 2 -> 7 -> 8 -> 1 [slot=4-4, slots=1]; LP#574: 6 -> 3 -> 7 -> 5 -> 1 [slot=11-11, slots=1]; LP#598: 6 -> 3 -> 7 -> 5 -> 1 [slot=10-10, slots=1]; LP#627: 6 -> 9 -> 5 -> 7 -> 8 -> 1 [slot=18-18, slots=1]; LP#644: 6 -> 3 -> 7 -> 2 -> 4 -> 8 -> 1 [slot=9-9, slots=1]"
50,50042,best,d27,97,2,4,4,6,2 -> 3 -> 4,4 -> 9 -> 6,"IP 2->3 maps OPT 4->9: LP#79: 4 -> 8 -> 1 -> 6 -> 9 [slot=11-11, slots=1]; LP#81: 4 -> 2 -> 7 -> 5 -> 9 [slot=17-17, slots=1]; LP#82: 4 -> 2 -> 6 -> 9 [slot=19-19, slots=1]; LP#83: 4 -> 2 -> 7 -> 8 -> 1 -> 5 -> 9 [slot=26-26, slots=1]; LP#84: 4 -> 8 -> 7 -> 2 -> 6 -> 9 [slot=20-20, slots=1]; LP#89: 4 -> 2 -> 6 -> 9 [slot=27-27, slots=1]; LP#90: 4 -> 8 -> 1 -> 6 -> 9 [slot=28-28, slots=1]; LP#186: 4 -> 2 -> 7 -> 5 -> 9 [slot=18-18, slots=1]; LP#302: 4 -> 8 -> 7 -> 2 -> 6 -> 9 [slot=15-15, slots=1]; LP#358: 4 -> 2 -> 7 -> 5 -> 9 [slot=20-20, slots=1]; LP#614: 4 -> 2 -> 6 -> 9 [slot=12-12, slots=1]; LP#629: 4 -> 2 -> 7 -> 5 -> 9 [slot=25-25, slots=1]; LP#636: 4 -> 2 -> 6 -> 9 [slot=29-29, slots=1] | IP 3->4 maps OPT 9->6: LP#101: 9 -> 5 -> 7 -> 2 -> 6 [slot=30-30, slots=1]; LP#106: 9 -> 5 -> 7 -> 2 -> 6 [slot=33-33, slots=1]; LP#109: 9 -> 6 [slot=1-1, slots=1]; LP#111: 9 -> 5 -> 7 -> 2 -> 6 [slot=35-35, slots=1]; LP#175: 9 -> 5 -> 7 -> 8 -> 1 -> 6 [slot=29-29, slots=1]; LP#216: 9 -> 5 -> 7 -> 2 -> 6 [slot=32-32, slots=1]; LP#537: 9 -> 5 -> 1 -> 6 [slot=27-27, slots=1]; LP#586: 9 -> 5 -> 1 -> 8 -> 7 -> 2 -> 6 [slot=34-34, slots=1]"
50,50042,best,d28,84,2,5,4,5,2 -> 3 -> 1 -> 5,4 -> 9 -> 0 -> 5,"IP 2->3 maps OPT 4->9: LP#79: 4 -> 8 -> 1 -> 6 -> 9 [slot=11-11, slots=1]; LP#81: 4 -> 2 -> 7 -> 5 -> 9 [slot=17-17, slots=1]; LP#82: 4 -> 2 -> 6 -> 9 [slot=19-19, slots=1]; LP#83: 4 -> 2 -> 7 -> 8 -> 1 -> 5 -> 9 [slot=26-26, slots=1]; LP#84: 4 -> 8 -> 7 -> 2 -> 6 -> 9 [slot=20-20, slots=1]; LP#89: 4 -> 2 -> 6 -> 9 [slot=27-27, slots=1]; LP#90: 4 -> 8 -> 1 -> 6 -> 9 [slot=28-28, slots=1]; LP#186: 4 -> 2 -> 7 -> 5 -> 9 [slot=18-18, slots=1]; LP#302: 4 -> 8 -> 7 -> 2 -> 6 -> 9 [slot=15-15, slots=1]; LP#358: 4 -> 2 -> 7 -> 5 -> 9 [slot=20-20, slots=1]; LP#614: 4 -> 2 -> 6 -> 9 [slot=12-12, slots=1]; LP#629: 4 -> 2 -> 7 -> 5 -> 9 [slot=25-25, slots=1]; LP#636: 4 -> 2 -> 6 -> 9 [slot=29-29, slots=1] | IP 3->1 maps OPT 9->0: LP#465: 9 -> 5 -> 7 -> 2 -> 4 -> 0 [slot=23-23, slots=1]; LP#548: 9 -> 5 -> 1 -> 8 -> 4 -> 0 [slot=21-21, slots=1]; LP#590: 9 -> 5 -> 1 -> 6 -> 2 -> 4 -> 0 [slot=26-26, slots=1]; LP#609: 9 -> 6 -> 1 -> 8 -> 7 -> 2 -> 4 -> 0 [slot=11-11, slots=1]; LP#615: 9 -> 5 -> 7 -> 2 -> 4 -> 0 [slot=22-22, slots=1]; LP#620: 9 -> 6 -> 1 -> 8 -> 7 -> 2 -> 4 -> 0 [slot=18-18, slots=1]; LP#622: 9 -> 6 -> 2 -> 4 -> 0 [slot=2-2, slots=1] | IP 1->5 maps OPT 0->5: LP#92: 0 -> 4 -> 8 -> 1 -> 5 [slot=19-19, slots=1]; LP#93: 0 -> 4 -> 2 -> 7 -> 5 [slot=0-0, slots=1]; LP#94: 0 -> 4 -> 2 -> 6 -> 1 -> 5 [slot=28-28, slots=1]; LP#95: 0 -> 4 -> 2 -> 7 -> 8 -> 1 -> 5 [slot=30-30, slots=1]; LP#96: 0 -> 4 -> 8 -> 7 -> 5 [slot=2-2, slots=1]; LP#100: 0 -> 4 -> 2 -> 7 -> 3 -> 6 -> 1 -> 5 [slot=33-33, slots=1]; LP#403: 0 -> 4 -> 8 -> 1 -> 5 [slot=27-27, slots=1]"
50,50042,best,d29,27,5,2,5,4,5 -> 0 -> 3 -> 2,5 -> 1 -> 9 -> 4,"IP 5->0 maps OPT 5->1: LP#414: 5 -> 7 -> 2 -> 4 -> 8 -> 1 [slot=1-1, slots=1]; LP#545: 5 -> 9 -> 6 -> 3 -> 7 -> 8 -> 1 [slot=0-0, slots=1]; LP#588: 5 -> 7 -> 3 -> 6 -> 1 [slot=0-0, slots=1]; LP#589: 5 -> 1 [slot=0-0, slots=1] | IP 0->3 maps OPT 1->9: LP#286: 1 -> 6 -> 3 -> 7 -> 5 -> 9 [slot=15-15, slots=1]; LP#346: 1 -> 6 -> 9 [slot=2-2, slots=1]; LP#400: 1 -> 5 -> 9 [slot=9-9, slots=1] | IP 3->2 maps OPT 9->4: LP#124: 9 -> 6 -> 1 -> 8 -> 7 -> 2 -> 4 [slot=19-19, slots=1]; LP#193: 9 -> 6 -> 2 -> 7 -> 8 -> 4 [slot=27-27, slots=1]; LP#269: 9 -> 6 -> 2 -> 7 -> 8 -> 4 [slot=10-10, slots=1]; LP#511: 9 -> 6 -> 1 -> 8 -> 4 [slot=16-16, slots=1]; LP#610: 9 -> 6 -> 1 -> 8 -> 4 [slot=20-20, slots=1]; LP#643: 9 -> 5 -> 1 -> 8 -> 7 -> 2 -> 4 [slot=13-13, slots=1]"
50,50042,best,d30,49,5,4,5,6,5 -> 0 -> 3 -> 4,5 -> 1 -> 9 -> 6,"IP 5->0 maps OPT 5->1: LP#414: 5 -> 7 -> 2 -> 4 -> 8 -> 1 [slot=1-1, slots=1]; LP#545: 5 -> 9 -> 6 -> 3 -> 7 -> 8 -> 1 [slot=0-0, slots=1]; LP#588: 5 -> 7 -> 3 -> 6 -> 1 [slot=0-0, slots=1]; LP#589: 5 -> 1 [slot=0-0, slots=1] | IP 0->3 maps OPT 1->9: LP#286: 1 -> 6 -> 3 -> 7 -> 5 -> 9 [slot=15-15, slots=1]; LP#346: 1 -> 6 -> 9 [slot=2-2, slots=1]; LP#400: 1 -> 5 -> 9 [slot=9-9, slots=1] | IP 3->4 maps OPT 9->6: LP#101: 9 -> 5 -> 7 -> 2 -> 6 [slot=30-30, slots=1]; LP#106: 9 -> 5 -> 7 -> 2 -> 6 [slot=33-33, slots=1]; LP#109: 9 -> 6 [slot=1-1, slots=1]; LP#111: 9 -> 5 -> 7 -> 2 -> 6 [slot=35-35, slots=1]; LP#175: 9 -> 5 -> 7 -> 8 -> 1 -> 6 [slot=29-29, slots=1]; LP#216: 9 -> 5 -> 7 -> 2 -> 6 [slot=32-32, slots=1]; LP#537: 9 -> 5 -> 1 -> 6 [slot=27-27, slots=1]; LP#586: 9 -> 5 -> 1 -> 8 -> 7 -> 2 -> 6 [slot=34-34, slots=1]"
50,50042,best,d31,41,2,4,4,6,2 -> 3 -> 1 -> 5 -> 4,4 -> 9 -> 0 -> 5 -> 6,"IP 2->3 maps OPT 4->9: LP#79: 4 -> 8 -> 1 -> 6 -> 9 [slot=11-11, slots=1]; LP#81: 4 -> 2 -> 7 -> 5 -> 9 [slot=17-17, slots=1]; LP#82: 4 -> 2 -> 6 -> 9 [slot=19-19, slots=1]; LP#83: 4 -> 2 -> 7 -> 8 -> 1 -> 5 -> 9 [slot=26-26, slots=1]; LP#84: 4 -> 8 -> 7 -> 2 -> 6 -> 9 [slot=20-20, slots=1]; LP#89: 4 -> 2 -> 6 -> 9 [slot=27-27, slots=1]; LP#90: 4 -> 8 -> 1 -> 6 -> 9 [slot=28-28, slots=1]; LP#186: 4 -> 2 -> 7 -> 5 -> 9 [slot=18-18, slots=1]; LP#302: 4 -> 8 -> 7 -> 2 -> 6 -> 9 [slot=15-15, slots=1]; LP#358: 4 -> 2 -> 7 -> 5 -> 9 [slot=20-20, slots=1]; LP#614: 4 -> 2 -> 6 -> 9 [slot=12-12, slots=1]; LP#629: 4 -> 2 -> 7 -> 5 -> 9 [slot=25-25, slots=1]; LP#636: 4 -> 2 -> 6 -> 9 [slot=29-29, slots=1] | IP 3->1 maps OPT 9->0: LP#465: 9 -> 5 -> 7 -> 2 -> 4 -> 0 [slot=23-23, slots=1]; LP#548: 9 -> 5 -> 1 -> 8 -> 4 -> 0 [slot=21-21, slots=1]; LP#590: 9 -> 5 -> 1 -> 6 -> 2 -> 4 -> 0 [slot=26-26, slots=1]; LP#609: 9 -> 6 -> 1 -> 8 -> 7 -> 2 -> 4 -> 0 [slot=11-11, slots=1]; LP#615: 9 -> 5 -> 7 -> 2 -> 4 -> 0 [slot=22-22, slots=1]; LP#620: 9 -> 6 -> 1 -> 8 -> 7 -> 2 -> 4 -> 0 [slot=18-18, slots=1]; LP#622: 9 -> 6 -> 2 -> 4 -> 0 [slot=2-2, slots=1] | IP 1->5 maps OPT 0->5: LP#92: 0 -> 4 -> 8 -> 1 -> 5 [slot=19-19, slots=1]; LP#93: 0 -> 4 -> 2 -> 7 -> 5 [slot=0-0, slots=1]; LP#94: 0 -> 4 -> 2 -> 6 -> 1 -> 5 [slot=28-28, slots=1]; LP#95: 0 -> 4 -> 2 -> 7 -> 8 -> 1 -> 5 [slot=30-30, slots=1]; LP#96: 0 -> 4 -> 8 -> 7 -> 5 [slot=2-2, slots=1]; LP#100: 0 -> 4 -> 2 -> 7 -> 3 -> 6 -> 1 -> 5 [slot=33-33, slots=1]; LP#403: 0 -> 4 -> 8 -> 1 -> 5 [slot=27-27, slots=1] | IP 5->4 maps OPT 5->6: LP#20: 5 -> 9 -> 6 [slot=4-4, slots=1]; LP#24: 5 -> 7 -> 8 -> 4 -> 2 -> 6 [slot=11-11, slots=1]; LP#308: 5 -> 1 -> 8 -> 7 -> 3 -> 6 [slot=4-4, slots=1]; LP#421: 5 -> 1 -> 8 -> 4 -> 2 -> 6 [slot=2-2, slots=1]; LP#462: 5 -> 7 -> 2 -> 6 [slot=5-5, slots=1]; LP#581: 5 -> 7 -> 2 -> 4 -> 8 -> 1 -> 6 [slot=8-8, slots=1]; LP#608: 5 -> 7 -> 8 -> 4 -> 2 -> 6 [slot=9-9, slots=1]; LP#635: 5 -> 1 -> 8 -> 7 -> 2 -> 6 [slot=6-6, slots=1]"
50,50042,best,d32,89,1,2,0,4,1 -> 5 -> 0 -> 3 -> 2,0 -> 5 -> 1 -> 9 -> 4,"IP 1->5 maps OPT 0->5: LP#92: 0 -> 4 -> 8 -> 1 -> 5 [slot=19-19, slots=1]; LP#93: 0 -> 4 -> 2 -> 7 -> 5 [slot=0-0, slots=1]; LP#94: 0 -> 4 -> 2 -> 6 -> 1 -> 5 [slot=28-28, slots=1]; LP#95: 0 -> 4 -> 2 -> 7 -> 8 -> 1 -> 5 [slot=30-30, slots=1]; LP#96: 0 -> 4 -> 8 -> 7 -> 5 [slot=2-2, slots=1]; LP#100: 0 -> 4 -> 2 -> 7 -> 3 -> 6 -> 1 -> 5 [slot=33-33, slots=1]; LP#403: 0 -> 4 -> 8 -> 1 -> 5 [slot=27-27, slots=1] | IP 5->0 maps OPT 5->1: LP#414: 5 -> 7 -> 2 -> 4 -> 8 -> 1 [slot=1-1, slots=1]; LP#545: 5 -> 9 -> 6 -> 3 -> 7 -> 8 -> 1 [slot=0-0, slots=1]; LP#588: 5 -> 7 -> 3 -> 6 -> 1 [slot=0-0, slots=1]; LP#589: 5 -> 1 [slot=0-0, slots=1] | IP 0->3 maps OPT 1->9: LP#286: 1 -> 6 -> 3 -> 7 -> 5 -> 9 [slot=15-15, slots=1]; LP#346: 1 -> 6 -> 9 [slot=2-2, slots=1]; LP#400: 1 -> 5 -> 9 [slot=9-9, slots=1] | IP 3->2 maps OPT 9->4: LP#124: 9 -> 6 -> 1 -> 8 -> 7 -> 2 -> 4 [slot=19-19, slots=1]; LP#193: 9 -> 6 -> 2 -> 7 -> 8 -> 4 [slot=27-27, slots=1]; LP#269: 9 -> 6 -> 2 -> 7 -> 8 -> 4 [slot=10-10, slots=1]; LP#511: 9 -> 6 -> 1 -> 8 -> 4 [slot=16-16, slots=1]; LP#610: 9 -> 6 -> 1 -> 8 -> 4 [slot=20-20, slots=1]; LP#643: 9 -> 5 -> 1 -> 8 -> 7 -> 2 -> 4 [slot=13-13, slots=1]"
50,50042,best,d33,68,1,4,0,6,1 -> 3 -> 0 -> 4,0 -> 9 -> 1 -> 6,"IP 1->3 maps OPT 0->9: LP#378: 0 -> 4 -> 2 -> 7 -> 3 -> 6 -> 9 [slot=6-6, slots=1]; LP#456: 0 -> 4 -> 8 -> 7 -> 5 -> 9 [slot=12-12, slots=1]; LP#475: 0 -> 4 -> 2 -> 7 -> 8 -> 1 -> 5 -> 9 [slot=24-24, slots=1]; LP#520: 0 -> 4 -> 2 -> 7 -> 8 -> 1 -> 6 -> 9 [slot=21-21, slots=1]; LP#617: 0 -> 4 -> 2 -> 7 -> 8 -> 1 -> 5 -> 9 [slot=22-22, slots=1]; LP#618: 0 -> 4 -> 2 -> 7 -> 5 -> 9 [slot=14-14, slots=1]; LP#625: 0 -> 4 -> 2 -> 6 -> 9 [slot=1-1, slots=1]; LP#632: 0 -> 4 -> 2 -> 7 -> 5 -> 9 [slot=16-16, slots=1]; LP#633: 0 -> 4 -> 2 -> 6 -> 9 [slot=13-13, slots=1] | IP 3->0 maps OPT 9->1: LP#460: 9 -> 6 -> 3 -> 7 -> 5 -> 1 [slot=7-7, slots=1]; LP#488: 9 -> 6 -> 2 -> 7 -> 8 -> 1 [slot=15-15, slots=1]; LP#513: 9 -> 6 -> 3 -> 7 -> 8 -> 1 [slot=3-3, slots=1]; LP#562: 9 -> 6 -> 1 [slot=6-6, slots=1]; LP#575: 9 -> 6 -> 3 -> 7 -> 8 -> 1 [slot=14-14, slots=1]; LP#603: 9 -> 6 -> 1 [slot=5-5, slots=1] | IP 0->4 maps OPT 1->6: LP#8: 1 -> 5 -> 7 -> 2 -> 6 [slot=4-4, slots=1]; LP#484: 1 -> 8 -> 7 -> 2 -> 6 [slot=0-0, slots=1]; LP#496: 1 -> 6 [slot=0-0, slots=1]"
50,50042,best,d34,93,2,0,4,1,2 -> 3 -> 0,4 -> 9 -> 1,"IP 2->3 maps OPT 4->9: LP#79: 4 -> 8 -> 1 -> 6 -> 9 [slot=11-11, slots=1]; LP#81: 4 -> 2 -> 7 -> 5 -> 9 [slot=17-17, slots=1]; LP#82: 4 -> 2 -> 6 -> 9 [slot=19-19, slots=1]; LP#83: 4 -> 2 -> 7 -> 8 -> 1 -> 5 -> 9 [slot=26-26, slots=1]; LP#84: 4 -> 8 -> 7 -> 2 -> 6 -> 9 [slot=20-20, slots=1]; LP#89: 4 -> 2 -> 6 -> 9 [slot=27-27, slots=1]; LP#90: 4 -> 8 -> 1 -> 6 -> 9 [slot=28-28, slots=1]; LP#186: 4 -> 2 -> 7 -> 5 -> 9 [slot=18-18, slots=1]; LP#302: 4 -> 8 -> 7 -> 2 -> 6 -> 9 [slot=15-15, slots=1]; LP#358: 4 -> 2 -> 7 -> 5 -> 9 [slot=20-20, slots=1]; LP#614: 4 -> 2 -> 6 -> 9 [slot=12-12, slots=1]; LP#629: 4 -> 2 -> 7 -> 5 -> 9 [slot=25-25, slots=1]; LP#636: 4 -> 2 -> 6 -> 9 [slot=29-29, slots=1] | IP 3->0 maps OPT 9->1: LP#460: 9 -> 6 -> 3 -> 7 -> 5 -> 1 [slot=7-7, slots=1]; LP#488: 9 -> 6 -> 2 -> 7 -> 8 -> 1 [slot=15-15, slots=1]; LP#513: 9 -> 6 -> 3 -> 7 -> 8 -> 1 [slot=3-3, slots=1]; LP#562: 9 -> 6 -> 1 [slot=6-6, slots=1]; LP#575: 9 -> 6 -> 3 -> 7 -> 8 -> 1 [slot=14-14, slots=1]; LP#603: 9 -> 6 -> 1 [slot=5-5, slots=1]"
50,50042,best,d35,22,3,4,9,6,3 -> 4,9 -> 6,"IP 3->4 maps OPT 9->6: LP#101: 9 -> 5 -> 7 -> 2 -> 6 [slot=30-30, slots=1]; LP#106: 9 -> 5 -> 7 -> 2 -> 6 [slot=33-33, slots=1]; LP#109: 9 -> 6 [slot=1-1, slots=1]; LP#111: 9 -> 5 -> 7 -> 2 -> 6 [slot=35-35, slots=1]; LP#175: 9 -> 5 -> 7 -> 8 -> 1 -> 6 [slot=29-29, slots=1]; LP#216: 9 -> 5 -> 7 -> 2 -> 6 [slot=32-32, slots=1]; LP#537: 9 -> 5 -> 1 -> 6 [slot=27-27, slots=1]; LP#586: 9 -> 5 -> 1 -> 8 -> 7 -> 2 -> 6 [slot=34-34, slots=1]"
50,50042,best,d36,99,5,0,5,1,5 -> 4 -> 0,5 -> 6 -> 1,"IP 5->4 maps OPT 5->6: LP#20: 5 -> 9 -> 6 [slot=4-4, slots=1]; LP#24: 5 -> 7 -> 8 -> 4 -> 2 -> 6 [slot=11-11, slots=1]; LP#308: 5 -> 1 -> 8 -> 7 -> 3 -> 6 [slot=4-4, slots=1]; LP#421: 5 -> 1 -> 8 -> 4 -> 2 -> 6 [slot=2-2, slots=1]; LP#462: 5 -> 7 -> 2 -> 6 [slot=5-5, slots=1]; LP#581: 5 -> 7 -> 2 -> 4 -> 8 -> 1 -> 6 [slot=8-8, slots=1]; LP#608: 5 -> 7 -> 8 -> 4 -> 2 -> 6 [slot=9-9, slots=1]; LP#635: 5 -> 1 -> 8 -> 7 -> 2 -> 6 [slot=6-6, slots=1] | IP 4->0 maps OPT 6->1: LP#522: 6 -> 9 -> 5 -> 7 -> 8 -> 1 [slot=17-17, slots=1]; LP#527: 6 -> 2 -> 7 -> 5 -> 1 [slot=8-8, slots=1]; LP#557: 6 -> 1 [slot=3-3, slots=1]; LP#559: 6 -> 2 -> 7 -> 8 -> 1 [slot=4-4, slots=1]; LP#574: 6 -> 3 -> 7 -> 5 -> 1 [slot=11-11, slots=1]; LP#598: 6 -> 3 -> 7 -> 5 -> 1 [slot=10-10, slots=1]; LP#627: 6 -> 9 -> 5 -> 7 -> 8 -> 1 [slot=18-18, slots=1]; LP#644: 6 -> 3 -> 7 -> 2 -> 4 -> 8 -> 1 [slot=9-9, slots=1]"
50,50042,best,d37,38,1,5,0,5,1 -> 3 -> 0 -> 5,0 -> 9 -> 1 -> 5,"IP 1->3 maps OPT 0->9: LP#378: 0 -> 4 -> 2 -> 7 -> 3 -> 6 -> 9 [slot=6-6, slots=1]; LP#456: 0 -> 4 -> 8 -> 7 -> 5 -> 9 [slot=12-12, slots=1]; LP#475: 0 -> 4 -> 2 -> 7 -> 8 -> 1 -> 5 -> 9 [slot=24-24, slots=1]; LP#520: 0 -> 4 -> 2 -> 7 -> 8 -> 1 -> 6 -> 9 [slot=21-21, slots=1]; LP#617: 0 -> 4 -> 2 -> 7 -> 8 -> 1 -> 5 -> 9 [slot=22-22, slots=1]; LP#618: 0 -> 4 -> 2 -> 7 -> 5 -> 9 [slot=14-14, slots=1]; LP#625: 0 -> 4 -> 2 -> 6 -> 9 [slot=1-1, slots=1]; LP#632: 0 -> 4 -> 2 -> 7 -> 5 -> 9 [slot=16-16, slots=1]; LP#633: 0 -> 4 -> 2 -> 6 -> 9 [slot=13-13, slots=1] | IP 3->0 maps OPT 9->1: LP#460: 9 -> 6 -> 3 -> 7 -> 5 -> 1 [slot=7-7, slots=1]; LP#488: 9 -> 6 -> 2 -> 7 -> 8 -> 1 [slot=15-15, slots=1]; LP#513: 9 -> 6 -> 3 -> 7 -> 8 -> 1 [slot=3-3, slots=1]; LP#562: 9 -> 6 -> 1 [slot=6-6, slots=1]; LP#575: 9 -> 6 -> 3 -> 7 -> 8 -> 1 [slot=14-14, slots=1]; LP#603: 9 -> 6 -> 1 [slot=5-5, slots=1] | IP 0->5 maps OPT 1->5: LP#49: 1 -> 8 -> 7 -> 3 -> 6 -> 9 -> 5 [slot=9-9, slots=1]; LP#342: 1 -> 8 -> 7 -> 3 -> 6 -> 9 -> 5 [slot=8-8, slots=1]; LP#466: 1 -> 8 -> 4 -> 2 -> 6 -> 9 -> 5 [slot=3-3, slots=1]; LP#642: 1 -> 5 [slot=0-0, slots=1]"
50,50042,best,d38,93,1,2,0,4,1 -> 3 -> 2,0 -> 9 -> 4,"IP 1->3 maps OPT 0->9: LP#378: 0 -> 4 -> 2 -> 7 -> 3 -> 6 -> 9 [slot=6-6, slots=1]; LP#456: 0 -> 4 -> 8 -> 7 -> 5 -> 9 [slot=12-12, slots=1]; LP#475: 0 -> 4 -> 2 -> 7 -> 8 -> 1 -> 5 -> 9 [slot=24-24, slots=1]; LP#520: 0 -> 4 -> 2 -> 7 -> 8 -> 1 -> 6 -> 9 [slot=21-21, slots=1]; LP#617: 0 -> 4 -> 2 -> 7 -> 8 -> 1 -> 5 -> 9 [slot=22-22, slots=1]; LP#618: 0 -> 4 -> 2 -> 7 -> 5 -> 9 [slot=14-14, slots=1]; LP#625: 0 -> 4 -> 2 -> 6 -> 9 [slot=1-1, slots=1]; LP#632: 0 -> 4 -> 2 -> 7 -> 5 -> 9 [slot=16-16, slots=1]; LP#633: 0 -> 4 -> 2 -> 6 -> 9 [slot=13-13, slots=1] | IP 3->2 maps OPT 9->4: LP#124: 9 -> 6 -> 1 -> 8 -> 7 -> 2 -> 4 [slot=19-19, slots=1]; LP#193: 9 -> 6 -> 2 -> 7 -> 8 -> 4 [slot=27-27, slots=1]; LP#269: 9 -> 6 -> 2 -> 7 -> 8 -> 4 [slot=10-10, slots=1]; LP#511: 9 -> 6 -> 1 -> 8 -> 4 [slot=16-16, slots=1]; LP#610: 9 -> 6 -> 1 -> 8 -> 4 [slot=20-20, slots=1]; LP#643: 9 -> 5 -> 1 -> 8 -> 7 -> 2 -> 4 [slot=13-13, slots=1]"
50,50042,best,d39,41,3,0,9,1,3 -> 1 -> 5 -> 0,9 -> 0 -> 5 -> 1,"IP 3->1 maps OPT 9->0: LP#465: 9 -> 5 -> 7 -> 2 -> 4 -> 0 [slot=23-23, slots=1]; LP#548: 9 -> 5 -> 1 -> 8 -> 4 -> 0 [slot=21-21, slots=1]; LP#590: 9 -> 5 -> 1 -> 6 -> 2 -> 4 -> 0 [slot=26-26, slots=1]; LP#609: 9 -> 6 -> 1 -> 8 -> 7 -> 2 -> 4 -> 0 [slot=11-11, slots=1]; LP#615: 9 -> 5 -> 7 -> 2 -> 4 -> 0 [slot=22-22, slots=1]; LP#620: 9 -> 6 -> 1 -> 8 -> 7 -> 2 -> 4 -> 0 [slot=18-18, slots=1]; LP#622: 9 -> 6 -> 2 -> 4 -> 0 [slot=2-2, slots=1] | IP 1->5 maps OPT 0->5: LP#92: 0 -> 4 -> 8 -> 1 -> 5 [slot=19-19, slots=1]; LP#93: 0 -> 4 -> 2 -> 7 -> 5 [slot=0-0, slots=1]; LP#94: 0 -> 4 -> 2 -> 6 -> 1 -> 5 [slot=28-28, slots=1]; LP#95: 0 -> 4 -> 2 -> 7 -> 8 -> 1 -> 5 [slot=30-30, slots=1]; LP#96: 0 -> 4 -> 8 -> 7 -> 5 [slot=2-2, slots=1]; LP#100: 0 -> 4 -> 2 -> 7 -> 3 -> 6 -> 1 -> 5 [slot=33-33, slots=1]; LP#403: 0 -> 4 -> 8 -> 1 -> 5 [slot=27-27, slots=1] | IP 5->0 maps OPT 5->1: LP#414: 5 -> 7 -> 2 -> 4 -> 8 -> 1 [slot=1-1, slots=1]; LP#545: 5 -> 9 -> 6 -> 3 -> 7 -> 8 -> 1 [slot=0-0, slots=1]; LP#588: 5 -> 7 -> 3 -> 6 -> 1 [slot=0-0, slots=1]; LP#589: 5 -> 1 [slot=0-0, slots=1]"
50,50042,best,d40,99,2,4,4,6,2 -> 3 -> 4,4 -> 9 -> 6,"IP 2->3 maps OPT 4->9: LP#79: 4 -> 8 -> 1 -> 6 -> 9 [slot=11-11, slots=1]; LP#81: 4 -> 2 -> 7 -> 5 -> 9 [slot=17-17, slots=1]; LP#82: 4 -> 2 -> 6 -> 9 [slot=19-19, slots=1]; LP#83: 4 -> 2 -> 7 -> 8 -> 1 -> 5 -> 9 [slot=26-26, slots=1]; LP#84: 4 -> 8 -> 7 -> 2 -> 6 -> 9 [slot=20-20, slots=1]; LP#89: 4 -> 2 -> 6 -> 9 [slot=27-27, slots=1]; LP#90: 4 -> 8 -> 1 -> 6 -> 9 [slot=28-28, slots=1]; LP#186: 4 -> 2 -> 7 -> 5 -> 9 [slot=18-18, slots=1]; LP#302: 4 -> 8 -> 7 -> 2 -> 6 -> 9 [slot=15-15, slots=1]; LP#358: 4 -> 2 -> 7 -> 5 -> 9 [slot=20-20, slots=1]; LP#614: 4 -> 2 -> 6 -> 9 [slot=12-12, slots=1]; LP#629: 4 -> 2 -> 7 -> 5 -> 9 [slot=25-25, slots=1]; LP#636: 4 -> 2 -> 6 -> 9 [slot=29-29, slots=1] | IP 3->4 maps OPT 9->6: LP#101: 9 -> 5 -> 7 -> 2 -> 6 [slot=30-30, slots=1]; LP#106: 9 -> 5 -> 7 -> 2 -> 6 [slot=33-33, slots=1]; LP#109: 9 -> 6 [slot=1-1, slots=1]; LP#111: 9 -> 5 -> 7 -> 2 -> 6 [slot=35-35, slots=1]; LP#175: 9 -> 5 -> 7 -> 8 -> 1 -> 6 [slot=29-29, slots=1]; LP#216: 9 -> 5 -> 7 -> 2 -> 6 [slot=32-32, slots=1]; LP#537: 9 -> 5 -> 1 -> 6 [slot=27-27, slots=1]; LP#586: 9 -> 5 -> 1 -> 8 -> 7 -> 2 -> 6 [slot=34-34, slots=1]"
50,50042,best,d41,50,2,5,4,5,2 -> 3 -> 0 -> 4 -> 5,4 -> 9 -> 1 -> 6 -> 5,"IP 2->3 maps OPT 4->9: LP#79: 4 -> 8 -> 1 -> 6 -> 9 [slot=11-11, slots=1]; LP#81: 4 -> 2 -> 7 -> 5 -> 9 [slot=17-17, slots=1]; LP#82: 4 -> 2 -> 6 -> 9 [slot=19-19, slots=1]; LP#83: 4 -> 2 -> 7 -> 8 -> 1 -> 5 -> 9 [slot=26-26, slots=1]; LP#84: 4 -> 8 -> 7 -> 2 -> 6 -> 9 [slot=20-20, slots=1]; LP#89: 4 -> 2 -> 6 -> 9 [slot=27-27, slots=1]; LP#90: 4 -> 8 -> 1 -> 6 -> 9 [slot=28-28, slots=1]; LP#186: 4 -> 2 -> 7 -> 5 -> 9 [slot=18-18, slots=1]; LP#302: 4 -> 8 -> 7 -> 2 -> 6 -> 9 [slot=15-15, slots=1]; LP#358: 4 -> 2 -> 7 -> 5 -> 9 [slot=20-20, slots=1]; LP#614: 4 -> 2 -> 6 -> 9 [slot=12-12, slots=1]; LP#629: 4 -> 2 -> 7 -> 5 -> 9 [slot=25-25, slots=1]; LP#636: 4 -> 2 -> 6 -> 9 [slot=29-29, slots=1] | IP 3->0 maps OPT 9->1: LP#460: 9 -> 6 -> 3 -> 7 -> 5 -> 1 [slot=7-7, slots=1]; LP#488: 9 -> 6 -> 2 -> 7 -> 8 -> 1 [slot=15-15, slots=1]; LP#513: 9 -> 6 -> 3 -> 7 -> 8 -> 1 [slot=3-3, slots=1]; LP#562: 9 -> 6 -> 1 [slot=6-6, slots=1]; LP#575: 9 -> 6 -> 3 -> 7 -> 8 -> 1 [slot=14-14, slots=1]; LP#603: 9 -> 6 -> 1 [slot=5-5, slots=1] | IP 0->4 maps OPT 1->6: LP#8: 1 -> 5 -> 7 -> 2 -> 6 [slot=4-4, slots=1]; LP#484: 1 -> 8 -> 7 -> 2 -> 6 [slot=0-0, slots=1]; LP#496: 1 -> 6 [slot=0-0, slots=1] | IP 4->5 maps OPT 6->5: LP#303: 6 -> 2 -> 4 -> 8 -> 7 -> 5 [slot=24-24, slots=1]; LP#430: 6 -> 2 -> 4 -> 8 -> 7 -> 5 [slot=29-29, slots=1]; LP#544: 6 -> 9 -> 5 [slot=4-4, slots=1]; LP#571: 6 -> 2 -> 4 -> 8 -> 7 -> 5 [slot=21-21, slots=1]"
50,50042,best,d42,87,1,0,0,1,1 -> 5 -> 4 -> 0,0 -> 5 -> 6 -> 1,"IP 1->5 maps OPT 0->5: LP#92: 0 -> 4 -> 8 -> 1 -> 5 [slot=19-19, slots=1]; LP#93: 0 -> 4 -> 2 -> 7 -> 5 [slot=0-0, slots=1]; LP#94: 0 -> 4 -> 2 -> 6 -> 1 -> 5 [slot=28-28, slots=1]; LP#95: 0 -> 4 -> 2 -> 7 -> 8 -> 1 -> 5 [slot=30-30, slots=1]; LP#96: 0 -> 4 -> 8 -> 7 -> 5 [slot=2-2, slots=1]; LP#100: 0 -> 4 -> 2 -> 7 -> 3 -> 6 -> 1 -> 5 [slot=33-33, slots=1]; LP#403: 0 -> 4 -> 8 -> 1 -> 5 [slot=27-27, slots=1] | IP 5->4 maps OPT 5->6: LP#20: 5 -> 9 -> 6 [slot=4-4, slots=1]; LP#24: 5 -> 7 -> 8 -> 4 -> 2 -> 6 [slot=11-11, slots=1]; LP#308: 5 -> 1 -> 8 -> 7 -> 3 -> 6 [slot=4-4, slots=1]; LP#421: 5 -> 1 -> 8 -> 4 -> 2 -> 6 [slot=2-2, slots=1]; LP#462: 5 -> 7 -> 2 -> 6 [slot=5-5, slots=1]; LP#581: 5 -> 7 -> 2 -> 4 -> 8 -> 1 -> 6 [slot=8-8, slots=1]; LP#608: 5 -> 7 -> 8 -> 4 -> 2 -> 6 [slot=9-9, slots=1]; LP#635: 5 -> 1 -> 8 -> 7 -> 2 -> 6 [slot=6-6, slots=1] | IP 4->0 maps OPT 6->1: LP#522: 6 -> 9 -> 5 -> 7 -> 8 -> 1 [slot=17-17, slots=1]; LP#527: 6 -> 2 -> 7 -> 5 -> 1 [slot=8-8, slots=1]; LP#557: 6 -> 1 [slot=3-3, slots=1]; LP#559: 6 -> 2 -> 7 -> 8 -> 1 [slot=4-4, slots=1]; LP#574: 6 -> 3 -> 7 -> 5 -> 1 [slot=11-11, slots=1]; LP#598: 6 -> 3 -> 7 -> 5 -> 1 [slot=10-10, slots=1]; LP#627: 6 -> 9 -> 5 -> 7 -> 8 -> 1 [slot=18-18, slots=1]; LP#644: 6 -> 3 -> 7 -> 2 -> 4 -> 8 -> 1 [slot=9-9, slots=1]"
50,50042,best,d43,60,5,0,5,1,5 -> 1 -> 3 -> 0,5 -> 0 -> 9 -> 1,"IP 5->1 maps OPT 5->0: LP#271: 5 -> 1 -> 6 -> 3 -> 7 -> 2 -> 4 -> 0 [slot=16-16, slots=1]; LP#363: 5 -> 1 -> 6 -> 3 -> 7 -> 2 -> 4 -> 0 [slot=12-12, slots=1]; LP#407: 5 -> 1 -> 8 -> 4 -> 0 [slot=15-15, slots=1]; LP#604: 5 -> 7 -> 2 -> 4 -> 0 [slot=14-14, slots=1]; LP#605: 5 -> 1 -> 6 -> 3 -> 7 -> 8 -> 4 -> 0 [slot=19-19, slots=1]; LP#634: 5 -> 1 -> 6 -> 2 -> 7 -> 8 -> 4 -> 0 [slot=1-1, slots=1]; LP#639: 5 -> 1 -> 8 -> 4 -> 0 [slot=17-17, slots=1] | IP 1->3 maps OPT 0->9: LP#378: 0 -> 4 -> 2 -> 7 -> 3 -> 6 -> 9 [slot=6-6, slots=1]; LP#456: 0 -> 4 -> 8 -> 7 -> 5 -> 9 [slot=12-12, slots=1]; LP#475: 0 -> 4 -> 2 -> 7 -> 8 -> 1 -> 5 -> 9 [slot=24-24, slots=1]; LP#520: 0 -> 4 -> 2 -> 7 -> 8 -> 1 -> 6 -> 9 [slot=21-21, slots=1]; LP#617: 0 -> 4 -> 2 -> 7 -> 8 -> 1 -> 5 -> 9 [slot=22-22, slots=1]; LP#618: 0 -> 4 -> 2 -> 7 -> 5 -> 9 [slot=14-14, slots=1]; LP#625: 0 -> 4 -> 2 -> 6 -> 9 [slot=1-1, slots=1]; LP#632: 0 -> 4 -> 2 -> 7 -> 5 -> 9 [slot=16-16, slots=1]; LP#633: 0 -> 4 -> 2 -> 6 -> 9 [slot=13-13, slots=1] | IP 3->0 maps OPT 9->1: LP#460: 9 -> 6 -> 3 -> 7 -> 5 -> 1 [slot=7-7, slots=1]; LP#488: 9 -> 6 -> 2 -> 7 -> 8 -> 1 [slot=15-15, slots=1]; LP#513: 9 -> 6 -> 3 -> 7 -> 8 -> 1 [slot=3-3, slots=1]; LP#562: 9 -> 6 -> 1 [slot=6-6, slots=1]; LP#575: 9 -> 6 -> 3 -> 7 -> 8 -> 1 [slot=14-14, slots=1]; LP#603: 9 -> 6 -> 1 [slot=5-5, slots=1]"
50,50042,best,d44,98,1,2,0,4,1 -> 3 -> 2,0 -> 9 -> 4,"IP 1->3 maps OPT 0->9: LP#378: 0 -> 4 -> 2 -> 7 -> 3 -> 6 -> 9 [slot=6-6, slots=1]; LP#456: 0 -> 4 -> 8 -> 7 -> 5 -> 9 [slot=12-12, slots=1]; LP#475: 0 -> 4 -> 2 -> 7 -> 8 -> 1 -> 5 -> 9 [slot=24-24, slots=1]; LP#520: 0 -> 4 -> 2 -> 7 -> 8 -> 1 -> 6 -> 9 [slot=21-21, slots=1]; LP#617: 0 -> 4 -> 2 -> 7 -> 8 -> 1 -> 5 -> 9 [slot=22-22, slots=1]; LP#618: 0 -> 4 -> 2 -> 7 -> 5 -> 9 [slot=14-14, slots=1]; LP#625: 0 -> 4 -> 2 -> 6 -> 9 [slot=1-1, slots=1]; LP#632: 0 -> 4 -> 2 -> 7 -> 5 -> 9 [slot=16-16, slots=1]; LP#633: 0 -> 4 -> 2 -> 6 -> 9 [slot=13-13, slots=1] | IP 3->2 maps OPT 9->4: LP#124: 9 -> 6 -> 1 -> 8 -> 7 -> 2 -> 4 [slot=19-19, slots=1]; LP#193: 9 -> 6 -> 2 -> 7 -> 8 -> 4 [slot=27-27, slots=1]; LP#269: 9 -> 6 -> 2 -> 7 -> 8 -> 4 [slot=10-10, slots=1]; LP#511: 9 -> 6 -> 1 -> 8 -> 4 [slot=16-16, slots=1]; LP#610: 9 -> 6 -> 1 -> 8 -> 4 [slot=20-20, slots=1]; LP#643: 9 -> 5 -> 1 -> 8 -> 7 -> 2 -> 4 [slot=13-13, slots=1]"
50,50042,best,d45,58,0,1,1,0,0 -> 5 -> 1,1 -> 5 -> 0,"IP 0->5 maps OPT 1->5: LP#49: 1 -> 8 -> 7 -> 3 -> 6 -> 9 -> 5 [slot=9-9, slots=1]; LP#342: 1 -> 8 -> 7 -> 3 -> 6 -> 9 -> 5 [slot=8-8, slots=1]; LP#466: 1 -> 8 -> 4 -> 2 -> 6 -> 9 -> 5 [slot=3-3, slots=1]; LP#642: 1 -> 5 [slot=0-0, slots=1] | IP 5->1 maps OPT 5->0: LP#271: 5 -> 1 -> 6 -> 3 -> 7 -> 2 -> 4 -> 0 [slot=16-16, slots=1]; LP#363: 5 -> 1 -> 6 -> 3 -> 7 -> 2 -> 4 -> 0 [slot=12-12, slots=1]; LP#407: 5 -> 1 -> 8 -> 4 -> 0 [slot=15-15, slots=1]; LP#604: 5 -> 7 -> 2 -> 4 -> 0 [slot=14-14, slots=1]; LP#605: 5 -> 1 -> 6 -> 3 -> 7 -> 8 -> 4 -> 0 [slot=19-19, slots=1]; LP#634: 5 -> 1 -> 6 -> 2 -> 7 -> 8 -> 4 -> 0 [slot=1-1, slots=1]; LP#639: 5 -> 1 -> 8 -> 4 -> 0 [slot=17-17, slots=1]"
50,50042,best,d46,84,4,1,6,0,4 -> 5 -> 1,6 -> 5 -> 0,"IP 4->5 maps OPT 6->5: LP#303: 6 -> 2 -> 4 -> 8 -> 7 -> 5 [slot=24-24, slots=1]; LP#430: 6 -> 2 -> 4 -> 8 -> 7 -> 5 [slot=29-29, slots=1]; LP#544: 6 -> 9 -> 5 [slot=4-4, slots=1]; LP#571: 6 -> 2 -> 4 -> 8 -> 7 -> 5 [slot=21-21, slots=1] | IP 5->1 maps OPT 5->0: LP#271: 5 -> 1 -> 6 -> 3 -> 7 -> 2 -> 4 -> 0 [slot=16-16, slots=1]; LP#363: 5 -> 1 -> 6 -> 3 -> 7 -> 2 -> 4 -> 0 [slot=12-12, slots=1]; LP#407: 5 -> 1 -> 8 -> 4 -> 0 [slot=15-15, slots=1]; LP#604: 5 -> 7 -> 2 -> 4 -> 0 [slot=14-14, slots=1]; LP#605: 5 -> 1 -> 6 -> 3 -> 7 -> 8 -> 4 -> 0 [slot=19-19, slots=1]; LP#634: 5 -> 1 -> 6 -> 2 -> 7 -> 8 -> 4 -> 0 [slot=1-1, slots=1]; LP#639: 5 -> 1 -> 8 -> 4 -> 0 [slot=17-17, slots=1]"
50,50042,best,d47,45,1,5,0,5,1 -> 5,0 -> 5,"IP 1->5 maps OPT 0->5: LP#92: 0 -> 4 -> 8 -> 1 -> 5 [slot=19-19, slots=1]; LP#93: 0 -> 4 -> 2 -> 7 -> 5 [slot=0-0, slots=1]; LP#94: 0 -> 4 -> 2 -> 6 -> 1 -> 5 [slot=28-28, slots=1]; LP#95: 0 -> 4 -> 2 -> 7 -> 8 -> 1 -> 5 [slot=30-30, slots=1]; LP#96: 0 -> 4 -> 8 -> 7 -> 5 [slot=2-2, slots=1]; LP#100: 0 -> 4 -> 2 -> 7 -> 3 -> 6 -> 1 -> 5 [slot=33-33, slots=1]; LP#403: 0 -> 4 -> 8 -> 1 -> 5 [slot=27-27, slots=1]"
50,50042,best,d48,92,2,1,4,0,2 -> 3 -> 1,4 -> 9 -> 0,"IP 2->3 maps OPT 4->9: LP#79: 4 -> 8 -> 1 -> 6 -> 9 [slot=11-11, slots=1]; LP#81: 4 -> 2 -> 7 -> 5 -> 9 [slot=17-17, slots=1]; LP#82: 4 -> 2 -> 6 -> 9 [slot=19-19, slots=1]; LP#83: 4 -> 2 -> 7 -> 8 -> 1 -> 5 -> 9 [slot=26-26, slots=1]; LP#84: 4 -> 8 -> 7 -> 2 -> 6 -> 9 [slot=20-20, slots=1]; LP#89: 4 -> 2 -> 6 -> 9 [slot=27-27, slots=1]; LP#90: 4 -> 8 -> 1 -> 6 -> 9 [slot=28-28, slots=1]; LP#186: 4 -> 2 -> 7 -> 5 -> 9 [slot=18-18, slots=1]; LP#302: 4 -> 8 -> 7 -> 2 -> 6 -> 9 [slot=15-15, slots=1]; LP#358: 4 -> 2 -> 7 -> 5 -> 9 [slot=20-20, slots=1]; LP#614: 4 -> 2 -> 6 -> 9 [slot=12-12, slots=1]; LP#629: 4 -> 2 -> 7 -> 5 -> 9 [slot=25-25, slots=1]; LP#636: 4 -> 2 -> 6 -> 9 [slot=29-29, slots=1] | IP 3->1 maps OPT 9->0: LP#465: 9 -> 5 -> 7 -> 2 -> 4 -> 0 [slot=23-23, slots=1]; LP#548: 9 -> 5 -> 1 -> 8 -> 4 -> 0 [slot=21-21, slots=1]; LP#590: 9 -> 5 -> 1 -> 6 -> 2 -> 4 -> 0 [slot=26-26, slots=1]; LP#609: 9 -> 6 -> 1 -> 8 -> 7 -> 2 -> 4 -> 0 [slot=11-11, slots=1]; LP#615: 9 -> 5 -> 7 -> 2 -> 4 -> 0 [slot=22-22, slots=1]; LP#620: 9 -> 6 -> 1 -> 8 -> 7 -> 2 -> 4 -> 0 [slot=18-18, slots=1]; LP#622: 9 -> 6 -> 2 -> 4 -> 0 [slot=2-2, slots=1]"
50,50042,best,d49,43,2,4,4,6,2 -> 3 -> 1 -> 5 -> 4,4 -> 9 -> 0 -> 5 -> 6,"IP 2->3 maps OPT 4->9: LP#79: 4 -> 8 -> 1 -> 6 -> 9 [slot=11-11, slots=1]; LP#81: 4 -> 2 -> 7 -> 5 -> 9 [slot=17-17, slots=1]; LP#82: 4 -> 2 -> 6 -> 9 [slot=19-19, slots=1]; LP#83: 4 -> 2 -> 7 -> 8 -> 1 -> 5 -> 9 [slot=26-26, slots=1]; LP#84: 4 -> 8 -> 7 -> 2 -> 6 -> 9 [slot=20-20, slots=1]; LP#89: 4 -> 2 -> 6 -> 9 [slot=27-27, slots=1]; LP#90: 4 -> 8 -> 1 -> 6 -> 9 [slot=28-28, slots=1]; LP#186: 4 -> 2 -> 7 -> 5 -> 9 [slot=18-18, slots=1]; LP#302: 4 -> 8 -> 7 -> 2 -> 6 -> 9 [slot=15-15, slots=1]; LP#358: 4 -> 2 -> 7 -> 5 -> 9 [slot=20-20, slots=1]; LP#614: 4 -> 2 -> 6 -> 9 [slot=12-12, slots=1]; LP#629: 4 -> 2 -> 7 -> 5 -> 9 [slot=25-25, slots=1]; LP#636: 4 -> 2 -> 6 -> 9 [slot=29-29, slots=1] | IP 3->1 maps OPT 9->0: LP#465: 9 -> 5 -> 7 -> 2 -> 4 -> 0 [slot=23-23, slots=1]; LP#548: 9 -> 5 -> 1 -> 8 -> 4 -> 0 [slot=21-21, slots=1]; LP#590: 9 -> 5 -> 1 -> 6 -> 2 -> 4 -> 0 [slot=26-26, slots=1]; LP#609: 9 -> 6 -> 1 -> 8 -> 7 -> 2 -> 4 -> 0 [slot=11-11, slots=1]; LP#615: 9 -> 5 -> 7 -> 2 -> 4 -> 0 [slot=22-22, slots=1]; LP#620: 9 -> 6 -> 1 -> 8 -> 7 -> 2 -> 4 -> 0 [slot=18-18, slots=1]; LP#622: 9 -> 6 -> 2 -> 4 -> 0 [slot=2-2, slots=1] | IP 1->5 maps OPT 0->5: LP#92: 0 -> 4 -> 8 -> 1 -> 5 [slot=19-19, slots=1]; LP#93: 0 -> 4 -> 2 -> 7 -> 5 [slot=0-0, slots=1]; LP#94: 0 -> 4 -> 2 -> 6 -> 1 -> 5 [slot=28-28, slots=1]; LP#95: 0 -> 4 -> 2 -> 7 -> 8 -> 1 -> 5 [slot=30-30, slots=1]; LP#96: 0 -> 4 -> 8 -> 7 -> 5 [slot=2-2, slots=1]; LP#100: 0 -> 4 -> 2 -> 7 -> 3 -> 6 -> 1 -> 5 [slot=33-33, slots=1]; LP#403: 0 -> 4 -> 8 -> 1 -> 5 [slot=27-27, slots=1] | IP 5->4 maps OPT 5->6: LP#20: 5 -> 9 -> 6 [slot=4-4, slots=1]; LP#24: 5 -> 7 -> 8 -> 4 -> 2 -> 6 [slot=11-11, slots=1]; LP#308: 5 -> 1 -> 8 -> 7 -> 3 -> 6 [slot=4-4, slots=1]; LP#421: 5 -> 1 -> 8 -> 4 -> 2 -> 6 [slot=2-2, slots=1]; LP#462: 5 -> 7 -> 2 -> 6 [slot=5-5, slots=1]; LP#581: 5 -> 7 -> 2 -> 4 -> 8 -> 1 -> 6 [slot=8-8, slots=1]; LP#608: 5 -> 7 -> 8 -> 4 -> 2 -> 6 [slot=9-9, slots=1]; LP#635: 5 -> 1 -> 8 -> 7 -> 2 -> 6 [slot=6-6, slots=1]"
50,50042,lns,d0,25,5,3,5,9,5 -> 0 -> 4 -> 3,5 -> 1 -> 6 -> 9,"IP 5->0 maps OPT 5->1: LP#0: 5 -> 1 [slot=0-0, slots=1]; LP#2: 5 -> 7 -> 3 -> 6 -> 1 [slot=0-0, slots=1]; LP#3: 5 -> 7 -> 2 -> 4 -> 8 -> 1 [slot=1-1, slots=1]; LP#4: 5 -> 7 -> 8 -> 1 [slot=2-2, slots=1]; LP#130: 5 -> 1 [slot=3-3, slots=1] | IP 0->4 maps OPT 1->6: LP#5: 1 -> 6 [slot=0-0, slots=1] | IP 4->3 maps OPT 6->9: LP#9: 6 -> 2 -> 7 -> 8 -> 1 -> 5 -> 9 [slot=5-5, slots=1]; LP#10: 6 -> 1 -> 8 -> 7 -> 5 -> 9 [slot=1-1, slots=1]; LP#12: 6 -> 2 -> 7 -> 8 -> 1 -> 5 -> 9 [slot=7-7, slots=1]; LP#13: 6 -> 1 -> 5 -> 9 [slot=2-2, slots=1]; LP#14: 6 -> 1 -> 5 -> 9 [slot=8-8, slots=1]; LP#15: 6 -> 9 [slot=0-0, slots=1]"
50,50042,lns,d1,96,5,0,5,1,5 -> 0,5 -> 1,"IP 5->0 maps OPT 5->1: LP#0: 5 -> 1 [slot=0-0, slots=1]; LP#2: 5 -> 7 -> 3 -> 6 -> 1 [slot=0-0, slots=1]; LP#3: 5 -> 7 -> 2 -> 4 -> 8 -> 1 [slot=1-1, slots=1]; LP#4: 5 -> 7 -> 8 -> 1 [slot=2-2, slots=1]; LP#130: 5 -> 1 [slot=3-3, slots=1]"
50,50042,lns,d2,83,4,1,6,0,4 -> 0 -> 5 -> 1,6 -> 1 -> 5 -> 0,"IP 4->0 maps OPT 6->1: LP#35: 6 -> 2 -> 7 -> 5 -> 1 [slot=8-8, slots=1]; LP#39: 6 -> 1 [slot=3-3, slots=1]; LP#40: 6 -> 2 -> 7 -> 8 -> 1 [slot=4-4, slots=1]; LP#43: 6 -> 3 -> 7 -> 5 -> 1 [slot=11-11, slots=1] | IP 0->5 maps OPT 1->5: LP#44: 1 -> 5 [slot=0-0, slots=1]; LP#46: 1 -> 8 -> 7 -> 2 -> 6 -> 9 -> 5 [slot=7-7, slots=1]; LP#47: 1 -> 8 -> 7 -> 3 -> 6 -> 9 -> 5 [slot=8-8, slots=1]; LP#48: 1 -> 8 -> 4 -> 2 -> 6 -> 9 -> 5 [slot=3-3, slots=1]; LP#49: 1 -> 8 -> 7 -> 3 -> 6 -> 9 -> 5 [slot=9-9, slots=1] | IP 5->1 maps OPT 5->0: LP#50: 5 -> 7 -> 2 -> 4 -> 0 [slot=14-14, slots=1]; LP#51: 5 -> 1 -> 6 -> 2 -> 7 -> 8 -> 4 -> 0 [slot=1-1, slots=1]; LP#52: 5 -> 1 -> 8 -> 4 -> 0 [slot=13-13, slots=1]; LP#55: 5 -> 7 -> 8 -> 4 -> 0 [slot=20-20, slots=1]; LP#56: 5 -> 1 -> 8 -> 4 -> 0 [slot=15-15, slots=1]; LP#58: 5 -> 1 -> 8 -> 4 -> 0 [slot=17-17, slots=1]"
50,50042,lns,d3,63,1,0,0,1,1 -> 3 -> 0,0 -> 9 -> 1,"IP 1->3 maps OPT 0->9: LP#59: 0 -> 4 -> 2 -> 7 -> 8 -> 1 -> 6 -> 9 [slot=21-21, slots=1]; LP#60: 0 -> 4 -> 2 -> 7 -> 3 -> 6 -> 9 [slot=6-6, slots=1]; LP#61: 0 -> 4 -> 2 -> 7 -> 8 -> 1 -> 5 -> 9 [slot=22-22, slots=1]; LP#62: 0 -> 4 -> 2 -> 7 -> 8 -> 1 -> 6 -> 9 [slot=23-23, slots=1]; LP#63: 0 -> 4 -> 2 -> 7 -> 8 -> 1 -> 5 -> 9 [slot=24-24, slots=1]; LP#64: 0 -> 4 -> 2 -> 6 -> 9 [slot=1-1, slots=1]; LP#65: 0 -> 4 -> 2 -> 6 -> 1 -> 5 -> 9 [slot=10-10, slots=1]; LP#66: 0 -> 4 -> 2 -> 6 -> 9 [slot=13-13, slots=1]; LP#67: 0 -> 4 -> 2 -> 7 -> 5 -> 9 [slot=14-14, slots=1]; LP#68: 0 -> 4 -> 2 -> 7 -> 5 -> 9 [slot=16-16, slots=1]; LP#69: 0 -> 4 -> 8 -> 7 -> 5 -> 9 [slot=12-12, slots=1] | IP 3->0 maps OPT 9->1: LP#27: 9 -> 5 -> 7 -> 8 -> 1 [slot=13-13, slots=1]; LP#28: 9 -> 6 -> 3 -> 7 -> 8 -> 1 [slot=3-3, slots=1]; LP#29: 9 -> 6 -> 1 [slot=5-5, slots=1]; LP#30: 9 -> 6 -> 3 -> 7 -> 8 -> 1 [slot=14-14, slots=1]; LP#32: 9 -> 6 -> 1 [slot=6-6, slots=1]; LP#33: 9 -> 6 -> 2 -> 7 -> 8 -> 1 [slot=15-15, slots=1]; LP#34: 9 -> 5 -> 7 -> 8 -> 1 [slot=16-16, slots=1]"
50,50042,lns,d4,95,5,1,5,0,5 -> 4 -> 3 -> 1,5 -> 6 -> 9 -> 0,"IP 5->4 maps OPT 5->6: LP#17: 5 -> 7 -> 2 -> 6 [slot=5-5, slots=1]; LP#18: 5 -> 1 -> 8 -> 4 -> 2 -> 6 [slot=2-2, slots=1]; LP#20: 5 -> 9 -> 6 [slot=4-4, slots=1]; LP#21: 5 -> 1 -> 8 -> 7 -> 2 -> 6 [slot=6-6, slots=1]; LP#25: 5 -> 1 -> 8 -> 7 -> 3 -> 6 [slot=4-4, slots=1] | IP 4->3 maps OPT 6->9: LP#9: 6 -> 2 -> 7 -> 8 -> 1 -> 5 -> 9 [slot=5-5, slots=1]; LP#10: 6 -> 1 -> 8 -> 7 -> 5 -> 9 [slot=1-1, slots=1]; LP#12: 6 -> 2 -> 7 -> 8 -> 1 -> 5 -> 9 [slot=7-7, slots=1]; LP#13: 6 -> 1 -> 5 -> 9 [slot=2-2, slots=1]; LP#14: 6 -> 1 -> 5 -> 9 [slot=8-8, slots=1]; LP#15: 6 -> 9 [slot=0-0, slots=1] | IP 3->1 maps OPT 9->0: LP#70: 9 -> 5 -> 1 -> 8 -> 4 -> 0 [slot=21-21, slots=1]; LP#72: 9 -> 6 -> 2 -> 4 -> 0 [slot=2-2, slots=1]; LP#74: 9 -> 5 -> 7 -> 2 -> 4 -> 0 [slot=22-22, slots=1]; LP#75: 9 -> 5 -> 7 -> 2 -> 4 -> 0 [slot=23-23, slots=1]; LP#76: 9 -> 5 -> 1 -> 8 -> 4 -> 0 [slot=24-24, slots=1]; LP#77: 9 -> 5 -> 1 -> 6 -> 2 -> 4 -> 0 [slot=26-26, slots=1]"
50,50042,lns,d5,57,2,3,4,9,2 -> 3,4 -> 9,"IP 2->3 maps OPT 4->9: LP#79: 4 -> 8 -> 1 -> 6 -> 9 [slot=11-11, slots=1]; LP#80: 4 -> 8 -> 7 -> 2 -> 6 -> 9 [slot=15-15, slots=1]; LP#81: 4 -> 2 -> 7 -> 5 -> 9 [slot=17-17, slots=1]; LP#82: 4 -> 2 -> 6 -> 9 [slot=19-19, slots=1]; LP#83: 4 -> 2 -> 7 -> 8 -> 1 -> 5 -> 9 [slot=26-26, slots=1]; LP#84: 4 -> 8 -> 7 -> 2 -> 6 -> 9 [slot=20-20, slots=1]; LP#85: 4 -> 8 -> 1 -> 6 -> 9 [slot=25-25, slots=1]; LP#86: 4 -> 2 -> 7 -> 5 -> 9 [slot=18-18, slots=1]; LP#87: 4 -> 2 -> 6 -> 1 -> 5 -> 9 [slot=25-25, slots=1]; LP#88: 4 -> 2 -> 7 -> 5 -> 9 [slot=20-20, slots=1]; LP#89: 4 -> 2 -> 6 -> 9 [slot=27-27, slots=1]; LP#90: 4 -> 8 -> 1 -> 6 -> 9 [slot=28-28, slots=1]; LP#91: 4 -> 2 -> 6 -> 9 [slot=29-29, slots=1]"
50,50042,lns,d6,82,2,0,4,1,2 -> 3 -> 0,4 -> 9 -> 1,"IP 2->3 maps OPT 4->9: LP#79: 4 -> 8 -> 1 -> 6 -> 9 [slot=11-11, slots=1]; LP#80: 4 -> 8 -> 7 -> 2 -> 6 -> 9 [slot=15-15, slots=1]; LP#81: 4 -> 2 -> 7 -> 5 -> 9 [slot=17-17, slots=1]; LP#82: 4 -> 2 -> 6 -> 9 [slot=19-19, slots=1]; LP#83: 4 -> 2 -> 7 -> 8 -> 1 -> 5 -> 9 [slot=26-26, slots=1]; LP#84: 4 -> 8 -> 7 -> 2 -> 6 -> 9 [slot=20-20, slots=1]; LP#85: 4 -> 8 -> 1 -> 6 -> 9 [slot=25-25, slots=1]; LP#86: 4 -> 2 -> 7 -> 5 -> 9 [slot=18-18, slots=1]; LP#87: 4 -> 2 -> 6 -> 1 -> 5 -> 9 [slot=25-25, slots=1]; LP#88: 4 -> 2 -> 7 -> 5 -> 9 [slot=20-20, slots=1]; LP#89: 4 -> 2 -> 6 -> 9 [slot=27-27, slots=1]; LP#90: 4 -> 8 -> 1 -> 6 -> 9 [slot=28-28, slots=1]; LP#91: 4 -> 2 -> 6 -> 9 [slot=29-29, slots=1] | IP 3->0 maps OPT 9->1: LP#27: 9 -> 5 -> 7 -> 8 -> 1 [slot=13-13, slots=1]; LP#28: 9 -> 6 -> 3 -> 7 -> 8 -> 1 [slot=3-3, slots=1]; LP#29: 9 -> 6 -> 1 [slot=5-5, slots=1]; LP#30: 9 -> 6 -> 3 -> 7 -> 8 -> 1 [slot=14-14, slots=1]; LP#32: 9 -> 6 -> 1 [slot=6-6, slots=1]; LP#33: 9 -> 6 -> 2 -> 7 -> 8 -> 1 [slot=15-15, slots=1]; LP#34: 9 -> 5 -> 7 -> 8 -> 1 [slot=16-16, slots=1]"
50,50042,lns,d7,47,3,0,9,1,3 -> 4 -> 0,9 -> 6 -> 1,"IP 3->4 maps OPT 9->6: LP#101: 9 -> 5 -> 7 -> 2 -> 6 [slot=30-30, slots=1]; LP#102: 9 -> 5 -> 7 -> 2 -> 6 [slot=32-32, slots=1]; LP#104: 9 -> 5 -> 7 -> 8 -> 1 -> 6 [slot=29-29, slots=1]; LP#105: 9 -> 5 -> 1 -> 6 [slot=20-20, slots=1]; LP#106: 9 -> 5 -> 7 -> 2 -> 6 [slot=33-33, slots=1]; LP#107: 9 -> 5 -> 1 -> 8 -> 7 -> 2 -> 6 [slot=34-34, slots=1]; LP#108: 9 -> 5 -> 7 -> 3 -> 6 [slot=15-15, slots=1]; LP#109: 9 -> 6 [slot=1-1, slots=1]; LP#110: 9 -> 5 -> 1 -> 6 [slot=27-27, slots=1]; LP#111: 9 -> 5 -> 7 -> 2 -> 6 [slot=35-35, slots=1] | IP 4->0 maps OPT 6->1: LP#35: 6 -> 2 -> 7 -> 5 -> 1 [slot=8-8, slots=1]; LP#39: 6 -> 1 [slot=3-3, slots=1]; LP#40: 6 -> 2 -> 7 -> 8 -> 1 [slot=4-4, slots=1]; LP#43: 6 -> 3 -> 7 -> 5 -> 1 [slot=11-11, slots=1]"
50,50042,lns,d8,89,0,1,1,0,0 -> 3 -> 1,1 -> 9 -> 0,"IP 0->3 maps OPT 1->9: LP#113: 1 -> 6 -> 3 -> 7 -> 5 -> 9 [slot=15-15, slots=1]; LP#114: 1 -> 5 -> 9 [slot=9-9, slots=1]; LP#115: 1 -> 6 -> 9 [slot=2-2, slots=1] | IP 3->1 maps OPT 9->0: LP#70: 9 -> 5 -> 1 -> 8 -> 4 -> 0 [slot=21-21, slots=1]; LP#72: 9 -> 6 -> 2 -> 4 -> 0 [slot=2-2, slots=1]; LP#74: 9 -> 5 -> 7 -> 2 -> 4 -> 0 [slot=22-22, slots=1]; LP#75: 9 -> 5 -> 7 -> 2 -> 4 -> 0 [slot=23-23, slots=1]; LP#76: 9 -> 5 -> 1 -> 8 -> 4 -> 0 [slot=24-24, slots=1]; LP#77: 9 -> 5 -> 1 -> 6 -> 2 -> 4 -> 0 [slot=26-26, slots=1]"
50,50042,lns,d9,39,3,5,9,5,3 -> 1 -> 5,9 -> 0 -> 5,"IP 3->1 maps OPT 9->0: LP#70: 9 -> 5 -> 1 -> 8 -> 4 -> 0 [slot=21-21, slots=1]; LP#72: 9 -> 6 -> 2 -> 4 -> 0 [slot=2-2, slots=1]; LP#74: 9 -> 5 -> 7 -> 2 -> 4 -> 0 [slot=22-22, slots=1]; LP#75: 9 -> 5 -> 7 -> 2 -> 4 -> 0 [slot=23-23, slots=1]; LP#76: 9 -> 5 -> 1 -> 8 -> 4 -> 0 [slot=24-24, slots=1]; LP#77: 9 -> 5 -> 1 -> 6 -> 2 -> 4 -> 0 [slot=26-26, slots=1] | IP 1->5 maps OPT 0->5: LP#92: 0 -> 4 -> 8 -> 1 -> 5 [slot=19-19, slots=1]; LP#94: 0 -> 4 -> 2 -> 6 -> 1 -> 5 [slot=28-28, slots=1]; LP#97: 0 -> 4 -> 8 -> 1 -> 5 [slot=27-27, slots=1]"
50,50042,lns,d10,29,4,2,6,4,4 -> 5 -> 1 -> 3 -> 2,6 -> 5 -> 0 -> 9 -> 4,"IP 4->5 maps OPT 6->5: LP#116: 6 -> 2 -> 7 -> 5 [slot=9-9, slots=1]; LP#117: 6 -> 2 -> 4 -> 8 -> 1 -> 5 [slot=31-31, slots=1]; LP#120: 6 -> 2 -> 4 -> 8 -> 7 -> 5 [slot=29-29, slots=1]; LP#121: 6 -> 9 -> 5 [slot=4-4, slots=1]; LP#122: 6 -> 1 -> 8 -> 4 -> 2 -> 7 -> 5 [slot=35-35, slots=1] | IP 5->1 maps OPT 5->0: LP#50: 5 -> 7 -> 2 -> 4 -> 0 [slot=14-14, slots=1]; LP#51: 5 -> 1 -> 6 -> 2 -> 7 -> 8 -> 4 -> 0 [slot=1-1, slots=1]; LP#52: 5 -> 1 -> 8 -> 4 -> 0 [slot=13-13, slots=1]; LP#55: 5 -> 7 -> 8 -> 4 -> 0 [slot=20-20, slots=1]; LP#56: 5 -> 1 -> 8 -> 4 -> 0 [slot=15-15, slots=1]; LP#58: 5 -> 1 -> 8 -> 4 -> 0 [slot=17-17, slots=1] | IP 1->3 maps OPT 0->9: LP#59: 0 -> 4 -> 2 -> 7 -> 8 -> 1 -> 6 -> 9 [slot=21-21, slots=1]; LP#60: 0 -> 4 -> 2 -> 7 -> 3 -> 6 -> 9 [slot=6-6, slots=1]; LP#61: 0 -> 4 -> 2 -> 7 -> 8 -> 1 -> 5 -> 9 [slot=22-22, slots=1]; LP#62: 0 -> 4 -> 2 -> 7 -> 8 -> 1 -> 6 -> 9 [slot=23-23, slots=1]; LP#63: 0 -> 4 -> 2 -> 7 -> 8 -> 1 -> 5 -> 9 [slot=24-24, slots=1]; LP#64: 0 -> 4 -> 2 -> 6 -> 9 [slot=1-1, slots=1]; LP#65: 0 -> 4 -> 2 -> 6 -> 1 -> 5 -> 9 [slot=10-10, slots=1]; LP#66: 0 -> 4 -> 2 -> 6 -> 9 [slot=13-13, slots=1]; LP#67: 0 -> 4 -> 2 -> 7 -> 5 -> 9 [slot=14-14, slots=1]; LP#68: 0 -> 4 -> 2 -> 7 -> 5 -> 9 [slot=16-16, slots=1]; LP#69: 0 -> 4 -> 8 -> 7 -> 5 -> 9 [slot=12-12, slots=1] | IP 3->2 maps OPT 9->4: LP#123: 9 -> 6 -> 2 -> 7 -> 8 -> 4 [slot=10-10, slots=1]; LP#124: 9 -> 6 -> 1 -> 8 -> 7 -> 2 -> 4 [slot=19-19, slots=1]; LP#125: 9 -> 5 -> 1 -> 6 -> 2 -> 4 [slot=36-36, slots=1]; LP#126: 9 -> 6 -> 2 -> 7 -> 8 -> 4 [slot=27-27, slots=1]; LP#127: 9 -> 6 -> 1 -> 8 -> 7 -> 2 -> 4 [slot=37-37, slots=1]; LP#128: 9 -> 6 -> 1 -> 8 -> 4 [slot=16-16, slots=1]"
50,50042,lns,d11,33,3,0,9,1,3 -> 1 -> 5 -> 0,9 -> 0 -> 5 -> 1,"IP 3->1 maps OPT 9->0: LP#70: 9 -> 5 -> 1 -> 8 -> 4 -> 0 [slot=21-21, slots=1]; LP#72: 9 -> 6 -> 2 -> 4 -> 0 [slot=2-2, slots=1]; LP#74: 9 -> 5 -> 7 -> 2 -> 4 -> 0 [slot=22-22, slots=1]; LP#75: 9 -> 5 -> 7 -> 2 -> 4 -> 0 [slot=23-23, slots=1]; LP#76: 9 -> 5 -> 1 -> 8 -> 4 -> 0 [slot=24-24, slots=1]; LP#77: 9 -> 5 -> 1 -> 6 -> 2 -> 4 -> 0 [slot=26-26, slots=1] | IP 1->5 maps OPT 0->5: LP#92: 0 -> 4 -> 8 -> 1 -> 5 [slot=19-19, slots=1]; LP#94: 0 -> 4 -> 2 -> 6 -> 1 -> 5 [slot=28-28, slots=1]; LP#97: 0 -> 4 -> 8 -> 1 -> 5 [slot=27-27, slots=1] | IP 5->0 maps OPT 5->1: LP#0: 5 -> 1 [slot=0-0, slots=1]; LP#2: 5 -> 7 -> 3 -> 6 -> 1 [slot=0-0, slots=1]; LP#3: 5 -> 7 -> 2 -> 4 -> 8 -> 1 [slot=1-1, slots=1]; LP#4: 5 -> 7 -> 8 -> 1 [slot=2-2, slots=1]; LP#130: 5 -> 1 [slot=3-3, slots=1]"
50,50042,lns,d12,37,4,0,6,1,4 -> 5 -> 1 -> 3 -> 0,6 -> 5 -> 0 -> 9 -> 1,"IP 4->5 maps OPT 6->5: LP#116: 6 -> 2 -> 7 -> 5 [slot=9-9, slots=1]; LP#117: 6 -> 2 -> 4 -> 8 -> 1 -> 5 [slot=31-31, slots=1]; LP#120: 6 -> 2 -> 4 -> 8 -> 7 -> 5 [slot=29-29, slots=1]; LP#121: 6 -> 9 -> 5 [slot=4-4, slots=1]; LP#122: 6 -> 1 -> 8 -> 4 -> 2 -> 7 -> 5 [slot=35-35, slots=1] | IP 5->1 maps OPT 5->0: LP#50: 5 -> 7 -> 2 -> 4 -> 0 [slot=14-14, slots=1]; LP#51: 5 -> 1 -> 6 -> 2 -> 7 -> 8 -> 4 -> 0 [slot=1-1, slots=1]; LP#52: 5 -> 1 -> 8 -> 4 -> 0 [slot=13-13, slots=1]; LP#55: 5 -> 7 -> 8 -> 4 -> 0 [slot=20-20, slots=1]; LP#56: 5 -> 1 -> 8 -> 4 -> 0 [slot=15-15, slots=1]; LP#58: 5 -> 1 -> 8 -> 4 -> 0 [slot=17-17, slots=1] | IP 1->3 maps OPT 0->9: LP#59: 0 -> 4 -> 2 -> 7 -> 8 -> 1 -> 6 -> 9 [slot=21-21, slots=1]; LP#60: 0 -> 4 -> 2 -> 7 -> 3 -> 6 -> 9 [slot=6-6, slots=1]; LP#61: 0 -> 4 -> 2 -> 7 -> 8 -> 1 -> 5 -> 9 [slot=22-22, slots=1]; LP#62: 0 -> 4 -> 2 -> 7 -> 8 -> 1 -> 6 -> 9 [slot=23-23, slots=1]; LP#63: 0 -> 4 -> 2 -> 7 -> 8 -> 1 -> 5 -> 9 [slot=24-24, slots=1]; LP#64: 0 -> 4 -> 2 -> 6 -> 9 [slot=1-1, slots=1]; LP#65: 0 -> 4 -> 2 -> 6 -> 1 -> 5 -> 9 [slot=10-10, slots=1]; LP#66: 0 -> 4 -> 2 -> 6 -> 9 [slot=13-13, slots=1]; LP#67: 0 -> 4 -> 2 -> 7 -> 5 -> 9 [slot=14-14, slots=1]; LP#68: 0 -> 4 -> 2 -> 7 -> 5 -> 9 [slot=16-16, slots=1]; LP#69: 0 -> 4 -> 8 -> 7 -> 5 -> 9 [slot=12-12, slots=1] | IP 3->0 maps OPT 9->1: LP#27: 9 -> 5 -> 7 -> 8 -> 1 [slot=13-13, slots=1]; LP#28: 9 -> 6 -> 3 -> 7 -> 8 -> 1 [slot=3-3, slots=1]; LP#29: 9 -> 6 -> 1 [slot=5-5, slots=1]; LP#30: 9 -> 6 -> 3 -> 7 -> 8 -> 1 [slot=14-14, slots=1]; LP#32: 9 -> 6 -> 1 [slot=6-6, slots=1]; LP#33: 9 -> 6 -> 2 -> 7 -> 8 -> 1 [slot=15-15, slots=1]; LP#34: 9 -> 5 -> 7 -> 8 -> 1 [slot=16-16, slots=1]"
50,50042,lns,d13,91,1,3,0,9,1 -> 3,0 -> 9,"IP 1->3 maps OPT 0->9: LP#59: 0 -> 4 -> 2 -> 7 -> 8 -> 1 -> 6 -> 9 [slot=21-21, slots=1]; LP#60: 0 -> 4 -> 2 -> 7 -> 3 -> 6 -> 9 [slot=6-6, slots=1]; LP#61: 0 -> 4 -> 2 -> 7 -> 8 -> 1 -> 5 -> 9 [slot=22-22, slots=1]; LP#62: 0 -> 4 -> 2 -> 7 -> 8 -> 1 -> 6 -> 9 [slot=23-23, slots=1]; LP#63: 0 -> 4 -> 2 -> 7 -> 8 -> 1 -> 5 -> 9 [slot=24-24, slots=1]; LP#64: 0 -> 4 -> 2 -> 6 -> 9 [slot=1-1, slots=1]; LP#65: 0 -> 4 -> 2 -> 6 -> 1 -> 5 -> 9 [slot=10-10, slots=1]; LP#66: 0 -> 4 -> 2 -> 6 -> 9 [slot=13-13, slots=1]; LP#67: 0 -> 4 -> 2 -> 7 -> 5 -> 9 [slot=14-14, slots=1]; LP#68: 0 -> 4 -> 2 -> 7 -> 5 -> 9 [slot=16-16, slots=1]; LP#69: 0 -> 4 -> 8 -> 7 -> 5 -> 9 [slot=12-12, slots=1]"
50,50042,lns,d14,95,2,4,4,6,2 -> 3 -> 4,4 -> 9 -> 6,"IP 2->3 maps OPT 4->9: LP#79: 4 -> 8 -> 1 -> 6 -> 9 [slot=11-11, slots=1]; LP#80: 4 -> 8 -> 7 -> 2 -> 6 -> 9 [slot=15-15, slots=1]; LP#81: 4 -> 2 -> 7 -> 5 -> 9 [slot=17-17, slots=1]; LP#82: 4 -> 2 -> 6 -> 9 [slot=19-19, slots=1]; LP#83: 4 -> 2 -> 7 -> 8 -> 1 -> 5 -> 9 [slot=26-26, slots=1]; LP#84: 4 -> 8 -> 7 -> 2 -> 6 -> 9 [slot=20-20, slots=1]; LP#85: 4 -> 8 -> 1 -> 6 -> 9 [slot=25-25, slots=1]; LP#86: 4 -> 2 -> 7 -> 5 -> 9 [slot=18-18, slots=1]; LP#87: 4 -> 2 -> 6 -> 1 -> 5 -> 9 [slot=25-25, slots=1]; LP#88: 4 -> 2 -> 7 -> 5 -> 9 [slot=20-20, slots=1]; LP#89: 4 -> 2 -> 6 -> 9 [slot=27-27, slots=1]; LP#90: 4 -> 8 -> 1 -> 6 -> 9 [slot=28-28, slots=1]; LP#91: 4 -> 2 -> 6 -> 9 [slot=29-29, slots=1] | IP 3->4 maps OPT 9->6: LP#101: 9 -> 5 -> 7 -> 2 -> 6 [slot=30-30, slots=1]; LP#102: 9 -> 5 -> 7 -> 2 -> 6 [slot=32-32, slots=1]; LP#104: 9 -> 5 -> 7 -> 8 -> 1 -> 6 [slot=29-29, slots=1]; LP#105: 9 -> 5 -> 1 -> 6 [slot=20-20, slots=1]; LP#106: 9 -> 5 -> 7 -> 2 -> 6 [slot=33-33, slots=1]; LP#107: 9 -> 5 -> 1 -> 8 -> 7 -> 2 -> 6 [slot=34-34, slots=1]; LP#108: 9 -> 5 -> 7 -> 3 -> 6 [slot=15-15, slots=1]; LP#109: 9 -> 6 [slot=1-1, slots=1]; LP#110: 9 -> 5 -> 1 -> 6 [slot=27-27, slots=1]; LP#111: 9 -> 5 -> 7 -> 2 -> 6 [slot=35-35, slots=1]"
50,50042,lns,d15,48,2,3,4,9,2 -> 3,4 -> 9,"IP 2->3 maps OPT 4->9: LP#79: 4 -> 8 -> 1 -> 6 -> 9 [slot=11-11, slots=1]; LP#80: 4 -> 8 -> 7 -> 2 -> 6 -> 9 [slot=15-15, slots=1]; LP#81: 4 -> 2 -> 7 -> 5 -> 9 [slot=17-17, slots=1]; LP#82: 4 -> 2 -> 6 -> 9 [slot=19-19, slots=1]; LP#83: 4 -> 2 -> 7 -> 8 -> 1 -> 5 -> 9 [slot=26-26, slots=1]; LP#84: 4 -> 8 -> 7 -> 2 -> 6 -> 9 [slot=20-20, slots=1]; LP#85: 4 -> 8 -> 1 -> 6 -> 9 [slot=25-25, slots=1]; LP#86: 4 -> 2 -> 7 -> 5 -> 9 [slot=18-18, slots=1]; LP#87: 4 -> 2 -> 6 -> 1 -> 5 -> 9 [slot=25-25, slots=1]; LP#88: 4 -> 2 -> 7 -> 5 -> 9 [slot=20-20, slots=1]; LP#89: 4 -> 2 -> 6 -> 9 [slot=27-27, slots=1]; LP#90: 4 -> 8 -> 1 -> 6 -> 9 [slot=28-28, slots=1]; LP#91: 4 -> 2 -> 6 -> 9 [slot=29-29, slots=1]"
50,50042,lns,d16,77,4,3,6,9,4 -> 3,6 -> 9,"IP 4->3 maps OPT 6->9: LP#9: 6 -> 2 -> 7 -> 8 -> 1 -> 5 -> 9 [slot=5-5, slots=1]; LP#10: 6 -> 1 -> 8 -> 7 -> 5 -> 9 [slot=1-1, slots=1]; LP#12: 6 -> 2 -> 7 -> 8 -> 1 -> 5 -> 9 [slot=7-7, slots=1]; LP#13: 6 -> 1 -> 5 -> 9 [slot=2-2, slots=1]; LP#14: 6 -> 1 -> 5 -> 9 [slot=8-8, slots=1]; LP#15: 6 -> 9 [slot=0-0, slots=1]"
50,50042,lns,d17,39,4,5,6,5,4 -> 5,6 -> 5,"IP 4->5 maps OPT 6->5: LP#116: 6 -> 2 -> 7 -> 5 [slot=9-9, slots=1]; LP#117: 6 -> 2 -> 4 -> 8 -> 1 -> 5 [slot=31-31, slots=1]; LP#120: 6 -> 2 -> 4 -> 8 -> 7 -> 5 [slot=29-29, slots=1]; LP#121: 6 -> 9 -> 5 [slot=4-4, slots=1]; LP#122: 6 -> 1 -> 8 -> 4 -> 2 -> 7 -> 5 [slot=35-35, slots=1]"
50,50042,lns,d18,73,2,3,4,9,2 -> 3,4 -> 9,"IP 2->3 maps OPT 4->9: LP#79: 4 -> 8 -> 1 -> 6 -> 9 [slot=11-11, slots=1]; LP#80: 4 -> 8 -> 7 -> 2 -> 6 -> 9 [slot=15-15, slots=1]; LP#81: 4 -> 2 -> 7 -> 5 -> 9 [slot=17-17, slots=1]; LP#82: 4 -> 2 -> 6 -> 9 [slot=19-19, slots=1]; LP#83: 4 -> 2 -> 7 -> 8 -> 1 -> 5 -> 9 [slot=26-26, slots=1]; LP#84: 4 -> 8 -> 7 -> 2 -> 6 -> 9 [slot=20-20, slots=1]; LP#85: 4 -> 8 -> 1 -> 6 -> 9 [slot=25-25, slots=1]; LP#86: 4 -> 2 -> 7 -> 5 -> 9 [slot=18-18, slots=1]; LP#87: 4 -> 2 -> 6 -> 1 -> 5 -> 9 [slot=25-25, slots=1]; LP#88: 4 -> 2 -> 7 -> 5 -> 9 [slot=20-20, slots=1]; LP#89: 4 -> 2 -> 6 -> 9 [slot=27-27, slots=1]; LP#90: 4 -> 8 -> 1 -> 6 -> 9 [slot=28-28, slots=1]; LP#91: 4 -> 2 -> 6 -> 9 [slot=29-29, slots=1]"
50,50042,lns,d19,44,5,3,5,9,5 -> 1 -> 3,5 -> 0 -> 9,"IP 5->1 maps OPT 5->0: LP#50: 5 -> 7 -> 2 -> 4 -> 0 [slot=14-14, slots=1]; LP#51: 5 -> 1 -> 6 -> 2 -> 7 -> 8 -> 4 -> 0 [slot=1-1, slots=1]; LP#52: 5 -> 1 -> 8 -> 4 -> 0 [slot=13-13, slots=1]; LP#55: 5 -> 7 -> 8 -> 4 -> 0 [slot=20-20, slots=1]; LP#56: 5 -> 1 -> 8 -> 4 -> 0 [slot=15-15, slots=1]; LP#58: 5 -> 1 -> 8 -> 4 -> 0 [slot=17-17, slots=1] | IP 1->3 maps OPT 0->9: LP#59: 0 -> 4 -> 2 -> 7 -> 8 -> 1 -> 6 -> 9 [slot=21-21, slots=1]; LP#60: 0 -> 4 -> 2 -> 7 -> 3 -> 6 -> 9 [slot=6-6, slots=1]; LP#61: 0 -> 4 -> 2 -> 7 -> 8 -> 1 -> 5 -> 9 [slot=22-22, slots=1]; LP#62: 0 -> 4 -> 2 -> 7 -> 8 -> 1 -> 6 -> 9 [slot=23-23, slots=1]; LP#63: 0 -> 4 -> 2 -> 7 -> 8 -> 1 -> 5 -> 9 [slot=24-24, slots=1]; LP#64: 0 -> 4 -> 2 -> 6 -> 9 [slot=1-1, slots=1]; LP#65: 0 -> 4 -> 2 -> 6 -> 1 -> 5 -> 9 [slot=10-10, slots=1]; LP#66: 0 -> 4 -> 2 -> 6 -> 9 [slot=13-13, slots=1]; LP#67: 0 -> 4 -> 2 -> 7 -> 5 -> 9 [slot=14-14, slots=1]; LP#68: 0 -> 4 -> 2 -> 7 -> 5 -> 9 [slot=16-16, slots=1]; LP#69: 0 -> 4 -> 8 -> 7 -> 5 -> 9 [slot=12-12, slots=1]"
50,50042,lns,d20,71,2,0,4,1,2 -> 3 -> 0,4 -> 9 -> 1,"IP 2->3 maps OPT 4->9: LP#79: 4 -> 8 -> 1 -> 6 -> 9 [slot=11-11, slots=1]; LP#80: 4 -> 8 -> 7 -> 2 -> 6 -> 9 [slot=15-15, slots=1]; LP#81: 4 -> 2 -> 7 -> 5 -> 9 [slot=17-17, slots=1]; LP#82: 4 -> 2 -> 6 -> 9 [slot=19-19, slots=1]; LP#83: 4 -> 2 -> 7 -> 8 -> 1 -> 5 -> 9 [slot=26-26, slots=1]; LP#84: 4 -> 8 -> 7 -> 2 -> 6 -> 9 [slot=20-20, slots=1]; LP#85: 4 -> 8 -> 1 -> 6 -> 9 [slot=25-25, slots=1]; LP#86: 4 -> 2 -> 7 -> 5 -> 9 [slot=18-18, slots=1]; LP#87: 4 -> 2 -> 6 -> 1 -> 5 -> 9 [slot=25-25, slots=1]; LP#88: 4 -> 2 -> 7 -> 5 -> 9 [slot=20-20, slots=1]; LP#89: 4 -> 2 -> 6 -> 9 [slot=27-27, slots=1]; LP#90: 4 -> 8 -> 1 -> 6 -> 9 [slot=28-28, slots=1]; LP#91: 4 -> 2 -> 6 -> 9 [slot=29-29, slots=1] | IP 3->0 maps OPT 9->1: LP#27: 9 -> 5 -> 7 -> 8 -> 1 [slot=13-13, slots=1]; LP#28: 9 -> 6 -> 3 -> 7 -> 8 -> 1 [slot=3-3, slots=1]; LP#29: 9 -> 6 -> 1 [slot=5-5, slots=1]; LP#30: 9 -> 6 -> 3 -> 7 -> 8 -> 1 [slot=14-14, slots=1]; LP#32: 9 -> 6 -> 1 [slot=6-6, slots=1]; LP#33: 9 -> 6 -> 2 -> 7 -> 8 -> 1 [slot=15-15, slots=1]; LP#34: 9 -> 5 -> 7 -> 8 -> 1 [slot=16-16, slots=1]"
50,50042,lns,d21,36,1,5,0,5,1 -> 3 -> 4 -> 5,0 -> 9 -> 6 -> 5,"IP 1->3 maps OPT 0->9: LP#59: 0 -> 4 -> 2 -> 7 -> 8 -> 1 -> 6 -> 9 [slot=21-21, slots=1]; LP#60: 0 -> 4 -> 2 -> 7 -> 3 -> 6 -> 9 [slot=6-6, slots=1]; LP#61: 0 -> 4 -> 2 -> 7 -> 8 -> 1 -> 5 -> 9 [slot=22-22, slots=1]; LP#62: 0 -> 4 -> 2 -> 7 -> 8 -> 1 -> 6 -> 9 [slot=23-23, slots=1]; LP#63: 0 -> 4 -> 2 -> 7 -> 8 -> 1 -> 5 -> 9 [slot=24-24, slots=1]; LP#64: 0 -> 4 -> 2 -> 6 -> 9 [slot=1-1, slots=1]; LP#65: 0 -> 4 -> 2 -> 6 -> 1 -> 5 -> 9 [slot=10-10, slots=1]; LP#66: 0 -> 4 -> 2 -> 6 -> 9 [slot=13-13, slots=1]; LP#67: 0 -> 4 -> 2 -> 7 -> 5 -> 9 [slot=14-14, slots=1]; LP#68: 0 -> 4 -> 2 -> 7 -> 5 -> 9 [slot=16-16, slots=1]; LP#69: 0 -> 4 -> 8 -> 7 -> 5 -> 9 [slot=12-12, slots=1] | IP 3->4 maps OPT 9->6: LP#101: 9 -> 5 -> 7 -> 2 -> 6 [slot=30-30, slots=1]; LP#102: 9 -> 5 -> 7 -> 2 -> 6 [slot=32-32, slots=1]; LP#104: 9 -> 5 -> 7 -> 8 -> 1 -> 6 [slot=29-29, slots=1]; LP#105: 9 -> 5 -> 1 -> 6 [slot=20-20, slots=1]; LP#106: 9 -> 5 -> 7 -> 2 -> 6 [slot=33-33, slots=1]; LP#107: 9 -> 5 -> 1 -> 8 -> 7 -> 2 -> 6 [slot=34-34, slots=1]; LP#108: 9 -> 5 -> 7 -> 3 -> 6 [slot=15-15, slots=1]; LP#109: 9 -> 6 [slot=1-1, slots=1]; LP#110: 9 -> 5 -> 1 -> 6 [slot=27-27, slots=1]; LP#111: 9 -> 5 -> 7 -> 2 -> 6 [slot=35-35, slots=1] | IP 4->5 maps OPT 6->5: LP#116: 6 -> 2 -> 7 -> 5 [slot=9-9, slots=1]; LP#117: 6 -> 2 -> 4 -> 8 -> 1 -> 5 [slot=31-31, slots=1]; LP#120: 6 -> 2 -> 4 -> 8 -> 7 -> 5 [slot=29-29, slots=1]; LP#121: 6 -> 9 -> 5 [slot=4-4, slots=1]; LP#122: 6 -> 1 -> 8 -> 4 -> 2 -> 7 -> 5 [slot=35-35, slots=1]"
50,50042,lns,d22,37,5,3,5,9,5 -> 1 -> 3,5 -> 0 -> 9,"IP 5->1 maps OPT 5->0: LP#50: 5 -> 7 -> 2 -> 4 -> 0 [slot=14-14, slots=1]; LP#51: 5 -> 1 -> 6 -> 2 -> 7 -> 8 -> 4 -> 0 [slot=1-1, slots=1]; LP#52: 5 -> 1 -> 8 -> 4 -> 0 [slot=13-13, slots=1]; LP#55: 5 -> 7 -> 8 -> 4 -> 0 [slot=20-20, slots=1]; LP#56: 5 -> 1 -> 8 -> 4 -> 0 [slot=15-15, slots=1]; LP#58: 5 -> 1 -> 8 -> 4 -> 0 [slot=17-17, slots=1] | IP 1->3 maps OPT 0->9: LP#59: 0 -> 4 -> 2 -> 7 -> 8 -> 1 -> 6 -> 9 [slot=21-21, slots=1]; LP#60: 0 -> 4 -> 2 -> 7 -> 3 -> 6 -> 9 [slot=6-6, slots=1]; LP#61: 0 -> 4 -> 2 -> 7 -> 8 -> 1 -> 5 -> 9 [slot=22-22, slots=1]; LP#62: 0 -> 4 -> 2 -> 7 -> 8 -> 1 -> 6 -> 9 [slot=23-23, slots=1]; LP#63: 0 -> 4 -> 2 -> 7 -> 8 -> 1 -> 5 -> 9 [slot=24-24, slots=1]; LP#64: 0 -> 4 -> 2 -> 6 -> 9 [slot=1-1, slots=1]; LP#65: 0 -> 4 -> 2 -> 6 -> 1 -> 5 -> 9 [slot=10-10, slots=1]; LP#66: 0 -> 4 -> 2 -> 6 -> 9 [slot=13-13, slots=1]; LP#67: 0 -> 4 -> 2 -> 7 -> 5 -> 9 [slot=14-14, slots=1]; LP#68: 0 -> 4 -> 2 -> 7 -> 5 -> 9 [slot=16-16, slots=1]; LP#69: 0 -> 4 -> 8 -> 7 -> 5 -> 9 [slot=12-12, slots=1]"
50,50042,lns,d23,97,4,1,6,0,4 -> 0 -> 3 -> 1,6 -> 1 -> 9 -> 0,"IP 4->0 maps OPT 6->1: LP#35: 6 -> 2 -> 7 -> 5 -> 1 [slot=8-8, slots=1]; LP#39: 6 -> 1 [slot=3-3, slots=1]; LP#40: 6 -> 2 -> 7 -> 8 -> 1 [slot=4-4, slots=1]; LP#43: 6 -> 3 -> 7 -> 5 -> 1 [slot=11-11, slots=1] | IP 0->3 maps OPT 1->9: LP#113: 1 -> 6 -> 3 -> 7 -> 5 -> 9 [slot=15-15, slots=1]; LP#114: 1 -> 5 -> 9 [slot=9-9, slots=1]; LP#115: 1 -> 6 -> 9 [slot=2-2, slots=1] | IP 3->1 maps OPT 9->0: LP#70: 9 -> 5 -> 1 -> 8 -> 4 -> 0 [slot=21-21, slots=1]; LP#72: 9 -> 6 -> 2 -> 4 -> 0 [slot=2-2, slots=1]; LP#74: 9 -> 5 -> 7 -> 2 -> 4 -> 0 [slot=22-22, slots=1]; LP#75: 9 -> 5 -> 7 -> 2 -> 4 -> 0 [slot=23-23, slots=1]; LP#76: 9 -> 5 -> 1 -> 8 -> 4 -> 0 [slot=24-24, slots=1]; LP#77: 9 -> 5 -> 1 -> 6 -> 2 -> 4 -> 0 [slot=26-26, slots=1]"
50,50042,lns,d24,91,0,3,1,9,0 -> 5 -> 4 -> 3,1 -> 5 -> 6 -> 9,"IP 0->5 maps OPT 1->5: LP#44: 1 -> 5 [slot=0-0, slots=1]; LP#46: 1 -> 8 -> 7 -> 2 -> 6 -> 9 -> 5 [slot=7-7, slots=1]; LP#47: 1 -> 8 -> 7 -> 3 -> 6 -> 9 -> 5 [slot=8-8, slots=1]; LP#48: 1 -> 8 -> 4 -> 2 -> 6 -> 9 -> 5 [slot=3-3, slots=1]; LP#49: 1 -> 8 -> 7 -> 3 -> 6 -> 9 -> 5 [slot=9-9, slots=1] | IP 5->4 maps OPT 5->6: LP#17: 5 -> 7 -> 2 -> 6 [slot=5-5, slots=1]; LP#18: 5 -> 1 -> 8 -> 4 -> 2 -> 6 [slot=2-2, slots=1]; LP#20: 5 -> 9 -> 6 [slot=4-4, slots=1]; LP#21: 5 -> 1 -> 8 -> 7 -> 2 -> 6 [slot=6-6, slots=1]; LP#25: 5 -> 1 -> 8 -> 7 -> 3 -> 6 [slot=4-4, slots=1] | IP 4->3 maps OPT 6->9: LP#9: 6 -> 2 -> 7 -> 8 -> 1 -> 5 -> 9 [slot=5-5, slots=1]; LP#10: 6 -> 1 -> 8 -> 7 -> 5 -> 9 [slot=1-1, slots=1]; LP#12: 6 -> 2 -> 7 -> 8 -> 1 -> 5 -> 9 [slot=7-7, slots=1]; LP#13: 6 -> 1 -> 5 -> 9 [slot=2-2, slots=1]; LP#14: 6 -> 1 -> 5 -> 9 [slot=8-8, slots=1]; LP#15: 6 -> 9 [slot=0-0, slots=1]"
50,50042,lns,d25,66,3,2,9,4,3 -> 2,9 -> 4,"IP 3->2 maps OPT 9->4: LP#123: 9 -> 6 -> 2 -> 7 -> 8 -> 4 [slot=10-10, slots=1]; LP#124: 9 -> 6 -> 1 -> 8 -> 7 -> 2 -> 4 [slot=19-19, slots=1]; LP#125: 9 -> 5 -> 1 -> 6 -> 2 -> 4 [slot=36-36, slots=1]; LP#126: 9 -> 6 -> 2 -> 7 -> 8 -> 4 [slot=27-27, slots=1]; LP#127: 9 -> 6 -> 1 -> 8 -> 7 -> 2 -> 4 [slot=37-37, slots=1]; LP#128: 9 -> 6 -> 1 -> 8 -> 4 [slot=16-16, slots=1]"
50,50042,lns,d26,70,3,0,9,1,3 -> 0,9 -> 1,"IP 3->0 maps OPT 9->1: LP#27: 9 -> 5 -> 7 -> 8 -> 1 [slot=13-13, slots=1]; LP#28: 9 -> 6 -> 3 -> 7 -> 8 -> 1 [slot=3-3, slots=1]; LP#29: 9 -> 6 -> 1 [slot=5-5, slots=1]; LP#30: 9 -> 6 -> 3 -> 7 -> 8 -> 1 [slot=14-14, slots=1]; LP#32: 9 -> 6 -> 1 [slot=6-6, slots=1]; LP#33: 9 -> 6 -> 2 -> 7 -> 8 -> 1 [slot=15-15, slots=1]; LP#34: 9 -> 5 -> 7 -> 8 -> 1 [slot=16-16, slots=1]"
50,50042,lns,d27,97,2,4,4,6,2 -> 3 -> 4,4 -> 9 -> 6,"IP 2->3 maps OPT 4->9: LP#79: 4 -> 8 -> 1 -> 6 -> 9 [slot=11-11, slots=1]; LP#80: 4 -> 8 -> 7 -> 2 -> 6 -> 9 [slot=15-15, slots=1]; LP#81: 4 -> 2 -> 7 -> 5 -> 9 [slot=17-17, slots=1]; LP#82: 4 -> 2 -> 6 -> 9 [slot=19-19, slots=1]; LP#83: 4 -> 2 -> 7 -> 8 -> 1 -> 5 -> 9 [slot=26-26, slots=1]; LP#84: 4 -> 8 -> 7 -> 2 -> 6 -> 9 [slot=20-20, slots=1]; LP#85: 4 -> 8 -> 1 -> 6 -> 9 [slot=25-25, slots=1]; LP#86: 4 -> 2 -> 7 -> 5 -> 9 [slot=18-18, slots=1]; LP#87: 4 -> 2 -> 6 -> 1 -> 5 -> 9 [slot=25-25, slots=1]; LP#88: 4 -> 2 -> 7 -> 5 -> 9 [slot=20-20, slots=1]; LP#89: 4 -> 2 -> 6 -> 9 [slot=27-27, slots=1]; LP#90: 4 -> 8 -> 1 -> 6 -> 9 [slot=28-28, slots=1]; LP#91: 4 -> 2 -> 6 -> 9 [slot=29-29, slots=1] | IP 3->4 maps OPT 9->6: LP#101: 9 -> 5 -> 7 -> 2 -> 6 [slot=30-30, slots=1]; LP#102: 9 -> 5 -> 7 -> 2 -> 6 [slot=32-32, slots=1]; LP#104: 9 -> 5 -> 7 -> 8 -> 1 -> 6 [slot=29-29, slots=1]; LP#105: 9 -> 5 -> 1 -> 6 [slot=20-20, slots=1]; LP#106: 9 -> 5 -> 7 -> 2 -> 6 [slot=33-33, slots=1]; LP#107: 9 -> 5 -> 1 -> 8 -> 7 -> 2 -> 6 [slot=34-34, slots=1]; LP#108: 9 -> 5 -> 7 -> 3 -> 6 [slot=15-15, slots=1]; LP#109: 9 -> 6 [slot=1-1, slots=1]; LP#110: 9 -> 5 -> 1 -> 6 [slot=27-27, slots=1]; LP#111: 9 -> 5 -> 7 -> 2 -> 6 [slot=35-35, slots=1]"
50,50042,lns,d28,84,2,5,4,5,2 -> 3 -> 4 -> 5,4 -> 9 -> 6 -> 5,"IP 2->3 maps OPT 4->9: LP#79: 4 -> 8 -> 1 -> 6 -> 9 [slot=11-11, slots=1]; LP#80: 4 -> 8 -> 7 -> 2 -> 6 -> 9 [slot=15-15, slots=1]; LP#81: 4 -> 2 -> 7 -> 5 -> 9 [slot=17-17, slots=1]; LP#82: 4 -> 2 -> 6 -> 9 [slot=19-19, slots=1]; LP#83: 4 -> 2 -> 7 -> 8 -> 1 -> 5 -> 9 [slot=26-26, slots=1]; LP#84: 4 -> 8 -> 7 -> 2 -> 6 -> 9 [slot=20-20, slots=1]; LP#85: 4 -> 8 -> 1 -> 6 -> 9 [slot=25-25, slots=1]; LP#86: 4 -> 2 -> 7 -> 5 -> 9 [slot=18-18, slots=1]; LP#87: 4 -> 2 -> 6 -> 1 -> 5 -> 9 [slot=25-25, slots=1]; LP#88: 4 -> 2 -> 7 -> 5 -> 9 [slot=20-20, slots=1]; LP#89: 4 -> 2 -> 6 -> 9 [slot=27-27, slots=1]; LP#90: 4 -> 8 -> 1 -> 6 -> 9 [slot=28-28, slots=1]; LP#91: 4 -> 2 -> 6 -> 9 [slot=29-29, slots=1] | IP 3->4 maps OPT 9->6: LP#101: 9 -> 5 -> 7 -> 2 -> 6 [slot=30-30, slots=1]; LP#102: 9 -> 5 -> 7 -> 2 -> 6 [slot=32-32, slots=1]; LP#104: 9 -> 5 -> 7 -> 8 -> 1 -> 6 [slot=29-29, slots=1]; LP#105: 9 -> 5 -> 1 -> 6 [slot=20-20, slots=1]; LP#106: 9 -> 5 -> 7 -> 2 -> 6 [slot=33-33, slots=1]; LP#107: 9 -> 5 -> 1 -> 8 -> 7 -> 2 -> 6 [slot=34-34, slots=1]; LP#108: 9 -> 5 -> 7 -> 3 -> 6 [slot=15-15, slots=1]; LP#109: 9 -> 6 [slot=1-1, slots=1]; LP#110: 9 -> 5 -> 1 -> 6 [slot=27-27, slots=1]; LP#111: 9 -> 5 -> 7 -> 2 -> 6 [slot=35-35, slots=1] | IP 4->5 maps OPT 6->5: LP#116: 6 -> 2 -> 7 -> 5 [slot=9-9, slots=1]; LP#117: 6 -> 2 -> 4 -> 8 -> 1 -> 5 [slot=31-31, slots=1]; LP#120: 6 -> 2 -> 4 -> 8 -> 7 -> 5 [slot=29-29, slots=1]; LP#121: 6 -> 9 -> 5 [slot=4-4, slots=1]; LP#122: 6 -> 1 -> 8 -> 4 -> 2 -> 7 -> 5 [slot=35-35, slots=1]"
50,50042,lns,d29,27,5,2,5,4,5 -> 0 -> 4 -> 3 -> 2,5 -> 1 -> 6 -> 9 -> 4,"IP 5->0 maps OPT 5->1: LP#0: 5 -> 1 [slot=0-0, slots=1]; LP#2: 5 -> 7 -> 3 -> 6 -> 1 [slot=0-0, slots=1]; LP#3: 5 -> 7 -> 2 -> 4 -> 8 -> 1 [slot=1-1, slots=1]; LP#4: 5 -> 7 -> 8 -> 1 [slot=2-2, slots=1]; LP#130: 5 -> 1 [slot=3-3, slots=1] | IP 0->4 maps OPT 1->6: LP#5: 1 -> 6 [slot=0-0, slots=1] | IP 4->3 maps OPT 6->9: LP#9: 6 -> 2 -> 7 -> 8 -> 1 -> 5 -> 9 [slot=5-5, slots=1]; LP#10: 6 -> 1 -> 8 -> 7 -> 5 -> 9 [slot=1-1, slots=1]; LP#12: 6 -> 2 -> 7 -> 8 -> 1 -> 5 -> 9 [slot=7-7, slots=1]; LP#13: 6 -> 1 -> 5 -> 9 [slot=2-2, slots=1]; LP#14: 6 -> 1 -> 5 -> 9 [slot=8-8, slots=1]; LP#15: 6 -> 9 [slot=0-0, slots=1] | IP 3->2 maps OPT 9->4: LP#123: 9 -> 6 -> 2 -> 7 -> 8 -> 4 [slot=10-10, slots=1]; LP#124: 9 -> 6 -> 1 -> 8 -> 7 -> 2 -> 4 [slot=19-19, slots=1]; LP#125: 9 -> 5 -> 1 -> 6 -> 2 -> 4 [slot=36-36, slots=1]; LP#126: 9 -> 6 -> 2 -> 7 -> 8 -> 4 [slot=27-27, slots=1]; LP#127: 9 -> 6 -> 1 -> 8 -> 7 -> 2 -> 4 [slot=37-37, slots=1]; LP#128: 9 -> 6 -> 1 -> 8 -> 4 [slot=16-16, slots=1]"
50,50042,lns,d30,49,5,4,5,6,5 -> 4,5 -> 6,"IP 5->4 maps OPT 5->6: LP#17: 5 -> 7 -> 2 -> 6 [slot=5-5, slots=1]; LP#18: 5 -> 1 -> 8 -> 4 -> 2 -> 6 [slot=2-2, slots=1]; LP#20: 5 -> 9 -> 6 [slot=4-4, slots=1]; LP#21: 5 -> 1 -> 8 -> 7 -> 2 -> 6 [slot=6-6, slots=1]; LP#25: 5 -> 1 -> 8 -> 7 -> 3 -> 6 [slot=4-4, slots=1]"
50,50042,lns,d31,41,2,4,4,6,2 -> 3 -> 4,4 -> 9 -> 6,"IP 2->3 maps OPT 4->9: LP#79: 4 -> 8 -> 1 -> 6 -> 9 [slot=11-11, slots=1]; LP#80: 4 -> 8 -> 7 -> 2 -> 6 -> 9 [slot=15-15, slots=1]; LP#81: 4 -> 2 -> 7 -> 5 -> 9 [slot=17-17, slots=1]; LP#82: 4 -> 2 -> 6 -> 9 [slot=19-19, slots=1]; LP#83: 4 -> 2 -> 7 -> 8 -> 1 -> 5 -> 9 [slot=26-26, slots=1]; LP#84: 4 -> 8 -> 7 -> 2 -> 6 -> 9 [slot=20-20, slots=1]; LP#85: 4 -> 8 -> 1 -> 6 -> 9 [slot=25-25, slots=1]; LP#86: 4 -> 2 -> 7 -> 5 -> 9 [slot=18-18, slots=1]; LP#87: 4 -> 2 -> 6 -> 1 -> 5 -> 9 [slot=25-25, slots=1]; LP#88: 4 -> 2 -> 7 -> 5 -> 9 [slot=20-20, slots=1]; LP#89: 4 -> 2 -> 6 -> 9 [slot=27-27, slots=1]; LP#90: 4 -> 8 -> 1 -> 6 -> 9 [slot=28-28, slots=1]; LP#91: 4 -> 2 -> 6 -> 9 [slot=29-29, slots=1] | IP 3->4 maps OPT 9->6: LP#101: 9 -> 5 -> 7 -> 2 -> 6 [slot=30-30, slots=1]; LP#102: 9 -> 5 -> 7 -> 2 -> 6 [slot=32-32, slots=1]; LP#104: 9 -> 5 -> 7 -> 8 -> 1 -> 6 [slot=29-29, slots=1]; LP#105: 9 -> 5 -> 1 -> 6 [slot=20-20, slots=1]; LP#106: 9 -> 5 -> 7 -> 2 -> 6 [slot=33-33, slots=1]; LP#107: 9 -> 5 -> 1 -> 8 -> 7 -> 2 -> 6 [slot=34-34, slots=1]; LP#108: 9 -> 5 -> 7 -> 3 -> 6 [slot=15-15, slots=1]; LP#109: 9 -> 6 [slot=1-1, slots=1]; LP#110: 9 -> 5 -> 1 -> 6 [slot=27-27, slots=1]; LP#111: 9 -> 5 -> 7 -> 2 -> 6 [slot=35-35, slots=1]"
50,50042,lns,d32,89,1,2,0,4,1 -> 3 -> 2,0 -> 9 -> 4,"IP 1->3 maps OPT 0->9: LP#59: 0 -> 4 -> 2 -> 7 -> 8 -> 1 -> 6 -> 9 [slot=21-21, slots=1]; LP#60: 0 -> 4 -> 2 -> 7 -> 3 -> 6 -> 9 [slot=6-6, slots=1]; LP#61: 0 -> 4 -> 2 -> 7 -> 8 -> 1 -> 5 -> 9 [slot=22-22, slots=1]; LP#62: 0 -> 4 -> 2 -> 7 -> 8 -> 1 -> 6 -> 9 [slot=23-23, slots=1]; LP#63: 0 -> 4 -> 2 -> 7 -> 8 -> 1 -> 5 -> 9 [slot=24-24, slots=1]; LP#64: 0 -> 4 -> 2 -> 6 -> 9 [slot=1-1, slots=1]; LP#65: 0 -> 4 -> 2 -> 6 -> 1 -> 5 -> 9 [slot=10-10, slots=1]; LP#66: 0 -> 4 -> 2 -> 6 -> 9 [slot=13-13, slots=1]; LP#67: 0 -> 4 -> 2 -> 7 -> 5 -> 9 [slot=14-14, slots=1]; LP#68: 0 -> 4 -> 2 -> 7 -> 5 -> 9 [slot=16-16, slots=1]; LP#69: 0 -> 4 -> 8 -> 7 -> 5 -> 9 [slot=12-12, slots=1] | IP 3->2 maps OPT 9->4: LP#123: 9 -> 6 -> 2 -> 7 -> 8 -> 4 [slot=10-10, slots=1]; LP#124: 9 -> 6 -> 1 -> 8 -> 7 -> 2 -> 4 [slot=19-19, slots=1]; LP#125: 9 -> 5 -> 1 -> 6 -> 2 -> 4 [slot=36-36, slots=1]; LP#126: 9 -> 6 -> 2 -> 7 -> 8 -> 4 [slot=27-27, slots=1]; LP#127: 9 -> 6 -> 1 -> 8 -> 7 -> 2 -> 4 [slot=37-37, slots=1]; LP#128: 9 -> 6 -> 1 -> 8 -> 4 [slot=16-16, slots=1]"
50,50042,lns,d33,68,1,4,0,6,1 -> 3 -> 4,0 -> 9 -> 6,"IP 1->3 maps OPT 0->9: LP#59: 0 -> 4 -> 2 -> 7 -> 8 -> 1 -> 6 -> 9 [slot=21-21, slots=1]; LP#60: 0 -> 4 -> 2 -> 7 -> 3 -> 6 -> 9 [slot=6-6, slots=1]; LP#61: 0 -> 4 -> 2 -> 7 -> 8 -> 1 -> 5 -> 9 [slot=22-22, slots=1]; LP#62: 0 -> 4 -> 2 -> 7 -> 8 -> 1 -> 6 -> 9 [slot=23-23, slots=1]; LP#63: 0 -> 4 -> 2 -> 7 -> 8 -> 1 -> 5 -> 9 [slot=24-24, slots=1]; LP#64: 0 -> 4 -> 2 -> 6 -> 9 [slot=1-1, slots=1]; LP#65: 0 -> 4 -> 2 -> 6 -> 1 -> 5 -> 9 [slot=10-10, slots=1]; LP#66: 0 -> 4 -> 2 -> 6 -> 9 [slot=13-13, slots=1]; LP#67: 0 -> 4 -> 2 -> 7 -> 5 -> 9 [slot=14-14, slots=1]; LP#68: 0 -> 4 -> 2 -> 7 -> 5 -> 9 [slot=16-16, slots=1]; LP#69: 0 -> 4 -> 8 -> 7 -> 5 -> 9 [slot=12-12, slots=1] | IP 3->4 maps OPT 9->6: LP#101: 9 -> 5 -> 7 -> 2 -> 6 [slot=30-30, slots=1]; LP#102: 9 -> 5 -> 7 -> 2 -> 6 [slot=32-32, slots=1]; LP#104: 9 -> 5 -> 7 -> 8 -> 1 -> 6 [slot=29-29, slots=1]; LP#105: 9 -> 5 -> 1 -> 6 [slot=20-20, slots=1]; LP#106: 9 -> 5 -> 7 -> 2 -> 6 [slot=33-33, slots=1]; LP#107: 9 -> 5 -> 1 -> 8 -> 7 -> 2 -> 6 [slot=34-34, slots=1]; LP#108: 9 -> 5 -> 7 -> 3 -> 6 [slot=15-15, slots=1]; LP#109: 9 -> 6 [slot=1-1, slots=1]; LP#110: 9 -> 5 -> 1 -> 6 [slot=27-27, slots=1]; LP#111: 9 -> 5 -> 7 -> 2 -> 6 [slot=35-35, slots=1]"
50,50042,lns,d34,93,2,0,4,1,2 -> 3 -> 0,4 -> 9 -> 1,"IP 2->3 maps OPT 4->9: LP#79: 4 -> 8 -> 1 -> 6 -> 9 [slot=11-11, slots=1]; LP#80: 4 -> 8 -> 7 -> 2 -> 6 -> 9 [slot=15-15, slots=1]; LP#81: 4 -> 2 -> 7 -> 5 -> 9 [slot=17-17, slots=1]; LP#82: 4 -> 2 -> 6 -> 9 [slot=19-19, slots=1]; LP#83: 4 -> 2 -> 7 -> 8 -> 1 -> 5 -> 9 [slot=26-26, slots=1]; LP#84: 4 -> 8 -> 7 -> 2 -> 6 -> 9 [slot=20-20, slots=1]; LP#85: 4 -> 8 -> 1 -> 6 -> 9 [slot=25-25, slots=1]; LP#86: 4 -> 2 -> 7 -> 5 -> 9 [slot=18-18, slots=1]; LP#87: 4 -> 2 -> 6 -> 1 -> 5 -> 9 [slot=25-25, slots=1]; LP#88: 4 -> 2 -> 7 -> 5 -> 9 [slot=20-20, slots=1]; LP#89: 4 -> 2 -> 6 -> 9 [slot=27-27, slots=1]; LP#90: 4 -> 8 -> 1 -> 6 -> 9 [slot=28-28, slots=1]; LP#91: 4 -> 2 -> 6 -> 9 [slot=29-29, slots=1] | IP 3->0 maps OPT 9->1: LP#27: 9 -> 5 -> 7 -> 8 -> 1 [slot=13-13, slots=1]; LP#28: 9 -> 6 -> 3 -> 7 -> 8 -> 1 [slot=3-3, slots=1]; LP#29: 9 -> 6 -> 1 [slot=5-5, slots=1]; LP#30: 9 -> 6 -> 3 -> 7 -> 8 -> 1 [slot=14-14, slots=1]; LP#32: 9 -> 6 -> 1 [slot=6-6, slots=1]; LP#33: 9 -> 6 -> 2 -> 7 -> 8 -> 1 [slot=15-15, slots=1]; LP#34: 9 -> 5 -> 7 -> 8 -> 1 [slot=16-16, slots=1]"
50,50042,lns,d35,22,3,4,9,6,3 -> 4,9 -> 6,"IP 3->4 maps OPT 9->6: LP#101: 9 -> 5 -> 7 -> 2 -> 6 [slot=30-30, slots=1]; LP#102: 9 -> 5 -> 7 -> 2 -> 6 [slot=32-32, slots=1]; LP#104: 9 -> 5 -> 7 -> 8 -> 1 -> 6 [slot=29-29, slots=1]; LP#105: 9 -> 5 -> 1 -> 6 [slot=20-20, slots=1]; LP#106: 9 -> 5 -> 7 -> 2 -> 6 [slot=33-33, slots=1]; LP#107: 9 -> 5 -> 1 -> 8 -> 7 -> 2 -> 6 [slot=34-34, slots=1]; LP#108: 9 -> 5 -> 7 -> 3 -> 6 [slot=15-15, slots=1]; LP#109: 9 -> 6 [slot=1-1, slots=1]; LP#110: 9 -> 5 -> 1 -> 6 [slot=27-27, slots=1]; LP#111: 9 -> 5 -> 7 -> 2 -> 6 [slot=35-35, slots=1]"
50,50042,lns,d36,99,5,0,5,1,5 -> 0,5 -> 1,"IP 5->0 maps OPT 5->1: LP#0: 5 -> 1 [slot=0-0, slots=1]; LP#2: 5 -> 7 -> 3 -> 6 -> 1 [slot=0-0, slots=1]; LP#3: 5 -> 7 -> 2 -> 4 -> 8 -> 1 [slot=1-1, slots=1]; LP#4: 5 -> 7 -> 8 -> 1 [slot=2-2, slots=1]; LP#130: 5 -> 1 [slot=3-3, slots=1]"
50,50042,lns,d37,38,1,5,0,5,1 -> 3 -> 0 -> 5,0 -> 9 -> 1 -> 5,"IP 1->3 maps OPT 0->9: LP#59: 0 -> 4 -> 2 -> 7 -> 8 -> 1 -> 6 -> 9 [slot=21-21, slots=1]; LP#60: 0 -> 4 -> 2 -> 7 -> 3 -> 6 -> 9 [slot=6-6, slots=1]; LP#61: 0 -> 4 -> 2 -> 7 -> 8 -> 1 -> 5 -> 9 [slot=22-22, slots=1]; LP#62: 0 -> 4 -> 2 -> 7 -> 8 -> 1 -> 6 -> 9 [slot=23-23, slots=1]; LP#63: 0 -> 4 -> 2 -> 7 -> 8 -> 1 -> 5 -> 9 [slot=24-24, slots=1]; LP#64: 0 -> 4 -> 2 -> 6 -> 9 [slot=1-1, slots=1]; LP#65: 0 -> 4 -> 2 -> 6 -> 1 -> 5 -> 9 [slot=10-10, slots=1]; LP#66: 0 -> 4 -> 2 -> 6 -> 9 [slot=13-13, slots=1]; LP#67: 0 -> 4 -> 2 -> 7 -> 5 -> 9 [slot=14-14, slots=1]; LP#68: 0 -> 4 -> 2 -> 7 -> 5 -> 9 [slot=16-16, slots=1]; LP#69: 0 -> 4 -> 8 -> 7 -> 5 -> 9 [slot=12-12, slots=1] | IP 3->0 maps OPT 9->1: LP#27: 9 -> 5 -> 7 -> 8 -> 1 [slot=13-13, slots=1]; LP#28: 9 -> 6 -> 3 -> 7 -> 8 -> 1 [slot=3-3, slots=1]; LP#29: 9 -> 6 -> 1 [slot=5-5, slots=1]; LP#30: 9 -> 6 -> 3 -> 7 -> 8 -> 1 [slot=14-14, slots=1]; LP#32: 9 -> 6 -> 1 [slot=6-6, slots=1]; LP#33: 9 -> 6 -> 2 -> 7 -> 8 -> 1 [slot=15-15, slots=1]; LP#34: 9 -> 5 -> 7 -> 8 -> 1 [slot=16-16, slots=1] | IP 0->5 maps OPT 1->5: LP#44: 1 -> 5 [slot=0-0, slots=1]; LP#46: 1 -> 8 -> 7 -> 2 -> 6 -> 9 -> 5 [slot=7-7, slots=1]; LP#47: 1 -> 8 -> 7 -> 3 -> 6 -> 9 -> 5 [slot=8-8, slots=1]; LP#48: 1 -> 8 -> 4 -> 2 -> 6 -> 9 -> 5 [slot=3-3, slots=1]; LP#49: 1 -> 8 -> 7 -> 3 -> 6 -> 9 -> 5 [slot=9-9, slots=1]"
50,50042,lns,d38,93,1,2,0,4,1 -> 3 -> 2,0 -> 9 -> 4,"IP 1->3 maps OPT 0->9: LP#59: 0 -> 4 -> 2 -> 7 -> 8 -> 1 -> 6 -> 9 [slot=21-21, slots=1]; LP#60: 0 -> 4 -> 2 -> 7 -> 3 -> 6 -> 9 [slot=6-6, slots=1]; LP#61: 0 -> 4 -> 2 -> 7 -> 8 -> 1 -> 5 -> 9 [slot=22-22, slots=1]; LP#62: 0 -> 4 -> 2 -> 7 -> 8 -> 1 -> 6 -> 9 [slot=23-23, slots=1]; LP#63: 0 -> 4 -> 2 -> 7 -> 8 -> 1 -> 5 -> 9 [slot=24-24, slots=1]; LP#64: 0 -> 4 -> 2 -> 6 -> 9 [slot=1-1, slots=1]; LP#65: 0 -> 4 -> 2 -> 6 -> 1 -> 5 -> 9 [slot=10-10, slots=1]; LP#66: 0 -> 4 -> 2 -> 6 -> 9 [slot=13-13, slots=1]; LP#67: 0 -> 4 -> 2 -> 7 -> 5 -> 9 [slot=14-14, slots=1]; LP#68: 0 -> 4 -> 2 -> 7 -> 5 -> 9 [slot=16-16, slots=1]; LP#69: 0 -> 4 -> 8 -> 7 -> 5 -> 9 [slot=12-12, slots=1] | IP 3->2 maps OPT 9->4: LP#123: 9 -> 6 -> 2 -> 7 -> 8 -> 4 [slot=10-10, slots=1]; LP#124: 9 -> 6 -> 1 -> 8 -> 7 -> 2 -> 4 [slot=19-19, slots=1]; LP#125: 9 -> 5 -> 1 -> 6 -> 2 -> 4 [slot=36-36, slots=1]; LP#126: 9 -> 6 -> 2 -> 7 -> 8 -> 4 [slot=27-27, slots=1]; LP#127: 9 -> 6 -> 1 -> 8 -> 7 -> 2 -> 4 [slot=37-37, slots=1]; LP#128: 9 -> 6 -> 1 -> 8 -> 4 [slot=16-16, slots=1]"
50,50042,lns,d39,41,3,0,9,1,3 -> 1 -> 5 -> 4 -> 0,9 -> 0 -> 5 -> 6 -> 1,"IP 3->1 maps OPT 9->0: LP#70: 9 -> 5 -> 1 -> 8 -> 4 -> 0 [slot=21-21, slots=1]; LP#72: 9 -> 6 -> 2 -> 4 -> 0 [slot=2-2, slots=1]; LP#74: 9 -> 5 -> 7 -> 2 -> 4 -> 0 [slot=22-22, slots=1]; LP#75: 9 -> 5 -> 7 -> 2 -> 4 -> 0 [slot=23-23, slots=1]; LP#76: 9 -> 5 -> 1 -> 8 -> 4 -> 0 [slot=24-24, slots=1]; LP#77: 9 -> 5 -> 1 -> 6 -> 2 -> 4 -> 0 [slot=26-26, slots=1] | IP 1->5 maps OPT 0->5: LP#92: 0 -> 4 -> 8 -> 1 -> 5 [slot=19-19, slots=1]; LP#94: 0 -> 4 -> 2 -> 6 -> 1 -> 5 [slot=28-28, slots=1]; LP#97: 0 -> 4 -> 8 -> 1 -> 5 [slot=27-27, slots=1] | IP 5->4 maps OPT 5->6: LP#17: 5 -> 7 -> 2 -> 6 [slot=5-5, slots=1]; LP#18: 5 -> 1 -> 8 -> 4 -> 2 -> 6 [slot=2-2, slots=1]; LP#20: 5 -> 9 -> 6 [slot=4-4, slots=1]; LP#21: 5 -> 1 -> 8 -> 7 -> 2 -> 6 [slot=6-6, slots=1]; LP#25: 5 -> 1 -> 8 -> 7 -> 3 -> 6 [slot=4-4, slots=1] | IP 4->0 maps OPT 6->1: LP#35: 6 -> 2 -> 7 -> 5 -> 1 [slot=8-8, slots=1]; LP#39: 6 -> 1 [slot=3-3, slots=1]; LP#40: 6 -> 2 -> 7 -> 8 -> 1 [slot=4-4, slots=1]; LP#43: 6 -> 3 -> 7 -> 5 -> 1 [slot=11-11, slots=1]"
50,50042,lns,d40,99,2,4,4,6,2 -> 3 -> 4,4 -> 9 -> 6,"IP 2->3 maps OPT 4->9: LP#79: 4 -> 8 -> 1 -> 6 -> 9 [slot=11-11, slots=1]; LP#80: 4 -> 8 -> 7 -> 2 -> 6 -> 9 [slot=15-15, slots=1]; LP#81: 4 -> 2 -> 7 -> 5 -> 9 [slot=17-17, slots=1]; LP#82: 4 -> 2 -> 6 -> 9 [slot=19-19, slots=1]; LP#83: 4 -> 2 -> 7 -> 8 -> 1 -> 5 -> 9 [slot=26-26, slots=1]; LP#84: 4 -> 8 -> 7 -> 2 -> 6 -> 9 [slot=20-20, slots=1]; LP#85: 4 -> 8 -> 1 -> 6 -> 9 [slot=25-25, slots=1]; LP#86: 4 -> 2 -> 7 -> 5 -> 9 [slot=18-18, slots=1]; LP#87: 4 -> 2 -> 6 -> 1 -> 5 -> 9 [slot=25-25, slots=1]; LP#88: 4 -> 2 -> 7 -> 5 -> 9 [slot=20-20, slots=1]; LP#89: 4 -> 2 -> 6 -> 9 [slot=27-27, slots=1]; LP#90: 4 -> 8 -> 1 -> 6 -> 9 [slot=28-28, slots=1]; LP#91: 4 -> 2 -> 6 -> 9 [slot=29-29, slots=1] | IP 3->4 maps OPT 9->6: LP#101: 9 -> 5 -> 7 -> 2 -> 6 [slot=30-30, slots=1]; LP#102: 9 -> 5 -> 7 -> 2 -> 6 [slot=32-32, slots=1]; LP#104: 9 -> 5 -> 7 -> 8 -> 1 -> 6 [slot=29-29, slots=1]; LP#105: 9 -> 5 -> 1 -> 6 [slot=20-20, slots=1]; LP#106: 9 -> 5 -> 7 -> 2 -> 6 [slot=33-33, slots=1]; LP#107: 9 -> 5 -> 1 -> 8 -> 7 -> 2 -> 6 [slot=34-34, slots=1]; LP#108: 9 -> 5 -> 7 -> 3 -> 6 [slot=15-15, slots=1]; LP#109: 9 -> 6 [slot=1-1, slots=1]; LP#110: 9 -> 5 -> 1 -> 6 [slot=27-27, slots=1]; LP#111: 9 -> 5 -> 7 -> 2 -> 6 [slot=35-35, slots=1]"
50,50042,lns,d41,50,2,5,4,5,2 -> 3 -> 4 -> 0 -> 5,4 -> 9 -> 6 -> 1 -> 5,"IP 2->3 maps OPT 4->9: LP#79: 4 -> 8 -> 1 -> 6 -> 9 [slot=11-11, slots=1]; LP#80: 4 -> 8 -> 7 -> 2 -> 6 -> 9 [slot=15-15, slots=1]; LP#81: 4 -> 2 -> 7 -> 5 -> 9 [slot=17-17, slots=1]; LP#82: 4 -> 2 -> 6 -> 9 [slot=19-19, slots=1]; LP#83: 4 -> 2 -> 7 -> 8 -> 1 -> 5 -> 9 [slot=26-26, slots=1]; LP#84: 4 -> 8 -> 7 -> 2 -> 6 -> 9 [slot=20-20, slots=1]; LP#85: 4 -> 8 -> 1 -> 6 -> 9 [slot=25-25, slots=1]; LP#86: 4 -> 2 -> 7 -> 5 -> 9 [slot=18-18, slots=1]; LP#87: 4 -> 2 -> 6 -> 1 -> 5 -> 9 [slot=25-25, slots=1]; LP#88: 4 -> 2 -> 7 -> 5 -> 9 [slot=20-20, slots=1]; LP#89: 4 -> 2 -> 6 -> 9 [slot=27-27, slots=1]; LP#90: 4 -> 8 -> 1 -> 6 -> 9 [slot=28-28, slots=1]; LP#91: 4 -> 2 -> 6 -> 9 [slot=29-29, slots=1] | IP 3->4 maps OPT 9->6: LP#101: 9 -> 5 -> 7 -> 2 -> 6 [slot=30-30, slots=1]; LP#102: 9 -> 5 -> 7 -> 2 -> 6 [slot=32-32, slots=1]; LP#104: 9 -> 5 -> 7 -> 8 -> 1 -> 6 [slot=29-29, slots=1]; LP#105: 9 -> 5 -> 1 -> 6 [slot=20-20, slots=1]; LP#106: 9 -> 5 -> 7 -> 2 -> 6 [slot=33-33, slots=1]; LP#107: 9 -> 5 -> 1 -> 8 -> 7 -> 2 -> 6 [slot=34-34, slots=1]; LP#108: 9 -> 5 -> 7 -> 3 -> 6 [slot=15-15, slots=1]; LP#109: 9 -> 6 [slot=1-1, slots=1]; LP#110: 9 -> 5 -> 1 -> 6 [slot=27-27, slots=1]; LP#111: 9 -> 5 -> 7 -> 2 -> 6 [slot=35-35, slots=1] | IP 4->0 maps OPT 6->1: LP#35: 6 -> 2 -> 7 -> 5 -> 1 [slot=8-8, slots=1]; LP#39: 6 -> 1 [slot=3-3, slots=1]; LP#40: 6 -> 2 -> 7 -> 8 -> 1 [slot=4-4, slots=1]; LP#43: 6 -> 3 -> 7 -> 5 -> 1 [slot=11-11, slots=1] | IP 0->5 maps OPT 1->5: LP#44: 1 -> 5 [slot=0-0, slots=1]; LP#46: 1 -> 8 -> 7 -> 2 -> 6 -> 9 -> 5 [slot=7-7, slots=1]; LP#47: 1 -> 8 -> 7 -> 3 -> 6 -> 9 -> 5 [slot=8-8, slots=1]; LP#48: 1 -> 8 -> 4 -> 2 -> 6 -> 9 -> 5 [slot=3-3, slots=1]; LP#49: 1 -> 8 -> 7 -> 3 -> 6 -> 9 -> 5 [slot=9-9, slots=1]"
50,50042,lns,d42,87,1,0,0,1,1 -> 5 -> 0,0 -> 5 -> 1,"IP 1->5 maps OPT 0->5: LP#92: 0 -> 4 -> 8 -> 1 -> 5 [slot=19-19, slots=1]; LP#94: 0 -> 4 -> 2 -> 6 -> 1 -> 5 [slot=28-28, slots=1]; LP#97: 0 -> 4 -> 8 -> 1 -> 5 [slot=27-27, slots=1] | IP 5->0 maps OPT 5->1: LP#0: 5 -> 1 [slot=0-0, slots=1]; LP#2: 5 -> 7 -> 3 -> 6 -> 1 [slot=0-0, slots=1]; LP#3: 5 -> 7 -> 2 -> 4 -> 8 -> 1 [slot=1-1, slots=1]; LP#4: 5 -> 7 -> 8 -> 1 [slot=2-2, slots=1]; LP#130: 5 -> 1 [slot=3-3, slots=1]"
50,50042,lns,d43,60,5,0,5,1,5 -> 1 -> 3 -> 0,5 -> 0 -> 9 -> 1,"IP 5->1 maps OPT 5->0: LP#50: 5 -> 7 -> 2 -> 4 -> 0 [slot=14-14, slots=1]; LP#51: 5 -> 1 -> 6 -> 2 -> 7 -> 8 -> 4 -> 0 [slot=1-1, slots=1]; LP#52: 5 -> 1 -> 8 -> 4 -> 0 [slot=13-13, slots=1]; LP#55: 5 -> 7 -> 8 -> 4 -> 0 [slot=20-20, slots=1]; LP#56: 5 -> 1 -> 8 -> 4 -> 0 [slot=15-15, slots=1]; LP#58: 5 -> 1 -> 8 -> 4 -> 0 [slot=17-17, slots=1] | IP 1->3 maps OPT 0->9: LP#59: 0 -> 4 -> 2 -> 7 -> 8 -> 1 -> 6 -> 9 [slot=21-21, slots=1]; LP#60: 0 -> 4 -> 2 -> 7 -> 3 -> 6 -> 9 [slot=6-6, slots=1]; LP#61: 0 -> 4 -> 2 -> 7 -> 8 -> 1 -> 5 -> 9 [slot=22-22, slots=1]; LP#62: 0 -> 4 -> 2 -> 7 -> 8 -> 1 -> 6 -> 9 [slot=23-23, slots=1]; LP#63: 0 -> 4 -> 2 -> 7 -> 8 -> 1 -> 5 -> 9 [slot=24-24, slots=1]; LP#64: 0 -> 4 -> 2 -> 6 -> 9 [slot=1-1, slots=1]; LP#65: 0 -> 4 -> 2 -> 6 -> 1 -> 5 -> 9 [slot=10-10, slots=1]; LP#66: 0 -> 4 -> 2 -> 6 -> 9 [slot=13-13, slots=1]; LP#67: 0 -> 4 -> 2 -> 7 -> 5 -> 9 [slot=14-14, slots=1]; LP#68: 0 -> 4 -> 2 -> 7 -> 5 -> 9 [slot=16-16, slots=1]; LP#69: 0 -> 4 -> 8 -> 7 -> 5 -> 9 [slot=12-12, slots=1] | IP 3->0 maps OPT 9->1: LP#27: 9 -> 5 -> 7 -> 8 -> 1 [slot=13-13, slots=1]; LP#28: 9 -> 6 -> 3 -> 7 -> 8 -> 1 [slot=3-3, slots=1]; LP#29: 9 -> 6 -> 1 [slot=5-5, slots=1]; LP#30: 9 -> 6 -> 3 -> 7 -> 8 -> 1 [slot=14-14, slots=1]; LP#32: 9 -> 6 -> 1 [slot=6-6, slots=1]; LP#33: 9 -> 6 -> 2 -> 7 -> 8 -> 1 [slot=15-15, slots=1]; LP#34: 9 -> 5 -> 7 -> 8 -> 1 [slot=16-16, slots=1]"
50,50042,lns,d44,98,1,2,0,4,1 -> 3 -> 2,0 -> 9 -> 4,"IP 1->3 maps OPT 0->9: LP#59: 0 -> 4 -> 2 -> 7 -> 8 -> 1 -> 6 -> 9 [slot=21-21, slots=1]; LP#60: 0 -> 4 -> 2 -> 7 -> 3 -> 6 -> 9 [slot=6-6, slots=1]; LP#61: 0 -> 4 -> 2 -> 7 -> 8 -> 1 -> 5 -> 9 [slot=22-22, slots=1]; LP#62: 0 -> 4 -> 2 -> 7 -> 8 -> 1 -> 6 -> 9 [slot=23-23, slots=1]; LP#63: 0 -> 4 -> 2 -> 7 -> 8 -> 1 -> 5 -> 9 [slot=24-24, slots=1]; LP#64: 0 -> 4 -> 2 -> 6 -> 9 [slot=1-1, slots=1]; LP#65: 0 -> 4 -> 2 -> 6 -> 1 -> 5 -> 9 [slot=10-10, slots=1]; LP#66: 0 -> 4 -> 2 -> 6 -> 9 [slot=13-13, slots=1]; LP#67: 0 -> 4 -> 2 -> 7 -> 5 -> 9 [slot=14-14, slots=1]; LP#68: 0 -> 4 -> 2 -> 7 -> 5 -> 9 [slot=16-16, slots=1]; LP#69: 0 -> 4 -> 8 -> 7 -> 5 -> 9 [slot=12-12, slots=1] | IP 3->2 maps OPT 9->4: LP#123: 9 -> 6 -> 2 -> 7 -> 8 -> 4 [slot=10-10, slots=1]; LP#124: 9 -> 6 -> 1 -> 8 -> 7 -> 2 -> 4 [slot=19-19, slots=1]; LP#125: 9 -> 5 -> 1 -> 6 -> 2 -> 4 [slot=36-36, slots=1]; LP#126: 9 -> 6 -> 2 -> 7 -> 8 -> 4 [slot=27-27, slots=1]; LP#127: 9 -> 6 -> 1 -> 8 -> 7 -> 2 -> 4 [slot=37-37, slots=1]; LP#128: 9 -> 6 -> 1 -> 8 -> 4 [slot=16-16, slots=1]"
50,50042,lns,d45,58,0,1,1,0,0 -> 5 -> 1,1 -> 5 -> 0,"IP 0->5 maps OPT 1->5: LP#44: 1 -> 5 [slot=0-0, slots=1]; LP#46: 1 -> 8 -> 7 -> 2 -> 6 -> 9 -> 5 [slot=7-7, slots=1]; LP#47: 1 -> 8 -> 7 -> 3 -> 6 -> 9 -> 5 [slot=8-8, slots=1]; LP#48: 1 -> 8 -> 4 -> 2 -> 6 -> 9 -> 5 [slot=3-3, slots=1]; LP#49: 1 -> 8 -> 7 -> 3 -> 6 -> 9 -> 5 [slot=9-9, slots=1] | IP 5->1 maps OPT 5->0: LP#50: 5 -> 7 -> 2 -> 4 -> 0 [slot=14-14, slots=1]; LP#51: 5 -> 1 -> 6 -> 2 -> 7 -> 8 -> 4 -> 0 [slot=1-1, slots=1]; LP#52: 5 -> 1 -> 8 -> 4 -> 0 [slot=13-13, slots=1]; LP#55: 5 -> 7 -> 8 -> 4 -> 0 [slot=20-20, slots=1]; LP#56: 5 -> 1 -> 8 -> 4 -> 0 [slot=15-15, slots=1]; LP#58: 5 -> 1 -> 8 -> 4 -> 0 [slot=17-17, slots=1]"
50,50042,lns,d46,84,4,1,6,0,4 -> 3 -> 1,6 -> 9 -> 0,"IP 4->3 maps OPT 6->9: LP#9: 6 -> 2 -> 7 -> 8 -> 1 -> 5 -> 9 [slot=5-5, slots=1]; LP#10: 6 -> 1 -> 8 -> 7 -> 5 -> 9 [slot=1-1, slots=1]; LP#12: 6 -> 2 -> 7 -> 8 -> 1 -> 5 -> 9 [slot=7-7, slots=1]; LP#13: 6 -> 1 -> 5 -> 9 [slot=2-2, slots=1]; LP#14: 6 -> 1 -> 5 -> 9 [slot=8-8, slots=1]; LP#15: 6 -> 9 [slot=0-0, slots=1] | IP 3->1 maps OPT 9->0: LP#70: 9 -> 5 -> 1 -> 8 -> 4 -> 0 [slot=21-21, slots=1]; LP#72: 9 -> 6 -> 2 -> 4 -> 0 [slot=2-2, slots=1]; LP#74: 9 -> 5 -> 7 -> 2 -> 4 -> 0 [slot=22-22, slots=1]; LP#75: 9 -> 5 -> 7 -> 2 -> 4 -> 0 [slot=23-23, slots=1]; LP#76: 9 -> 5 -> 1 -> 8 -> 4 -> 0 [slot=24-24, slots=1]; LP#77: 9 -> 5 -> 1 -> 6 -> 2 -> 4 -> 0 [slot=26-26, slots=1]"
50,50042,lns,d47,45,1,5,0,5,1 -> 3 -> 4 -> 5,0 -> 9 -> 6 -> 5,"IP 1->3 maps OPT 0->9: LP#59: 0 -> 4 -> 2 -> 7 -> 8 -> 1 -> 6 -> 9 [slot=21-21, slots=1]; LP#60: 0 -> 4 -> 2 -> 7 -> 3 -> 6 -> 9 [slot=6-6, slots=1]; LP#61: 0 -> 4 -> 2 -> 7 -> 8 -> 1 -> 5 -> 9 [slot=22-22, slots=1]; LP#62: 0 -> 4 -> 2 -> 7 -> 8 -> 1 -> 6 -> 9 [slot=23-23, slots=1]; LP#63: 0 -> 4 -> 2 -> 7 -> 8 -> 1 -> 5 -> 9 [slot=24-24, slots=1]; LP#64: 0 -> 4 -> 2 -> 6 -> 9 [slot=1-1, slots=1]; LP#65: 0 -> 4 -> 2 -> 6 -> 1 -> 5 -> 9 [slot=10-10, slots=1]; LP#66: 0 -> 4 -> 2 -> 6 -> 9 [slot=13-13, slots=1]; LP#67: 0 -> 4 -> 2 -> 7 -> 5 -> 9 [slot=14-14, slots=1]; LP#68: 0 -> 4 -> 2 -> 7 -> 5 -> 9 [slot=16-16, slots=1]; LP#69: 0 -> 4 -> 8 -> 7 -> 5 -> 9 [slot=12-12, slots=1] | IP 3->4 maps OPT 9->6: LP#101: 9 -> 5 -> 7 -> 2 -> 6 [slot=30-30, slots=1]; LP#102: 9 -> 5 -> 7 -> 2 -> 6 [slot=32-32, slots=1]; LP#104: 9 -> 5 -> 7 -> 8 -> 1 -> 6 [slot=29-29, slots=1]; LP#105: 9 -> 5 -> 1 -> 6 [slot=20-20, slots=1]; LP#106: 9 -> 5 -> 7 -> 2 -> 6 [slot=33-33, slots=1]; LP#107: 9 -> 5 -> 1 -> 8 -> 7 -> 2 -> 6 [slot=34-34, slots=1]; LP#108: 9 -> 5 -> 7 -> 3 -> 6 [slot=15-15, slots=1]; LP#109: 9 -> 6 [slot=1-1, slots=1]; LP#110: 9 -> 5 -> 1 -> 6 [slot=27-27, slots=1]; LP#111: 9 -> 5 -> 7 -> 2 -> 6 [slot=35-35, slots=1] | IP 4->5 maps OPT 6->5: LP#116: 6 -> 2 -> 7 -> 5 [slot=9-9, slots=1]; LP#117: 6 -> 2 -> 4 -> 8 -> 1 -> 5 [slot=31-31, slots=1]; LP#120: 6 -> 2 -> 4 -> 8 -> 7 -> 5 [slot=29-29, slots=1]; LP#121: 6 -> 9 -> 5 [slot=4-4, slots=1]; LP#122: 6 -> 1 -> 8 -> 4 -> 2 -> 7 -> 5 [slot=35-35, slots=1]"
50,50042,lns,d48,92,2,1,4,0,2 -> 3 -> 4 -> 5 -> 1,4 -> 9 -> 6 -> 5 -> 0,"IP 2->3 maps OPT 4->9: LP#79: 4 -> 8 -> 1 -> 6 -> 9 [slot=11-11, slots=1]; LP#80: 4 -> 8 -> 7 -> 2 -> 6 -> 9 [slot=15-15, slots=1]; LP#81: 4 -> 2 -> 7 -> 5 -> 9 [slot=17-17, slots=1]; LP#82: 4 -> 2 -> 6 -> 9 [slot=19-19, slots=1]; LP#83: 4 -> 2 -> 7 -> 8 -> 1 -> 5 -> 9 [slot=26-26, slots=1]; LP#84: 4 -> 8 -> 7 -> 2 -> 6 -> 9 [slot=20-20, slots=1]; LP#85: 4 -> 8 -> 1 -> 6 -> 9 [slot=25-25, slots=1]; LP#86: 4 -> 2 -> 7 -> 5 -> 9 [slot=18-18, slots=1]; LP#87: 4 -> 2 -> 6 -> 1 -> 5 -> 9 [slot=25-25, slots=1]; LP#88: 4 -> 2 -> 7 -> 5 -> 9 [slot=20-20, slots=1]; LP#89: 4 -> 2 -> 6 -> 9 [slot=27-27, slots=1]; LP#90: 4 -> 8 -> 1 -> 6 -> 9 [slot=28-28, slots=1]; LP#91: 4 -> 2 -> 6 -> 9 [slot=29-29, slots=1] | IP 3->4 maps OPT 9->6: LP#101: 9 -> 5 -> 7 -> 2 -> 6 [slot=30-30, slots=1]; LP#102: 9 -> 5 -> 7 -> 2 -> 6 [slot=32-32, slots=1]; LP#104: 9 -> 5 -> 7 -> 8 -> 1 -> 6 [slot=29-29, slots=1]; LP#105: 9 -> 5 -> 1 -> 6 [slot=20-20, slots=1]; LP#106: 9 -> 5 -> 7 -> 2 -> 6 [slot=33-33, slots=1]; LP#107: 9 -> 5 -> 1 -> 8 -> 7 -> 2 -> 6 [slot=34-34, slots=1]; LP#108: 9 -> 5 -> 7 -> 3 -> 6 [slot=15-15, slots=1]; LP#109: 9 -> 6 [slot=1-1, slots=1]; LP#110: 9 -> 5 -> 1 -> 6 [slot=27-27, slots=1]; LP#111: 9 -> 5 -> 7 -> 2 -> 6 [slot=35-35, slots=1] | IP 4->5 maps OPT 6->5: LP#116: 6 -> 2 -> 7 -> 5 [slot=9-9, slots=1]; LP#117: 6 -> 2 -> 4 -> 8 -> 1 -> 5 [slot=31-31, slots=1]; LP#120: 6 -> 2 -> 4 -> 8 -> 7 -> 5 [slot=29-29, slots=1]; LP#121: 6 -> 9 -> 5 [slot=4-4, slots=1]; LP#122: 6 -> 1 -> 8 -> 4 -> 2 -> 7 -> 5 [slot=35-35, slots=1] | IP 5->1 maps OPT 5->0: LP#50: 5 -> 7 -> 2 -> 4 -> 0 [slot=14-14, slots=1]; LP#51: 5 -> 1 -> 6 -> 2 -> 7 -> 8 -> 4 -> 0 [slot=1-1, slots=1]; LP#52: 5 -> 1 -> 8 -> 4 -> 0 [slot=13-13, slots=1]; LP#55: 5 -> 7 -> 8 -> 4 -> 0 [slot=20-20, slots=1]; LP#56: 5 -> 1 -> 8 -> 4 -> 0 [slot=15-15, slots=1]; LP#58: 5 -> 1 -> 8 -> 4 -> 0 [slot=17-17, slots=1]"
50,50042,lns,d49,43,2,4,4,6,2 -> 3 -> 0 -> 5 -> 4,4 -> 9 -> 1 -> 5 -> 6,"IP 2->3 maps OPT 4->9: LP#79: 4 -> 8 -> 1 -> 6 -> 9 [slot=11-11, slots=1]; LP#80: 4 -> 8 -> 7 -> 2 -> 6 -> 9 [slot=15-15, slots=1]; LP#81: 4 -> 2 -> 7 -> 5 -> 9 [slot=17-17, slots=1]; LP#82: 4 -> 2 -> 6 -> 9 [slot=19-19, slots=1]; LP#83: 4 -> 2 -> 7 -> 8 -> 1 -> 5 -> 9 [slot=26-26, slots=1]; LP#84: 4 -> 8 -> 7 -> 2 -> 6 -> 9 [slot=20-20, slots=1]; LP#85: 4 -> 8 -> 1 -> 6 -> 9 [slot=25-25, slots=1]; LP#86: 4 -> 2 -> 7 -> 5 -> 9 [slot=18-18, slots=1]; LP#87: 4 -> 2 -> 6 -> 1 -> 5 -> 9 [slot=25-25, slots=1]; LP#88: 4 -> 2 -> 7 -> 5 -> 9 [slot=20-20, slots=1]; LP#89: 4 -> 2 -> 6 -> 9 [slot=27-27, slots=1]; LP#90: 4 -> 8 -> 1 -> 6 -> 9 [slot=28-28, slots=1]; LP#91: 4 -> 2 -> 6 -> 9 [slot=29-29, slots=1] | IP 3->0 maps OPT 9->1: LP#27: 9 -> 5 -> 7 -> 8 -> 1 [slot=13-13, slots=1]; LP#28: 9 -> 6 -> 3 -> 7 -> 8 -> 1 [slot=3-3, slots=1]; LP#29: 9 -> 6 -> 1 [slot=5-5, slots=1]; LP#30: 9 -> 6 -> 3 -> 7 -> 8 -> 1 [slot=14-14, slots=1]; LP#32: 9 -> 6 -> 1 [slot=6-6, slots=1]; LP#33: 9 -> 6 -> 2 -> 7 -> 8 -> 1 [slot=15-15, slots=1]; LP#34: 9 -> 5 -> 7 -> 8 -> 1 [slot=16-16, slots=1] | IP 0->5 maps OPT 1->5: LP#44: 1 -> 5 [slot=0-0, slots=1]; LP#46: 1 -> 8 -> 7 -> 2 -> 6 -> 9 -> 5 [slot=7-7, slots=1]; LP#47: 1 -> 8 -> 7 -> 3 -> 6 -> 9 -> 5 [slot=8-8, slots=1]; LP#48: 1 -> 8 -> 4 -> 2 -> 6 -> 9 -> 5 [slot=3-3, slots=1]; LP#49: 1 -> 8 -> 7 -> 3 -> 6 -> 9 -> 5 [slot=9-9, slots=1] | IP 5->4 maps OPT 5->6: LP#17: 5 -> 7 -> 2 -> 6 [slot=5-5, slots=1]; LP#18: 5 -> 1 -> 8 -> 4 -> 2 -> 6 [slot=2-2, slots=1]; LP#20: 5 -> 9 -> 6 [slot=4-4, slots=1]; LP#21: 5 -> 1 -> 8 -> 7 -> 2 -> 6 [slot=6-6, slots=1]; LP#25: 5 -> 1 -> 8 -> 7 -> 3 -> 6 [slot=4-4, slots=1]"
